EmployeeNumber,Age,Gender,MaritalStatus,Education,EducationField,Department,JobRole,JobLevel,BusinessTravel,OverTime,DistanceFromHome,DailyRate,HourlyRate,MonthlyIncome,MonthlyRate,PercentSalaryHike,StockOptionLevel,TotalWorkingYears,YearsAtCompany,YearsInCurrentRole,YearsSinceLastPromotion,YearsWithCurrManager,NumCompaniesWorked,TrainingTimesLastYear,EnvironmentSatisfaction,JobInvolvement,JobSatisfaction,RelationshipSatisfaction,WorkLifeBalance,PerformanceRating,Attrition,AgeGroup,TenureGroup,ExperienceGroup,SalaryBand,DistanceGroup
1,41,Female,Single,2,"Life Sciences",Sales,"Sales Executive",2,Travel_Rarely,Yes,1,1102,94,5993,19479,11,0,8,6,4,0,5,8,0,2,3,4,1,1,3,Yes,35-44,"5-7 Years","6-10 Years",Lower-Middle,"0-5 Miles"
2,49,Male,Married,1,"Life Sciences","Research & Development","Research Scientist",2,Travel_Frequently,No,8,279,61,5130,24907,23,1,10,10,7,1,7,1,3,3,2,2,4,3,4,No,45-54,"8-10 Years","6-10 Years",Lower-Middle,"6-10 Miles"
4,37,Male,Single,2,Other,"Research & Development","Laboratory Technician",1,Travel_Rarely,Yes,2,1373,92,2090,2396,15,0,7,0,0,0,0,6,3,4,2,3,2,3,3,Yes,35-44,"<2 Years","6-10 Years",Low,"0-5 Miles"
5,33,Female,Married,4,"Life Sciences","Research & Development","Research Scientist",1,Travel_Frequently,Yes,3,1392,56,2909,23159,11,0,8,8,7,3,0,1,3,4,3,3,3,3,3,No,25-34,"8-10 Years","6-10 Years",Low,"0-5 Miles"
7,27,Male,Married,1,Medical,"Research & Development","Laboratory Technician",1,Travel_Rarely,No,2,591,40,3468,16632,12,1,6,2,2,2,2,9,3,1,3,2,4,3,3,No,25-34,"2-4 Years","6-10 Years",Lower-Middle,"0-5 Miles"
8,32,Male,Single,2,"Life Sciences","Research & Development","Laboratory Technician",1,Travel_Frequently,No,2,1005,79,3068,11864,13,0,8,7,7,3,6,0,2,4,3,4,3,2,3,No,25-34,"5-7 Years","6-10 Years",Lower-Middle,"0-5 Miles"
10,59,Female,Married,3,Medical,"Research & Development","Laboratory Technician",1,Travel_Rarely,Yes,3,1324,81,2670,9964,20,3,12,1,0,0,0,4,3,3,4,1,1,2,4,No,55+,"<2 Years","11-20 Years",Low,"0-5 Miles"
11,30,Male,Divorced,1,"Life Sciences","Research & Development","Laboratory Technician",1,Travel_Rarely,No,24,1358,67,2693,13335,22,1,1,1,0,0,0,1,2,4,3,3,2,3,4,No,25-34,"<2 Years","0-2 Years",Low,"21+ Miles"
12,38,Male,Single,3,"Life Sciences","Research & Development","Manufacturing Director",3,Travel_Frequently,No,23,216,44,9526,8787,21,0,10,9,7,1,8,0,2,4,2,3,2,3,4,No,35-44,"8-10 Years","6-10 Years",Upper-Middle,"21+ Miles"
13,36,Male,Married,3,Medical,"Research & Development","Healthcare Representative",2,Travel_Rarely,No,27,1299,94,5237,16577,13,2,17,7,7,7,7,6,3,3,3,3,2,2,3,No,35-44,"5-7 Years","11-20 Years",Lower-Middle,"21+ Miles"
14,35,Male,Married,3,Medical,"Research & Development","Laboratory Technician",1,Travel_Rarely,No,16,809,84,2426,16479,13,1,6,5,4,0,3,0,5,1,4,2,3,3,3,No,35-44,"5-7 Years","6-10 Years",Low,"11-20 Miles"
15,29,Female,Single,2,"Life Sciences","Research & Development","Laboratory Technician",2,Travel_Rarely,Yes,15,153,49,4193,12682,12,0,10,9,5,0,8,0,3,4,2,3,4,3,3,No,25-34,"8-10 Years","6-10 Years",Lower-Middle,"11-20 Miles"
16,31,Male,Divorced,1,"Life Sciences","Research & Development","Research Scientist",1,Travel_Rarely,No,26,670,31,2911,15170,17,1,5,5,2,4,3,1,1,1,3,3,4,2,3,No,25-34,"5-7 Years","3-5 Years",Low,"21+ Miles"
18,34,Male,Divorced,2,Medical,"Research & Development","Laboratory Technician",1,Travel_Rarely,No,19,1346,93,2661,8758,11,1,3,2,2,1,2,0,2,2,3,4,3,3,3,No,25-34,"2-4 Years","3-5 Years",Low,"11-20 Miles"
19,28,Male,Single,3,"Life Sciences","Research & Development","Laboratory Technician",1,Travel_Rarely,Yes,24,103,50,2028,12947,14,0,6,4,2,0,3,5,4,3,2,3,2,3,3,Yes,25-34,"2-4 Years","6-10 Years",Low,"21+ Miles"
20,29,Female,Divorced,4,"Life Sciences","Research & Development","Manufacturing Director",3,Travel_Rarely,No,21,1389,51,9980,10195,11,1,10,10,9,8,8,1,1,2,4,1,3,3,3,No,25-34,"8-10 Years","6-10 Years",Upper-Middle,"21+ Miles"
21,32,Male,Divorced,2,"Life Sciences","Research & Development","Research Scientist",1,Travel_Rarely,Yes,5,334,80,3298,15053,12,2,7,6,2,0,5,0,5,1,4,2,4,2,3,No,25-34,"5-7 Years","6-10 Years",Lower-Middle,"0-5 Miles"
22,22,Male,Divorced,2,Medical,"Research & Development","Laboratory Technician",1,Non-Travel,Yes,16,1123,96,2935,7324,13,2,1,1,0,0,0,1,2,4,4,4,2,2,3,No,"Under 25","<2 Years","0-2 Years",Low,"11-20 Miles"
23,53,Female,Married,4,"Life Sciences",Sales,Manager,4,Travel_Rarely,No,2,1219,78,15427,22021,16,0,31,25,8,3,7,2,3,1,2,4,3,3,3,No,45-54,"11+ Years","21+ Years",High,"0-5 Miles"
24,38,Male,Single,3,"Life Sciences","Research & Development","Research Scientist",1,Travel_Rarely,Yes,2,371,45,3944,4306,11,0,6,3,2,1,2,5,3,4,3,4,3,3,3,No,35-44,"2-4 Years","6-10 Years",Lower-Middle,"0-5 Miles"
26,24,Female,Divorced,2,Other,"Research & Development","Manufacturing Director",2,Non-Travel,No,11,673,96,4011,8232,18,1,5,4,2,1,3,0,5,1,4,3,4,2,3,No,"Under 25","2-4 Years","3-5 Years",Lower-Middle,"11-20 Miles"
27,36,Male,Single,4,"Life Sciences",Sales,"Sales Representative",1,Travel_Rarely,No,9,1218,82,3407,6986,23,0,10,5,3,0,3,7,4,3,2,1,2,3,4,Yes,35-44,"5-7 Years","6-10 Years",Lower-Middle,"6-10 Miles"
28,34,Female,Single,4,"Life Sciences","Research & Development","Research Director",3,Travel_Rarely,No,7,419,53,11994,21293,11,0,13,12,6,2,11,0,4,1,3,2,3,3,3,No,25-34,"11+ Years","11-20 Years",High,"6-10 Miles"
30,21,Male,Single,2,"Life Sciences","Research & Development","Research Scientist",1,Travel_Rarely,No,15,391,96,1232,19281,14,0,0,0,0,0,0,1,6,3,3,4,4,3,3,No,"Under 25","<2 Years","0-2 Years",Low,"11-20 Miles"
31,34,Male,Single,1,Medical,"Research & Development","Research Scientist",1,Travel_Rarely,No,6,699,83,2960,17102,11,0,8,4,2,1,3,2,2,2,3,1,3,3,3,Yes,25-34,"2-4 Years","6-10 Years",Low,"6-10 Miles"
32,53,Female,Divorced,3,Other,"Research & Development",Manager,5,Travel_Rarely,No,5,1282,58,19094,10735,11,1,26,14,13,4,8,4,3,3,3,3,4,2,3,No,45-54,"11+ Years","21+ Years",High,"0-5 Miles"
33,32,Female,Single,1,"Life Sciences","Research & Development","Research Scientist",1,Travel_Frequently,Yes,16,1125,72,3919,4681,22,0,10,10,2,6,7,1,5,2,1,1,2,3,4,Yes,25-34,"8-10 Years","6-10 Years",Lower-Middle,"11-20 Miles"
35,42,Male,Married,4,Marketing,Sales,"Sales Executive",2,Travel_Rarely,No,8,691,48,6825,21173,11,1,10,9,7,4,2,0,2,3,3,2,4,3,3,No,35-44,"8-10 Years","6-10 Years",Upper-Middle,"6-10 Miles"
36,44,Female,Married,4,Medical,"Research & Development","Healthcare Representative",3,Travel_Rarely,No,7,477,42,10248,2094,14,1,24,22,6,5,17,3,4,1,2,4,4,3,3,No,35-44,"11+ Years","21+ Years",High,"6-10 Miles"
38,46,Female,Single,4,Marketing,Sales,Manager,5,Travel_Rarely,No,2,705,83,18947,22822,12,0,22,2,2,2,1,3,2,2,3,1,4,2,3,No,45-54,"2-4 Years","21+ Years",High,"0-5 Miles"
39,33,Male,Single,3,Medical,"Research & Development","Laboratory Technician",1,Travel_Rarely,No,2,924,78,2496,6670,11,0,7,1,1,0,0,4,3,3,3,4,4,3,3,No,25-34,"<2 Years","6-10 Years",Low,"0-5 Miles"
40,44,Male,Married,4,Other,"Research & Development","Healthcare Representative",2,Travel_Rarely,Yes,10,1459,41,6465,19121,13,0,9,4,2,1,3,2,5,4,3,4,4,4,3,No,35-44,"2-4 Years","6-10 Years",Upper-Middle,"6-10 Miles"
41,30,Male,Single,2,Medical,"Research & Development","Laboratory Technician",1,Travel_Rarely,No,9,125,83,2206,16117,13,0,10,10,0,1,8,1,5,4,2,3,1,3,3,No,25-34,"8-10 Years","6-10 Years",Low,"6-10 Miles"
42,39,Male,Married,3,"Technical Degree",Sales,"Sales Representative",2,Travel_Rarely,No,5,895,56,2086,3335,14,1,19,1,0,0,0,3,6,4,3,4,3,4,3,Yes,35-44,"<2 Years","11-20 Years",Low,"0-5 Miles"
45,24,Male,Married,3,Medical,"Research & Development","Research Scientist",1,Travel_Rarely,Yes,1,813,61,2293,3020,16,1,6,2,0,2,0,2,2,2,3,4,1,2,3,Yes,"Under 25","2-4 Years","6-10 Years",Low,"0-5 Miles"
46,43,Female,Divorced,2,Medical,"Research & Development","Research Scientist",1,Travel_Rarely,No,2,1273,72,2645,21923,12,2,6,5,3,1,4,1,3,4,4,3,4,2,3,No,35-44,"5-7 Years","6-10 Years",Low,"0-5 Miles"
47,50,Male,Married,2,Marketing,Sales,"Sales Representative",1,Travel_Rarely,Yes,3,869,86,2683,3810,14,0,3,3,2,0,2,1,2,1,2,3,3,3,3,Yes,45-54,"2-4 Years","3-5 Years",Low,"0-5 Miles"
49,35,Female,Married,3,Marketing,Sales,"Sales Representative",1,Travel_Rarely,No,2,890,97,2014,9687,13,0,2,2,2,2,2,1,3,4,3,4,1,3,3,No,35-44,"2-4 Years","0-2 Years",Low,"0-5 Miles"
51,36,Female,Married,4,"Life Sciences","Research & Development","Research Scientist",1,Travel_Rarely,Yes,5,852,82,3419,13072,14,1,6,1,1,0,0,9,3,2,2,1,4,4,3,No,35-44,"<2 Years","6-10 Years",Lower-Middle,"0-5 Miles"
52,33,Female,Married,3,"Life Sciences",Sales,"Sales Executive",2,Travel_Frequently,No,1,1141,42,5376,3193,19,2,10,5,3,1,3,2,3,3,4,1,1,3,3,No,25-34,"5-7 Years","6-10 Years",Lower-Middle,"0-5 Miles"
53,35,Male,Divorced,2,Other,"Research & Development","Laboratory Technician",1,Travel_Rarely,No,4,464,75,1951,10910,12,1,1,1,0,0,0,1,3,3,3,4,3,3,3,No,35-44,"<2 Years","0-2 Years",Low,"0-5 Miles"
54,27,Female,Divorced,4,"Life Sciences","Research & Development","Laboratory Technician",1,Travel_Rarely,No,2,1240,33,2341,19715,13,1,1,1,0,0,0,1,6,4,3,1,4,3,3,No,25-34,"<2 Years","0-2 Years",Low,"0-5 Miles"
55,26,Male,Single,3,"Life Sciences","Research & Development","Laboratory Technician",1,Travel_Rarely,No,25,1357,48,2293,10558,12,0,1,1,0,0,1,1,2,1,1,3,3,2,3,Yes,25-34,"<2 Years","0-2 Years",Low,"21+ Miles"
56,27,Male,Single,3,"Life Sciences",Sales,"Sales Executive",3,Travel_Frequently,No,8,994,37,8726,2975,15,0,9,9,8,1,7,1,0,4,3,3,4,3,3,No,25-34,"8-10 Years","6-10 Years",Upper-Middle,"6-10 Miles"
57,30,Female,Single,2,Medical,"Research & Development","Laboratory Technician",2,Travel_Frequently,No,1,721,58,4011,10781,23,0,12,12,8,3,7,1,2,3,3,4,4,3,4,No,25-34,"11+ Years","11-20 Years",Lower-Middle,"0-5 Miles"
58,41,Female,Married,3,"Technical Degree","Research & Development","Research Director",5,Travel_Rarely,No,12,1360,49,19545,16280,12,0,23,22,15,15,8,1,0,2,3,3,4,3,3,Yes,35-44,"11+ Years","21+ Years",High,"11-20 Miles"
60,34,Male,Single,4,Marketing,Sales,"Sales Executive",2,Non-Travel,No,23,1065,72,4568,10034,20,0,10,9,5,8,7,0,2,2,3,3,3,3,4,No,25-34,"8-10 Years","6-10 Years",Lower-Middle,"21+ Miles"
61,37,Male,Married,2,"Life Sciences","Research & Development","Research Scientist",1,Travel_Rarely,No,19,408,73,3022,10227,21,0,8,1,0,0,0,4,1,2,3,2,1,3,4,No,35-44,"<2 Years","6-10 Years",Lower-Middle,"11-20 Miles"
62,46,Male,Single,4,Marketing,Sales,"Sales Executive",2,Travel_Frequently,Yes,5,1211,98,5772,20445,21,0,14,9,6,0,8,4,4,1,3,4,3,3,4,No,45-54,"8-10 Years","11-20 Years",Lower-Middle,"0-5 Miles"
63,35,Male,Married,1,"Life Sciences","Research & Development","Laboratory Technician",1,Travel_Rarely,No,8,1229,36,2269,4892,19,0,1,1,0,0,1,1,2,4,4,4,4,3,3,No,35-44,"<2 Years","0-2 Years",Low,"6-10 Miles"
64,48,Male,Single,2,"Life Sciences","Research & Development","Laboratory Technician",3,Travel_Rarely,Yes,1,626,98,5381,19294,13,0,23,1,0,0,0,9,2,1,2,3,4,3,3,Yes,45-54,"<2 Years","21+ Years",Lower-Middle,"0-5 Miles"
65,28,Male,Single,4,"Technical Degree","Research & Development","Laboratory Technician",1,Travel_Rarely,Yes,5,1434,50,3441,11179,13,0,2,2,2,2,2,1,3,3,3,3,3,2,3,Yes,25-34,"2-4 Years","0-2 Years",Lower-Middle,"0-5 Miles"
68,44,Female,Divorced,5,Marketing,Sales,"Sales Executive",2,Travel_Rarely,Yes,1,1488,75,5454,4009,21,1,9,4,3,1,3,5,2,2,3,1,3,2,4,No,35-44,"2-4 Years","6-10 Years",Lower-Middle,"0-5 Miles"
70,35,Male,Married,2,Medical,"Research & Development","Healthcare Representative",3,Non-Travel,Yes,11,1097,79,9884,8302,13,1,10,4,0,2,3,2,3,3,2,1,3,3,3,No,35-44,"2-4 Years","6-10 Years",Upper-Middle,"11-20 Miles"
72,26,Female,Married,3,Marketing,Sales,"Sales Executive",2,Travel_Rarely,Yes,23,1443,47,4157,21436,19,1,5,2,2,0,0,7,2,3,2,4,3,2,3,No,25-34,"2-4 Years","3-5 Years",Lower-Middle,"21+ Miles"
73,33,Female,Single,2,"Life Sciences","Research & Development","Research Director",3,Travel_Frequently,Yes,1,515,98,13458,15146,12,0,15,15,14,8,12,1,1,1,3,4,3,3,3,No,25-34,"11+ Years","11-20 Years",High,"0-5 Miles"
74,35,Male,Married,5,"Life Sciences",Sales,"Sales Executive",3,Travel_Frequently,No,18,853,71,9069,11031,22,1,9,9,8,1,8,1,3,2,3,1,4,2,4,No,35-44,"8-10 Years","6-10 Years",Upper-Middle,"11-20 Miles"
75,35,Female,Married,4,Medical,"Research & Development","Laboratory Technician",1,Travel_Rarely,Yes,23,1142,30,4014,16002,15,1,4,2,2,2,2,3,3,3,3,1,3,3,3,No,35-44,"2-4 Years","3-5 Years",Lower-Middle,"21+ Miles"
76,31,Male,Divorced,4,"Life Sciences","Research & Development","Laboratory Technician",2,Travel_Rarely,No,7,655,48,5915,9528,22,1,10,7,7,1,7,3,3,4,3,4,4,2,4,No,25-34,"5-7 Years","6-10 Years",Lower-Middle,"6-10 Miles"
77,37,Male,Divorced,4,"Life Sciences","Research & Development","Manufacturing Director",2,Travel_Rarely,No,1,1115,51,5993,2689,18,1,7,7,5,0,7,1,2,1,2,3,3,4,3,No,35-44,"5-7 Years","6-10 Years",Lower-Middle,"0-5 Miles"
78,32,Male,Married,3,Medical,"Research & Development","Manufacturing Director",2,Travel_Rarely,Yes,1,427,33,6162,10877,22,1,9,9,8,7,8,1,3,1,3,4,2,3,4,No,25-34,"8-10 Years","6-10 Years",Upper-Middle,"0-5 Miles"
79,38,Female,Single,5,"Life Sciences","Research & Development","Laboratory Technician",2,Travel_Frequently,No,29,653,50,2406,5456,11,0,10,10,3,9,9,1,2,4,3,4,4,3,3,No,35-44,"8-10 Years","6-10 Years",Low,"21+ Miles"
80,50,Female,Divorced,2,Medical,"Research & Development","Research Director",5,Travel_Rarely,Yes,7,989,43,18740,16701,12,1,29,27,3,13,8,5,2,2,2,3,4,2,3,No,45-54,"11+ Years","21+ Years",High,"6-10 Miles"
81,59,Female,Single,3,"Life Sciences",Sales,"Sales Executive",3,Travel_Rarely,No,25,1435,99,7637,2354,11,0,28,21,16,7,9,7,3,1,3,1,4,2,3,No,55+,"11+ Years","21+ Years",Upper-Middle,"21+ Miles"
83,36,Female,Divorced,3,"Technical Degree","Research & Development","Healthcare Representative",3,Travel_Rarely,No,8,1223,59,10096,8202,13,3,17,17,14,12,8,1,2,3,3,3,2,3,3,No,35-44,"11+ Years","11-20 Years",High,"6-10 Miles"
84,55,Female,Divorced,3,Medical,"Research & Development",Manager,4,Travel_Rarely,Yes,8,836,33,14756,19730,14,3,21,5,0,0,2,2,2,4,3,3,3,3,3,No,55+,"5-7 Years","21+ Years",High,"6-10 Miles"
85,36,Male,Single,3,"Life Sciences","Research & Development","Manufacturing Director",2,Travel_Frequently,No,11,1195,95,6499,22656,13,0,6,6,5,0,3,1,3,2,2,2,3,3,3,No,35-44,"5-7 Years","6-10 Years",Upper-Middle,"11-20 Miles"
86,45,Male,Divorced,3,"Life Sciences","Research & Development","Research Scientist",3,Travel_Rarely,No,7,1339,59,9724,18787,17,1,25,1,0,0,0,2,2,2,3,1,3,3,3,No,45-54,"<2 Years","21+ Years",Upper-Middle,"6-10 Miles"
88,35,Male,Married,3,Medical,"Research & Development","Research Scientist",1,Travel_Frequently,No,1,664,79,2194,5868,13,1,5,3,2,1,2,4,2,2,3,1,4,2,3,No,35-44,"2-4 Years","3-5 Years",Low,"0-5 Miles"
90,36,Male,Married,3,Medical,"Research & Development","Research Scientist",1,Travel_Rarely,Yes,9,318,79,3388,21777,17,1,2,1,0,0,0,0,0,4,2,3,1,2,3,Yes,35-44,"<2 Years","0-2 Years",Lower-Middle,"6-10 Miles"
91,59,Female,Single,1,"Life Sciences",Sales,"Sales Executive",2,Travel_Frequently,No,1,1225,57,5473,24668,11,0,20,4,3,1,3,7,2,1,2,3,4,2,3,No,55+,"2-4 Years","11-20 Years",Lower-Middle,"0-5 Miles"
94,29,Male,Married,3,"Life Sciences","Research & Development","Research Scientist",1,Travel_Rarely,No,2,1328,76,2703,4956,23,1,6,5,4,0,4,0,3,3,3,2,4,3,4,No,25-34,"5-7 Years","6-10 Years",Low,"0-5 Miles"
95,31,Male,Single,4,Medical,"Research & Development","Research Scientist",1,Travel_Rarely,No,1,1082,87,2501,18775,17,0,1,1,1,1,0,1,4,3,3,2,2,3,3,No,25-34,"<2 Years","0-2 Years",Low,"0-5 Miles"
96,32,Male,Married,3,"Life Sciences","Research & Development","Research Scientist",2,Travel_Rarely,No,1,548,66,6220,7346,17,2,10,10,4,0,9,1,3,2,3,2,2,3,3,No,25-34,"8-10 Years","6-10 Years",Upper-Middle,"0-5 Miles"
97,36,Female,Married,3,"Life Sciences","Research & Development","Laboratory Technician",1,Travel_Rarely,No,6,132,55,3038,22002,12,0,5,1,0,0,0,3,3,2,4,4,2,3,3,No,35-44,"<2 Years","3-5 Years",Lower-Middle,"6-10 Miles"
98,31,Female,Single,4,"Life Sciences","Research & Development","Manufacturing Director",2,Travel_Rarely,No,8,746,61,4424,20682,23,0,11,11,7,1,8,1,2,3,3,4,4,3,4,No,25-34,"11+ Years","11-20 Years",Lower-Middle,"6-10 Miles"
100,35,Male,Single,4,Marketing,Sales,"Sales Executive",2,Travel_Rarely,No,1,776,32,4312,23016,14,0,16,15,13,2,8,0,2,3,2,1,2,3,3,No,35-44,"11+ Years","11-20 Years",Lower-Middle,"0-5 Miles"
101,45,Male,Married,4,Other,"Research & Development","Research Director",3,Travel_Rarely,Yes,6,193,52,13245,15067,14,0,17,0,0,0,0,4,3,4,3,1,2,4,3,No,45-54,"<2 Years","11-20 Years",High,"6-10 Miles"
102,37,Male,Single,4,Medical,"Research & Development","Research Director",3,Travel_Rarely,No,7,397,30,13664,25258,13,0,16,5,2,0,2,4,3,1,3,3,1,4,3,No,35-44,"5-7 Years","11-20 Years",High,"6-10 Miles"
103,46,Male,Divorced,2,Medical,"Human Resources","Human Resources",2,Travel_Rarely,Yes,5,945,80,5021,10425,22,1,16,4,2,0,2,8,2,2,3,2,4,3,4,No,45-54,"2-4 Years","11-20 Years",Lower-Middle,"0-5 Miles"
104,30,Male,Married,1,"Life Sciences","Research & Development","Laboratory Technician",2,Travel_Rarely,Yes,1,852,55,5126,15998,12,2,10,10,8,3,0,1,1,4,2,4,3,2,3,No,25-34,"8-10 Years","6-10 Years",Lower-Middle,"0-5 Miles"
105,35,Male,Single,3,Medical,"Research & Development","Research Scientist",1,Travel_Rarely,No,1,1214,30,2859,26278,18,0,6,6,4,0,4,1,3,2,2,3,1,3,3,No,35-44,"5-7 Years","6-10 Years",Low,"0-5 Miles"
106,55,Male,Married,2,"Life Sciences",Sales,"Sales Executive",3,Travel_Rarely,No,1,111,70,10239,18092,14,1,24,1,0,1,0,3,4,1,3,4,4,3,3,No,55+,"<2 Years","21+ Years",High,"0-5 Miles"
107,38,Female,Divorced,3,Medical,"Research & Development","Research Scientist",2,Non-Travel,Yes,6,573,79,5329,15717,12,3,17,13,11,1,9,7,3,2,1,4,4,3,3,No,35-44,"11+ Years","11-20 Years",Lower-Middle,"6-10 Miles"
110,34,Male,Married,2,Medical,"Research & Development","Manufacturing Director",2,Travel_Rarely,No,1,1153,94,4325,17736,15,0,5,5,2,1,3,1,2,1,3,2,3,3,3,No,25-34,"5-7 Years","3-5 Years",Lower-Middle,"0-5 Miles"
112,56,Male,Single,3,"Life Sciences","Research & Development","Manufacturing Director",3,Travel_Rarely,No,7,1400,49,7260,21698,11,0,37,6,4,0,2,4,3,4,1,4,1,2,3,No,55+,"5-7 Years","21+ Years",Upper-Middle,"6-10 Miles"
113,23,Male,Divorced,1,"Technical Degree",Sales,"Sales Representative",1,Travel_Rarely,No,2,541,62,2322,9518,13,1,3,0,0,0,0,3,3,3,3,1,3,3,3,No,"Under 25","<2 Years","3-5 Years",Low,"0-5 Miles"
116,51,Male,Married,4,"Life Sciences","Research & Development","Laboratory Technician",1,Travel_Rarely,No,9,432,96,2075,18725,23,2,10,4,2,0,3,3,4,4,3,4,2,3,4,No,45-54,"2-4 Years","6-10 Years",Low,"6-10 Miles"
117,30,Male,Married,3,"Life Sciences","Research & Development","Healthcare Representative",2,Travel_Rarely,No,2,288,99,4152,15830,19,3,11,11,10,10,8,1,3,3,2,4,1,3,3,No,25-34,"11+ Years","11-20 Years",Lower-Middle,"0-5 Miles"
118,46,Male,Single,2,Medical,Sales,"Sales Executive",3,Travel_Rarely,No,9,669,64,9619,13596,16,0,9,9,8,4,7,1,3,3,2,4,4,3,3,Yes,45-54,"8-10 Years","6-10 Years",Upper-Middle,"6-10 Miles"
119,40,Male,Married,4,"Life Sciences","Research & Development","Healthcare Representative",4,Travel_Frequently,No,1,530,78,13503,14115,22,1,22,22,3,11,11,1,3,3,2,2,4,2,4,No,35-44,"11+ Years","21+ Years",High,"0-5 Miles"
120,51,Male,Single,4,Marketing,Sales,"Sales Executive",2,Travel_Rarely,Yes,21,632,71,5441,8423,22,0,11,10,7,1,0,0,2,3,3,4,4,1,4,No,45-54,"8-10 Years","11-20 Years",Lower-Middle,"21+ Miles"
121,30,Female,Divorced,2,Medical,Sales,"Sales Executive",2,Travel_Rarely,Yes,4,1334,63,5209,19760,12,3,11,11,8,2,7,1,4,3,2,2,2,2,3,No,25-34,"11+ Years","11-20 Years",Lower-Middle,"0-5 Miles"
124,46,Male,Married,3,Medical,"Research & Development","Healthcare Representative",3,Travel_Frequently,Yes,1,638,40,10673,3142,13,1,21,10,9,9,5,2,5,3,2,1,3,2,3,No,45-54,"8-10 Years","21+ Years",High,"0-5 Miles"
125,32,Male,Single,4,Medical,Sales,"Sales Executive",2,Travel_Rarely,No,6,1093,87,5010,24301,16,0,12,11,8,5,7,1,0,2,3,3,1,3,3,No,25-34,"11+ Years","11-20 Years",Lower-Middle,"6-10 Miles"
126,54,Female,Married,4,"Technical Degree","Research & Development","Research Director",3,Travel_Rarely,No,2,1217,60,13549,24001,12,1,16,4,3,0,3,9,5,1,3,3,1,1,3,No,45-54,"2-4 Years","11-20 Years",High,"0-5 Miles"
128,24,Female,Married,2,Other,Sales,"Sales Executive",2,Travel_Rarely,No,3,1353,33,4999,17519,21,1,4,3,2,0,2,0,2,1,3,3,1,2,4,No,"Under 25","2-4 Years","3-5 Years",Lower-Middle,"0-5 Miles"
129,28,Male,Married,3,Medical,Sales,"Sales Executive",2,Non-Travel,No,4,120,43,4221,8863,15,0,5,5,4,0,4,1,3,2,3,3,2,4,3,No,25-34,"5-7 Years","3-5 Years",Lower-Middle,"0-5 Miles"
131,58,Male,Single,4,Medical,Sales,"Sales Executive",4,Travel_Rarely,No,10,682,37,13872,24409,13,0,38,37,10,1,8,0,1,4,3,3,3,2,3,No,55+,"11+ Years","21+ Years",High,"6-10 Miles"
132,44,Male,Married,3,Medical,"Research & Development","Laboratory Technician",2,Non-Travel,No,23,489,67,2042,25043,12,1,17,3,2,1,2,4,3,2,3,2,3,4,3,No,35-44,"2-4 Years","11-20 Years",Low,"21+ Miles"
133,37,Male,Divorced,4,"Human Resources","Human Resources","Human Resources",1,Travel_Rarely,Yes,6,807,63,2073,23648,22,0,7,3,2,0,2,4,3,3,3,1,4,3,4,Yes,35-44,"2-4 Years","6-10 Years",Low,"6-10 Miles"
134,32,Male,Single,1,"Life Sciences","Research & Development","Research Scientist",1,Travel_Rarely,No,1,827,71,2956,15178,13,0,1,1,0,0,0,1,2,4,3,1,4,3,3,No,25-34,"<2 Years","0-2 Years",Low,"0-5 Miles"
137,20,Female,Single,3,"Life Sciences","Research & Development","Laboratory Technician",1,Travel_Frequently,Yes,6,871,66,2926,19783,18,0,1,1,0,1,0,1,5,4,2,4,2,3,3,Yes,"Under 25","<2 Years","0-2 Years",Low,"6-10 Miles"
138,34,Female,Single,4,Other,"Research & Development","Research Scientist",2,Travel_Rarely,No,6,665,41,4809,12482,14,0,16,16,13,2,10,1,3,1,3,3,3,3,3,No,25-34,"11+ Years","11-20 Years",Lower-Middle,"6-10 Miles"
139,37,Male,Divorced,2,"Life Sciences","Research & Development","Healthcare Representative",2,Non-Travel,No,2,1040,100,5163,15850,14,1,17,1,0,0,0,5,2,3,2,4,4,4,3,No,35-44,"<2 Years","11-20 Years",Lower-Middle,"0-5 Miles"
140,59,Female,Married,4,"Human Resources","Human Resources",Manager,5,Non-Travel,No,2,1420,32,18844,21922,21,1,30,3,2,2,2,9,3,3,2,4,4,3,4,No,55+,"2-4 Years","21+ Years",High,"0-5 Miles"
141,50,Female,Married,3,"Life Sciences","Research & Development","Research Director",5,Travel_Frequently,Yes,1,1115,73,18172,9755,19,0,28,8,3,0,7,3,1,1,3,2,1,2,3,No,45-54,"8-10 Years","21+ Years",High,"0-5 Miles"
142,25,Male,Single,3,Marketing,Sales,"Sales Executive",2,Travel_Rarely,Yes,5,240,46,5744,26959,11,0,6,6,4,0,3,1,1,3,2,3,4,3,3,Yes,25-34,"5-7 Years","6-10 Years",Lower-Middle,"0-5 Miles"
143,25,Male,Married,1,Medical,"Research & Development","Research Scientist",1,Travel_Rarely,No,7,1280,64,2889,26897,11,2,2,2,2,2,1,1,2,4,2,4,3,3,3,No,25-34,"2-4 Years","0-2 Years",Low,"6-10 Miles"
144,22,Female,Single,3,Medical,"Research & Development","Laboratory Technician",1,Travel_Rarely,No,15,534,59,2871,23785,15,0,1,0,0,0,0,1,5,2,3,4,3,3,3,No,"Under 25","<2 Years","0-2 Years",Low,"11-20 Miles"
145,51,Female,Single,4,Medical,"Research & Development","Healthcare Representative",3,Travel_Frequently,No,1,1456,30,7484,25796,20,0,23,13,12,12,8,3,1,1,2,1,3,2,4,No,45-54,"11+ Years","21+ Years",Upper-Middle,"0-5 Miles"
147,34,Male,Single,3,"Life Sciences","Research & Development","Laboratory Technician",2,Travel_Frequently,Yes,7,658,66,6074,22887,24,0,9,9,7,0,6,1,3,1,1,3,4,3,4,Yes,25-34,"8-10 Years","6-10 Years",Upper-Middle,"6-10 Miles"
148,54,Female,Single,3,"Human Resources","Human Resources",Manager,4,Non-Travel,Yes,26,142,30,17328,13871,12,0,23,5,3,4,4,2,3,4,4,4,3,3,3,No,45-54,"5-7 Years","21+ Years",High,"21+ Miles"
150,24,Male,Married,1,"Life Sciences","Research & Development","Laboratory Technician",1,Travel_Rarely,No,18,1127,52,2774,13257,12,1,6,5,3,1,2,0,2,2,3,3,3,3,3,No,"Under 25","5-7 Years","6-10 Years",Low,"11-20 Miles"
151,34,Female,Divorced,4,"Life Sciences","Research & Development","Research Scientist",2,Travel_Rarely,No,6,1031,45,4505,15000,15,1,12,1,0,0,0,6,3,3,2,2,3,3,3,No,25-34,"<2 Years","11-20 Years",Lower-Middle,"6-10 Miles"
152,37,Male,Single,3,"Life Sciences",Sales,"Sales Executive",3,Travel_Rarely,No,3,1189,87,7428,14506,12,0,12,5,3,1,3,2,3,3,3,4,1,3,3,No,35-44,"5-7 Years","11-20 Years",Upper-Middle,"0-5 Miles"
153,34,Female,Single,3,Medical,"Research & Development",Manager,3,Travel_Rarely,No,5,1354,45,11631,5615,12,0,14,11,10,5,8,2,6,3,2,1,4,3,3,No,25-34,"11+ Years","11-20 Years",High,"0-5 Miles"
154,36,Female,Married,2,"Technical Degree",Sales,"Sales Executive",3,Travel_Frequently,No,11,1467,92,9738,22952,14,1,10,9,7,2,8,0,6,2,3,4,3,3,3,No,35-44,"8-10 Years","6-10 Years",Upper-Middle,"11-20 Miles"
155,36,Female,Divorced,2,"Life Sciences","Research & Development","Laboratory Technician",1,Travel_Rarely,No,3,922,39,2835,2561,22,1,7,1,0,0,0,5,2,1,3,4,1,3,4,No,35-44,"<2 Years","6-10 Years",Low,"0-5 Miles"
158,43,Male,Married,2,"Life Sciences",Sales,Manager,4,Travel_Frequently,Yes,26,394,92,16959,19494,12,2,25,25,12,4,12,1,3,3,3,4,4,4,3,No,35-44,"11+ Years","21+ Years",High,"21+ Miles"
159,30,Male,Divorced,3,"Life Sciences","Research & Development","Research Scientist",1,Travel_Frequently,No,23,1312,96,2613,22310,25,3,10,10,7,0,9,1,2,1,1,3,3,2,4,No,25-34,"8-10 Years","6-10 Years",Low,"21+ Miles"
160,33,Male,Married,2,Marketing,Sales,"Sales Executive",2,Non-Travel,No,22,750,95,6146,15480,13,1,8,7,7,0,7,0,2,3,3,2,1,4,3,No,25-34,"5-7 Years","6-10 Years",Upper-Middle,"21+ Miles"
161,56,Female,Married,4,"Life Sciences","Research & Development","Research Scientist",1,Travel_Rarely,Yes,14,441,72,4963,4510,18,3,7,5,4,4,3,9,2,2,3,2,1,3,3,Yes,55+,"5-7 Years","6-10 Years",Lower-Middle,"11-20 Miles"
162,51,Male,Single,3,"Life Sciences","Research & Development","Research Director",5,Travel_Rarely,No,6,684,51,19537,6462,13,0,23,20,18,15,15,7,5,1,3,3,3,3,3,No,45-54,"11+ Years","21+ Years",High,"6-10 Miles"
163,31,Male,Married,4,"Life Sciences",Sales,"Sales Executive",2,Travel_Rarely,Yes,6,249,76,6172,20739,18,0,12,7,7,7,7,4,3,2,1,3,2,2,3,Yes,25-34,"5-7 Years","11-20 Years",Upper-Middle,"6-10 Miles"
164,26,Female,Married,3,Other,"Research & Development","Research Scientist",1,Travel_Rarely,No,6,841,46,2368,23300,19,0,5,5,4,4,3,1,3,3,2,2,3,2,3,No,25-34,"5-7 Years","3-5 Years",Low,"6-10 Miles"
165,58,Female,Married,4,Medical,"Research & Development","Healthcare Representative",3,Travel_Rarely,No,23,147,94,10312,3465,12,1,40,40,10,15,6,1,3,4,3,4,4,2,3,Yes,55+,"11+ Years","21+ Years",High,"21+ Miles"
167,19,Male,Single,1,Marketing,Sales,"Sales Representative",1,Travel_Rarely,Yes,22,528,50,1675,26820,19,0,0,0,0,0,0,1,2,4,3,3,4,2,3,Yes,"Under 25","<2 Years","0-2 Years",Low,"21+ Miles"
169,22,Male,Married,1,"Technical Degree","Research & Development","Laboratory Technician",1,Travel_Rarely,No,2,594,100,2523,19299,14,1,3,2,1,2,1,0,2,3,3,4,3,3,3,No,"Under 25","2-4 Years","3-5 Years",Low,"0-5 Miles"
170,49,Female,Married,4,Medical,"Research & Development","Manufacturing Director",2,Travel_Rarely,No,20,470,96,6567,5549,14,0,16,15,11,5,11,1,2,3,3,1,3,2,3,No,45-54,"11+ Years","11-20 Years",Upper-Middle,"11-20 Miles"
171,43,Female,Single,3,Medical,"Research & Development","Research Scientist",1,Travel_Frequently,No,28,957,72,4739,16090,12,0,18,3,2,1,2,4,2,2,4,3,4,3,3,No,35-44,"2-4 Years","11-20 Years",Lower-Middle,"21+ Miles"
174,50,Female,Single,3,Marketing,Sales,"Sales Executive",3,Travel_Frequently,No,12,809,77,9208,6645,11,0,16,2,2,2,1,4,3,3,3,4,4,3,3,No,45-54,"2-4 Years","11-20 Years",Upper-Middle,"11-20 Miles"
175,31,Female,Married,3,"Life Sciences",Sales,"Sales Executive",2,Travel_Rarely,Yes,20,542,71,4559,24788,11,1,4,2,2,2,2,3,2,2,1,3,3,3,3,Yes,25-34,"2-4 Years","3-5 Years",Lower-Middle,"11-20 Miles"
176,41,Male,Divorced,1,"Life Sciences",Sales,"Sales Executive",3,Travel_Rarely,Yes,9,802,96,8189,21196,13,1,12,9,7,0,7,3,2,3,3,3,3,3,3,No,35-44,"8-10 Years","11-20 Years",Upper-Middle,"6-10 Miles"
177,26,Female,Married,1,"Life Sciences","Human Resources","Human Resources",1,Travel_Rarely,No,25,1355,61,2942,8916,23,1,8,8,7,5,7,1,3,3,3,3,4,3,4,No,25-34,"8-10 Years","6-10 Years",Low,"21+ Miles"
178,36,Male,Divorced,2,Medical,"Research & Development","Manufacturing Director",2,Travel_Rarely,No,6,216,84,4941,2819,20,2,7,3,2,0,1,6,0,2,3,2,4,3,4,No,35-44,"2-4 Years","6-10 Years",Lower-Middle,"6-10 Miles"
179,51,Male,Single,4,"Life Sciences","Research & Development","Manufacturing Director",3,Travel_Frequently,No,8,1150,53,10650,25150,15,0,18,4,2,0,3,2,2,1,1,4,4,3,3,Yes,45-54,"2-4 Years","11-20 Years",High,"6-10 Miles"
182,39,Female,Married,4,"Life Sciences",Sales,"Sales Executive",2,Travel_Rarely,No,4,1329,47,5902,14590,14,1,17,15,11,5,9,4,1,4,2,3,3,4,3,No,35-44,"11+ Years","11-20 Years",Lower-Middle,"0-5 Miles"
183,25,Male,Married,3,"Life Sciences",Sales,"Sales Executive",2,Travel_Rarely,No,28,959,41,8639,24835,18,0,6,2,2,2,2,2,3,1,2,3,4,3,3,No,25-34,"2-4 Years","6-10 Years",Upper-Middle,"21+ Miles"
184,30,Male,Married,3,"Human Resources","Human Resources","Human Resources",2,Travel_Rarely,Yes,9,1240,48,6347,13982,19,0,12,11,9,4,7,0,2,3,3,4,4,1,3,No,25-34,"11+ Years","11-20 Years",Upper-Middle,"6-10 Miles"
190,32,Female,Single,3,Medical,"Research & Development","Laboratory Technician",1,Travel_Rarely,No,9,1033,41,4200,10224,22,0,10,5,4,0,4,7,2,1,3,1,1,4,4,Yes,25-34,"5-7 Years","6-10 Years",Lower-Middle,"6-10 Miles"
192,45,Male,Single,3,Medical,"Research & Development","Research Scientist",1,Travel_Rarely,No,29,1316,83,3452,9752,13,0,9,6,5,0,3,5,2,3,3,4,2,2,3,No,45-54,"5-7 Years","6-10 Years",Lower-Middle,"21+ Miles"
193,38,Female,Single,5,"Technical Degree","Research & Development","Research Scientist",2,Travel_Rarely,Yes,3,364,32,4317,2302,20,0,19,3,2,2,2,3,2,4,3,3,2,3,4,No,35-44,"2-4 Years","11-20 Years",Lower-Middle,"0-5 Miles"
194,30,Female,Single,3,"Life Sciences","Research & Development","Research Scientist",1,Travel_Rarely,No,18,438,75,2632,23910,14,0,5,5,4,0,4,1,4,1,3,3,3,2,3,No,25-34,"5-7 Years","3-5 Years",Low,"11-20 Miles"
195,32,Male,Divorced,2,Medical,Sales,"Sales Executive",2,Travel_Frequently,No,9,689,35,4668,22812,17,3,9,8,7,0,7,0,2,4,1,4,4,4,3,No,25-34,"8-10 Years","6-10 Years",Lower-Middle,"6-10 Miles"
197,30,Female,Divorced,3,"Technical Degree","Research & Development","Research Scientist",1,Travel_Rarely,No,5,201,84,3204,10415,14,1,8,3,2,2,2,5,3,4,3,1,4,3,3,No,25-34,"2-4 Years","6-10 Years",Lower-Middle,"0-5 Miles"
198,30,Male,Single,1,Medical,"Research & Development","Laboratory Technician",1,Travel_Rarely,No,2,1427,35,2720,11162,13,0,6,5,3,1,2,0,3,2,2,4,4,3,3,No,25-34,"5-7 Years","6-10 Years",Low,"0-5 Miles"
199,41,Male,Divorced,3,"Life Sciences","Research & Development",Manager,4,Travel_Frequently,No,10,857,91,17181,12888,13,1,21,7,6,7,7,4,2,4,2,1,2,2,3,No,35-44,"5-7 Years","21+ Years",High,"6-10 Miles"
200,41,Male,Married,4,"Life Sciences","Research & Development","Laboratory Technician",1,Travel_Rarely,No,9,933,94,2238,6961,21,1,7,5,0,1,4,2,2,3,3,1,4,3,4,No,35-44,"5-7 Years","6-10 Years",Low,"6-10 Miles"
201,19,Female,Single,1,Medical,"Research & Development","Laboratory Technician",1,Travel_Rarely,No,3,1181,79,1483,16102,14,0,1,1,0,0,0,1,3,2,3,2,4,3,3,No,"Under 25","<2 Years","0-2 Years",Low,"0-5 Miles"
202,40,Female,Divorced,3,Medical,"Research & Development","Research Scientist",2,Travel_Frequently,No,26,1395,54,5605,8504,11,1,20,20,7,2,13,1,2,2,3,2,1,3,3,No,35-44,"11+ Years","11-20 Years",Lower-Middle,"21+ Miles"
204,35,Male,Married,5,Marketing,Sales,"Sales Executive",3,Travel_Rarely,No,1,662,94,7295,11439,13,2,10,10,8,0,6,1,3,3,3,2,1,3,3,No,35-44,"8-10 Years","6-10 Years",Upper-Middle,"0-5 Miles"
205,53,Male,Married,2,Marketing,Sales,"Sales Representative",2,Travel_Rarely,Yes,6,1436,34,2306,16047,20,1,13,7,7,4,5,2,3,2,3,3,4,1,4,No,45-54,"5-7 Years","11-20 Years",Low,"6-10 Miles"
206,45,Male,Divorced,3,"Life Sciences","Research & Development","Laboratory Technician",2,Travel_Rarely,No,9,194,60,2348,10901,18,1,20,17,9,0,15,8,2,2,3,2,3,1,3,No,45-54,"11+ Years","11-20 Years",Low,"6-10 Miles"
207,32,Female,Single,3,Marketing,Sales,"Sales Executive",3,Travel_Frequently,No,8,967,43,8998,15589,14,0,9,9,8,3,7,1,2,2,3,4,4,3,3,No,25-34,"8-10 Years","6-10 Years",Upper-Middle,"6-10 Miles"
208,29,Male,Married,1,"Technical Degree","Research & Development","Manufacturing Director",2,Non-Travel,No,1,1496,41,4319,26283,13,1,10,10,7,0,9,1,1,4,3,3,1,3,3,No,25-34,"8-10 Years","6-10 Years",Lower-Middle,"0-5 Miles"
211,51,Male,Married,4,Medical,"Research & Development","Manufacturing Director",2,Travel_Rarely,No,7,1169,34,6132,13983,17,0,10,1,0,0,0,2,2,2,2,3,3,3,3,No,45-54,"<2 Years","6-10 Years",Upper-Middle,"6-10 Miles"
214,58,Female,Married,3,Medical,"Research & Development","Research Scientist",1,Travel_Rarely,Yes,9,1145,75,3346,11873,20,1,9,1,0,0,0,4,3,2,2,2,2,2,4,No,55+,"<2 Years","6-10 Years",Lower-Middle,"6-10 Miles"
215,40,Male,Married,4,Marketing,Sales,"Sales Executive",3,Travel_Rarely,No,4,630,67,10855,8552,11,1,15,12,11,2,11,7,2,3,2,4,1,2,3,No,35-44,"11+ Years","11-20 Years",High,"0-5 Miles"
216,34,Female,Married,4,Marketing,Sales,"Sales Representative",1,Travel_Frequently,No,2,303,75,2231,11314,18,1,6,4,3,1,2,6,3,3,3,3,4,3,3,No,25-34,"2-4 Years","6-10 Years",Low,"0-5 Miles"
217,22,Male,Married,1,Medical,"Research & Development","Research Scientist",1,Travel_Rarely,No,19,1256,80,2323,11992,24,2,2,2,2,2,2,1,6,3,3,4,1,3,4,No,"Under 25","2-4 Years","0-2 Years",Low,"11-20 Miles"
218,27,Male,Divorced,3,Medical,"Research & Development","Research Scientist",1,Non-Travel,No,9,691,57,2024,5970,18,1,6,2,2,2,2,6,1,4,3,2,4,1,3,No,25-34,"2-4 Years","6-10 Years",Low,"6-10 Miles"
221,28,Male,Married,3,Medical,"Research & Development","Research Scientist",1,Travel_Rarely,No,21,440,42,2713,6672,11,1,5,5,2,0,2,1,2,3,3,4,3,1,3,No,25-34,"5-7 Years","3-5 Years",Low,"21+ Miles"
223,57,Male,Divorced,2,"Life Sciences","Research & Development","Healthcare Representative",3,Travel_Rarely,Yes,24,334,83,9439,23402,16,1,12,5,3,1,4,3,2,3,4,4,2,1,3,No,55+,"5-7 Years","11-20 Years",Upper-Middle,"21+ Miles"
224,27,Male,Divorced,3,Medical,"Research & Development","Research Scientist",1,Non-Travel,Yes,3,1450,79,2566,25326,15,1,1,1,1,0,1,1,2,3,2,3,4,2,3,No,25-34,"<2 Years","0-2 Years",Low,"0-5 Miles"
226,50,Female,Single,3,"Life Sciences","Research & Development",Manager,5,Travel_Rarely,No,11,1452,53,19926,17053,15,0,21,5,4,4,4,3,5,3,3,2,2,3,3,No,45-54,"5-7 Years","21+ Years",High,"11-20 Miles"
227,41,Male,Divorced,3,"Life Sciences","Research & Development","Research Scientist",1,Travel_Rarely,No,14,465,56,2451,4609,12,1,13,9,8,1,8,4,2,1,3,3,1,3,3,No,35-44,"8-10 Years","11-20 Years",Low,"11-20 Miles"
228,30,Female,Married,3,"Life Sciences",Sales,"Sales Executive",3,Travel_Rarely,No,5,1339,41,9419,8053,12,1,12,10,9,7,4,2,2,2,3,4,3,3,3,No,25-34,"8-10 Years","11-20 Years",Upper-Middle,"0-5 Miles"
230,38,Female,Single,4,"Life Sciences",Sales,"Sales Executive",2,Travel_Rarely,No,1,702,59,8686,12930,22,0,12,8,3,0,7,4,2,1,2,4,3,4,4,No,35-44,"8-10 Years","11-20 Years",Upper-Middle,"0-5 Miles"
231,32,Male,Single,5,"Life Sciences","Research & Development","Research Scientist",1,Travel_Rarely,No,6,120,43,3038,12430,20,0,8,5,4,1,4,3,2,3,3,3,1,3,4,No,25-34,"5-7 Years","6-10 Years",Lower-Middle,"6-10 Miles"
233,27,Male,Married,3,"Technical Degree","Research & Development","Research Scientist",1,Travel_Rarely,Yes,17,1157,51,3058,13364,16,1,6,5,2,1,1,0,3,3,3,2,4,2,3,No,25-34,"5-7 Years","6-10 Years",Lower-Middle,"11-20 Miles"
235,19,Female,Single,1,"Technical Degree",Sales,"Sales Representative",1,Travel_Frequently,No,1,602,100,2325,20989,21,0,1,0,0,0,0,0,5,3,1,1,1,4,4,Yes,"Under 25","<2 Years","0-2 Years",Low,"0-5 Miles"
238,36,Male,Single,2,Medical,"Research & Development","Laboratory Technician",1,Travel_Frequently,No,3,1480,30,2088,15062,12,0,13,8,7,7,2,4,3,4,3,2,3,2,3,No,35-44,"8-10 Years","11-20 Years",Low,"0-5 Miles"
239,30,Male,Divorced,3,Medical,"Research & Development","Laboratory Technician",2,Non-Travel,No,9,111,66,3072,11012,11,2,12,12,9,6,10,1,4,3,3,1,3,3,3,No,25-34,"11+ Years","11-20 Years",Lower-Middle,"6-10 Miles"
240,45,Female,Divorced,2,"Life Sciences",Sales,"Sales Executive",2,Travel_Rarely,Yes,4,1268,30,5006,6319,11,1,9,5,4,0,3,4,3,3,3,1,1,4,3,No,45-54,"5-7 Years","6-10 Years",Lower-Middle,"0-5 Miles"
241,56,Female,Divorced,3,"Life Sciences","Research & Development","Research Scientist",1,Travel_Rarely,Yes,8,713,67,4257,13939,18,1,19,2,2,2,2,4,3,3,3,1,3,3,3,No,55+,"2-4 Years","11-20 Years",Lower-Middle,"6-10 Miles"
242,33,Male,Single,3,"Life Sciences","Research & Development","Research Scientist",1,Travel_Rarely,No,2,134,90,2500,10515,14,0,4,3,1,0,2,0,2,3,3,4,1,4,3,No,25-34,"2-4 Years","3-5 Years",Low,"0-5 Miles"
243,19,Male,Single,3,"Life Sciences","Research & Development","Laboratory Technician",1,Travel_Rarely,No,2,303,47,1102,9241,22,0,1,1,0,1,0,1,3,2,2,4,3,2,4,Yes,"Under 25","<2 Years","0-2 Years",Low,"0-5 Miles"
244,46,Female,Divorced,2,Marketing,Sales,"Sales Executive",3,Travel_Rarely,No,1,526,92,10453,2137,25,3,24,24,13,15,7,1,2,2,3,1,3,3,4,No,45-54,"11+ Years","21+ Years",High,"0-5 Miles"
245,38,Female,Single,2,"Life Sciences","Research & Development","Laboratory Technician",1,Travel_Rarely,No,9,1380,75,2288,6319,12,0,2,2,2,2,1,1,3,3,3,4,3,3,3,No,35-44,"2-4 Years","0-2 Years",Low,"6-10 Miles"
246,31,Female,Married,1,Medical,"Research & Development","Research Scientist",1,Travel_Rarely,Yes,12,140,95,3929,6984,23,1,7,4,2,0,2,8,0,3,3,4,3,3,4,No,25-34,"2-4 Years","6-10 Years",Lower-Middle,"11-20 Miles"
247,34,Female,Single,2,Medical,"Research & Development","Research Scientist",1,Travel_Rarely,No,27,629,95,2311,5711,15,0,9,3,2,1,2,2,3,4,3,2,4,3,3,No,25-34,"2-4 Years","6-10 Years",Low,"21+ Miles"
248,41,Female,Single,2,Marketing,Sales,"Sales Representative",1,Travel_Rarely,Yes,20,1356,70,3140,21728,22,0,4,4,3,0,2,1,5,2,3,2,4,2,4,Yes,35-44,"2-4 Years","3-5 Years",Lower-Middle,"11-20 Miles"
249,50,Male,Married,3,Medical,"Research & Development","Laboratory Technician",1,Travel_Rarely,No,1,328,86,3690,3425,15,1,5,3,2,0,2,2,2,3,2,3,4,2,3,No,45-54,"2-4 Years","3-5 Years",Lower-Middle,"0-5 Miles"
250,53,Female,Divorced,2,Medical,"Research & Development","Manufacturing Director",2,Travel_Rarely,No,13,1084,57,4450,26250,11,2,5,4,2,1,3,1,3,4,4,1,3,3,3,No,45-54,"2-4 Years","3-5 Years",Lower-Middle,"11-20 Miles"
252,33,Female,Married,3,Medical,"Research & Development","Research Scientist",1,Travel_Rarely,No,14,931,72,2756,4673,13,1,8,8,7,1,6,1,5,4,3,2,4,3,3,No,25-34,"8-10 Years","6-10 Years",Low,"11-20 Miles"
253,40,Female,Married,1,Medical,"Research & Development",Manager,5,Travel_Rarely,No,4,989,46,19033,6499,14,1,21,20,8,9,9,1,2,4,3,3,2,3,3,No,35-44,"11+ Years","21+ Years",High,"0-5 Miles"
254,55,Male,Single,4,Medical,"Research & Development","Research Director",5,Travel_Rarely,No,14,692,61,18722,13339,11,0,36,24,15,2,15,8,3,3,4,2,4,3,3,No,55+,"11+ Years","21+ Years",High,"11-20 Miles"
256,34,Male,Married,1,"Life Sciences","Research & Development","Manufacturing Director",2,Travel_Frequently,No,2,1069,45,9547,14074,17,0,10,10,9,1,9,1,2,4,2,3,3,2,3,No,25-34,"8-10 Years","6-10 Years",Upper-Middle,"0-5 Miles"
258,51,Female,Single,3,Medical,"Research & Development","Healthcare Representative",4,Travel_Rarely,No,3,313,98,13734,7192,18,0,21,7,7,1,0,3,6,4,3,2,3,3,3,No,45-54,"5-7 Years","21+ Years",High,"0-5 Miles"
259,52,Male,Married,4,"Life Sciences","Research & Development",Manager,5,Travel_Rarely,No,1,699,65,19999,5678,14,1,34,33,18,11,9,0,5,3,2,3,1,3,3,No,45-54,"11+ Years","21+ Years",High,"0-5 Miles"
260,27,Female,Single,3,Medical,"Research & Development","Research Scientist",1,Travel_Rarely,No,9,894,99,2279,11781,16,0,7,7,7,0,3,1,2,4,3,2,4,2,3,No,25-34,"5-7 Years","6-10 Years",Low,"6-10 Miles"
261,35,Male,Married,2,"Life Sciences","Research & Development","Manufacturing Director",2,Travel_Rarely,Yes,23,556,50,5916,15497,13,0,8,1,0,0,1,3,1,2,2,3,1,3,3,Yes,35-44,"<2 Years","6-10 Years",Lower-Middle,"21+ Miles"
262,43,Male,Divorced,3,Medical,"Research & Development","Research Scientist",1,Non-Travel,No,7,1344,37,2089,5228,14,3,7,5,4,2,2,4,3,4,4,4,4,4,3,No,35-44,"5-7 Years","6-10 Years",Low,"6-10 Miles"
264,45,Male,Married,2,Medical,"Research & Development",Manager,4,Non-Travel,No,2,1195,65,16792,20462,23,1,22,20,8,11,8,9,1,1,2,4,4,3,4,No,45-54,"11+ Years","21+ Years",High,"0-5 Miles"
267,37,Male,Married,3,"Life Sciences","Research & Development","Research Scientist",1,Travel_Rarely,Yes,21,290,65,3564,22977,12,1,8,8,7,1,7,1,3,2,4,1,1,2,3,No,35-44,"8-10 Years","6-10 Years",Lower-Middle,"21+ Miles"
269,35,Female,Single,3,Medical,"Research & Development","Laboratory Technician",2,Travel_Frequently,No,2,138,37,4425,15986,11,0,10,6,2,1,2,5,5,2,3,2,4,3,3,No,35-44,"5-7 Years","6-10 Years",Lower-Middle,"0-5 Miles"
270,42,Female,Divorced,2,Medical,"Research & Development","Manufacturing Director",2,Non-Travel,No,21,926,36,5265,16439,16,1,11,5,3,0,2,2,5,3,3,3,2,3,3,No,35-44,"5-7 Years","11-20 Years",Lower-Middle,"21+ Miles"
271,38,Male,Married,4,"Life Sciences","Research & Development","Manufacturing Director",2,Travel_Rarely,No,2,1261,88,6553,7259,14,0,14,1,0,0,0,9,3,4,3,3,2,3,3,No,35-44,"<2 Years","11-20 Years",Upper-Middle,"0-5 Miles"
273,38,Male,Married,3,"Technical Degree","Research & Development","Manufacturing Director",2,Travel_Rarely,No,29,1084,54,6261,4185,18,1,9,7,7,1,7,3,3,4,3,4,1,1,3,No,35-44,"5-7 Years","6-10 Years",Upper-Middle,"21+ Miles"
274,27,Male,Married,1,"Technical Degree","Research & Development","Manufacturing Director",2,Travel_Frequently,No,1,472,60,4298,9679,19,1,6,2,2,2,0,5,1,3,2,1,3,3,3,No,25-34,"2-4 Years","6-10 Years",Lower-Middle,"0-5 Miles"
275,49,Male,Divorced,4,"Life Sciences","Research & Development","Manufacturing Director",2,Non-Travel,Yes,18,1002,92,6804,23793,15,2,7,7,7,1,7,1,0,4,3,4,1,3,3,No,45-54,"5-7 Years","6-10 Years",Upper-Middle,"11-20 Miles"
277,34,Male,Divorced,4,Medical,"Research & Development","Research Scientist",1,Travel_Frequently,Yes,10,878,43,3815,5972,17,1,5,5,3,2,0,1,4,4,3,3,4,4,3,No,25-34,"5-7 Years","3-5 Years",Lower-Middle,"6-10 Miles"
281,40,Male,Married,2,Medical,"Research & Development","Laboratory Technician",2,Travel_Rarely,Yes,19,905,99,2741,16523,15,1,15,7,2,3,7,8,2,3,3,4,3,4,3,No,35-44,"5-7 Years","11-20 Years",Low,"11-20 Miles"
282,38,Male,Married,1,Medical,"Research & Development","Healthcare Representative",2,Travel_Rarely,Yes,29,1180,70,6673,11354,19,0,17,1,0,0,0,7,2,2,3,1,2,3,3,Yes,35-44,"<2 Years","11-20 Years",Upper-Middle,"21+ Miles"
283,29,Female,Married,3,Marketing,Sales,"Sales Executive",3,Travel_Rarely,No,27,121,35,7639,24525,22,3,10,10,4,1,9,1,3,2,3,4,4,2,4,Yes,25-34,"8-10 Years","6-10 Years",Upper-Middle,"21+ Miles"
284,22,Male,Divorced,3,"Life Sciences","Research & Development","Research Scientist",1,Travel_Rarely,Yes,5,1136,60,2328,12392,16,1,4,4,2,2,2,1,2,4,4,2,1,2,3,No,"Under 25","2-4 Years","3-5 Years",Low,"0-5 Miles"
286,36,Female,Single,1,Medical,"Research & Development","Laboratory Technician",1,Travel_Frequently,No,18,635,73,2153,7703,13,0,8,8,1,1,7,1,2,2,3,4,1,3,3,No,35-44,"8-10 Years","6-10 Years",Low,"11-20 Miles"
287,40,Male,Married,5,"Life Sciences","Research & Development","Healthcare Representative",2,Non-Travel,No,9,1151,63,4876,14242,14,1,5,3,2,0,2,9,5,4,2,4,4,1,3,No,35-44,"2-4 Years","3-5 Years",Lower-Middle,"6-10 Miles"
288,46,Male,Divorced,4,Medical,"Research & Development","Healthcare Representative",3,Travel_Rarely,No,1,644,97,9396,12368,16,1,17,4,2,0,3,7,3,4,3,1,3,3,3,No,45-54,"2-4 Years","11-20 Years",Upper-Middle,"0-5 Miles"
291,32,Male,Married,4,Medical,Sales,"Sales Executive",3,Travel_Rarely,No,4,1045,32,10400,25812,11,0,14,14,8,9,8,1,2,4,1,4,3,2,3,Yes,25-34,"11+ Years","11-20 Years",High,"0-5 Miles"
292,30,Male,Single,1,"Life Sciences","Research & Development","Manufacturing Director",3,Non-Travel,No,1,829,88,8474,20925,22,0,12,11,8,5,8,1,2,3,2,3,3,3,4,No,25-34,"11+ Years","11-20 Years",Upper-Middle,"0-5 Miles"
293,27,Female,Single,3,"Life Sciences",Sales,"Sales Executive",2,Travel_Frequently,No,20,1242,90,9981,12916,14,0,7,7,7,0,7,1,2,4,3,3,4,3,3,No,25-34,"5-7 Years","6-10 Years",Upper-Middle,"11-20 Miles"
296,51,Male,Married,4,"Life Sciences","Research & Development","Research Director",3,Travel_Rarely,No,8,1469,81,12490,15736,16,2,16,10,9,4,7,5,5,2,2,2,4,1,3,No,45-54,"8-10 Years","11-20 Years",High,"6-10 Miles"
297,30,Female,Single,3,"Technical Degree","Research & Development","Research Scientist",1,Travel_Rarely,Yes,3,1005,88,2657,8556,11,0,8,5,2,0,4,5,5,4,3,1,3,3,3,Yes,25-34,"5-7 Years","6-10 Years",Low,"0-5 Miles"
298,41,Female,Single,3,"Life Sciences",Sales,Manager,3,Travel_Rarely,Yes,6,896,75,13591,14674,18,0,16,1,0,0,0,3,3,4,3,4,3,3,3,No,35-44,"<2 Years","11-20 Years",High,"6-10 Miles"
299,30,Female,Single,4,Marketing,Sales,"Sales Executive",2,Travel_Frequently,No,26,334,52,6696,22967,15,0,9,6,3,0,1,5,5,3,2,1,3,2,3,Yes,25-34,"5-7 Years","6-10 Years",Upper-Middle,"21+ Miles"
300,29,Male,Single,3,"Technical Degree","Research & Development","Research Scientist",1,Travel_Rarely,No,1,992,85,2058,19757,14,0,7,6,2,1,5,0,1,3,3,3,4,2,3,Yes,25-34,"5-7 Years","6-10 Years",Low,"0-5 Miles"
302,45,Female,Single,3,Medical,Sales,"Sales Executive",3,Non-Travel,No,6,1052,57,8865,16840,12,0,23,19,7,12,8,6,2,4,2,4,4,3,3,No,45-54,"11+ Years","21+ Years",Upper-Middle,"6-10 Miles"
303,54,Female,Married,3,Marketing,Sales,"Sales Executive",2,Travel_Rarely,No,3,1147,52,5940,17011,14,1,16,6,2,0,5,2,4,4,3,1,4,3,3,No,45-54,"5-7 Years","11-20 Years",Lower-Middle,"0-5 Miles"
304,36,Male,Single,2,"Life Sciences","Research & Development","Laboratory Technician",2,Travel_Rarely,No,5,1396,62,5914,9945,16,0,16,13,11,3,7,8,3,4,3,2,4,4,3,No,35-44,"11+ Years","11-20 Years",Lower-Middle,"0-5 Miles"
305,33,Female,Married,4,Medical,"Research & Development","Research Scientist",1,Travel_Rarely,No,4,147,47,2622,13248,21,0,7,3,2,1,1,6,3,3,2,2,4,3,4,No,25-34,"2-4 Years","6-10 Years",Low,"0-5 Miles"
306,37,Male,Divorced,3,Other,"Research & Development","Research Director",3,Travel_Frequently,Yes,11,663,47,12185,10056,14,3,10,10,8,0,7,1,1,2,3,4,3,3,3,No,35-44,"8-10 Years","6-10 Years",High,"11-20 Miles"
307,38,Male,Divorced,3,"Life Sciences",Sales,"Sales Executive",3,Travel_Rarely,No,3,119,76,10609,9647,12,2,17,16,10,5,13,0,6,1,3,3,3,2,3,No,35-44,"11+ Years","11-20 Years",High,"0-5 Miles"
308,31,Male,Married,4,Medical,"Research & Development","Manufacturing Director",2,Non-Travel,No,1,979,90,4345,4381,12,1,6,5,4,1,4,0,2,3,1,3,4,3,3,No,25-34,"5-7 Years","6-10 Years",Lower-Middle,"0-5 Miles"
309,59,Male,Married,3,"Life Sciences","Research & Development","Research Scientist",1,Travel_Rarely,No,3,142,70,2177,8456,17,1,7,1,0,0,0,3,6,3,2,4,1,3,3,No,55+,"<2 Years","6-10 Years",Low,"0-5 Miles"
311,37,Male,Divorced,4,Marketing,Sales,"Sales Representative",1,Travel_Frequently,No,4,319,41,2793,2539,17,1,13,9,8,5,8,4,2,1,3,4,3,3,3,No,35-44,"8-10 Years","11-20 Years",Low,"0-5 Miles"
312,29,Female,Married,1,Medical,Sales,"Sales Executive",3,Travel_Frequently,No,1,1413,42,7918,6599,14,1,11,11,10,4,1,1,5,2,3,4,4,3,3,No,25-34,"11+ Years","11-20 Years",Upper-Middle,"0-5 Miles"
314,35,Female,Single,3,Marketing,Sales,"Sales Executive",3,Travel_Frequently,No,1,944,92,8789,9096,14,0,10,10,7,0,8,1,3,3,3,3,1,4,3,No,35-44,"8-10 Years","6-10 Years",Upper-Middle,"0-5 Miles"
315,29,Male,Single,1,Medical,"Research & Development","Research Scientist",1,Travel_Rarely,Yes,18,896,86,2389,14961,13,0,4,4,3,0,1,1,3,3,2,4,3,2,3,Yes,25-34,"2-4 Years","3-5 Years",Low,"11-20 Miles"
316,52,Female,Single,3,"Life Sciences","Research & Development","Laboratory Technician",1,Travel_Rarely,No,2,1323,89,3212,3300,15,0,6,2,2,2,2,7,3,3,2,4,2,2,3,No,45-54,"2-4 Years","6-10 Years",Lower-Middle,"0-5 Miles"
319,42,Male,Married,2,"Technical Degree","Research & Development",Manager,5,Travel_Rarely,No,4,532,58,19232,4933,11,0,22,22,17,11,15,1,3,3,3,4,4,3,3,No,35-44,"11+ Years","21+ Years",High,"0-5 Miles"
321,59,Male,Married,2,Medical,"Human Resources","Human Resources",1,Travel_Rarely,No,6,818,52,2267,25657,17,0,7,2,2,2,2,8,2,2,3,3,4,2,3,No,55+,"2-4 Years","6-10 Years",Low,"6-10 Miles"
323,50,Female,Divorced,4,Medical,Sales,Manager,5,Travel_Rarely,No,1,854,68,19517,24118,11,1,32,7,0,0,6,3,3,4,3,4,3,2,3,No,45-54,"5-7 Years","21+ Years",High,"0-5 Miles"
325,33,Male,Married,3,Medical,"Research & Development","Laboratory Technician",1,Travel_Rarely,Yes,14,813,58,2436,22149,13,1,8,5,4,0,4,5,2,3,3,4,3,1,3,Yes,25-34,"5-7 Years","6-10 Years",Low,"11-20 Miles"
327,43,Female,Married,3,Marketing,Sales,Manager,4,Travel_Rarely,Yes,16,1034,80,16064,7744,22,1,22,17,13,1,9,5,3,4,3,4,3,3,4,No,35-44,"11+ Years","21+ Years",High,"11-20 Miles"
328,33,Female,Married,2,"Life Sciences","Research & Development","Laboratory Technician",1,Travel_Rarely,No,2,465,39,2707,21509,20,0,13,9,7,1,7,7,3,1,3,1,1,4,4,Yes,25-34,"8-10 Years","11-20 Years",Low,"0-5 Miles"
329,52,Male,Single,4,"Life Sciences",Sales,Manager,5,Non-Travel,Yes,2,771,79,19068,21030,18,0,33,33,7,15,12,1,2,1,2,3,4,4,3,No,45-54,"11+ Years","21+ Years",High,"0-5 Miles"
330,32,Female,Married,2,"Life Sciences",Sales,"Sales Representative",1,Travel_Rarely,No,4,1401,56,3931,20990,11,1,6,4,3,1,2,2,5,3,3,2,1,3,3,No,25-34,"2-4 Years","6-10 Years",Lower-Middle,"0-5 Miles"
331,32,Male,Single,3,"Life Sciences","Research & Development","Laboratory Technician",1,Travel_Rarely,Yes,1,515,62,3730,9571,14,0,4,3,2,1,2,0,2,4,2,3,4,1,3,Yes,25-34,"2-4 Years","3-5 Years",Lower-Middle,"0-5 Miles"
332,39,Female,Divorced,4,Medical,"Research & Development","Laboratory Technician",1,Travel_Rarely,No,1,1431,96,2232,15417,14,3,7,3,2,1,2,7,1,3,3,3,3,3,3,No,35-44,"2-4 Years","6-10 Years",Low,"0-5 Miles"
333,32,Male,Married,4,Marketing,Sales,"Sales Executive",2,Non-Travel,No,26,976,100,4465,12069,18,0,4,3,2,2,2,0,2,3,3,4,1,3,3,No,25-34,"2-4 Years","3-5 Years",Lower-Middle,"21+ Miles"
334,41,Male,Divorced,2,"Life Sciences","Research & Development","Research Scientist",2,Travel_Rarely,No,19,1411,36,3072,19877,16,2,17,1,0,0,0,2,2,3,3,1,1,2,3,No,35-44,"<2 Years","11-20 Years",Lower-Middle,"11-20 Miles"
335,40,Male,Divorced,2,"Technical Degree","Research & Development","Research Scientist",2,Travel_Rarely,No,24,1300,62,3319,24447,17,2,9,9,8,4,7,1,3,1,3,4,1,3,3,No,35-44,"8-10 Years","6-10 Years",Lower-Middle,"21+ Miles"
336,45,Male,Married,3,Other,"Research & Development",Manager,5,Travel_Rarely,No,1,252,70,19202,15970,11,1,25,24,0,1,7,0,2,3,4,4,3,3,3,No,45-54,"11+ Years","21+ Years",High,"0-5 Miles"
337,31,Male,Divorced,4,Medical,"Research & Development","Research Director",3,Travel_Frequently,No,3,1327,73,13675,13523,12,1,9,2,2,2,2,9,3,2,3,3,1,3,3,No,25-34,"2-4 Years","6-10 Years",High,"0-5 Miles"
338,33,Female,Married,4,"Life Sciences","Research & Development","Research Scientist",1,Travel_Rarely,No,5,832,63,2911,14776,13,1,2,2,2,0,2,1,2,3,2,4,3,2,3,No,25-34,"2-4 Years","0-2 Years",Low,"0-5 Miles"
339,34,Male,Married,4,"Life Sciences","Research & Development","Manufacturing Director",2,Travel_Rarely,No,2,470,84,5957,23687,13,1,13,11,9,5,9,6,3,4,2,1,2,3,3,No,25-34,"11+ Years","11-20 Years",Lower-Middle,"0-5 Miles"
340,37,Female,Married,2,Medical,"Research & Development","Research Scientist",1,Travel_Rarely,No,1,1017,83,3920,18697,14,1,17,3,1,0,2,2,2,3,2,1,1,2,3,No,35-44,"2-4 Years","11-20 Years",Lower-Middle,"0-5 Miles"
341,45,Male,Married,4,"Life Sciences","Research & Development","Manufacturing Director",2,Travel_Frequently,No,7,1199,77,6434,5118,17,1,9,3,2,0,2,4,1,1,4,3,4,3,3,No,45-54,"2-4 Years","6-10 Years",Upper-Middle,"6-10 Miles"
342,37,Male,Divorced,3,Medical,"Research & Development","Manufacturing Director",3,Travel_Frequently,No,10,504,61,10048,22573,11,2,17,1,0,0,0,6,5,1,3,3,2,3,3,Yes,35-44,"<2 Years","11-20 Years",High,"6-10 Miles"
343,39,Female,Single,4,"Technical Degree","Research & Development","Healthcare Representative",3,Travel_Frequently,No,2,505,64,10938,6420,25,0,20,19,6,11,8,0,1,3,3,3,4,3,4,No,35-44,"11+ Years","11-20 Years",High,"0-5 Miles"
346,29,Male,Single,3,"Life Sciences","Research & Development","Research Scientist",1,Travel_Rarely,No,15,665,60,2340,22673,19,0,6,6,5,1,5,1,1,3,3,4,1,3,3,No,25-34,"5-7 Years","6-10 Years",Low,"11-20 Miles"
347,42,Female,Single,2,"Life Sciences","Research & Development","Research Scientist",2,Travel_Rarely,Yes,17,916,82,6545,23016,13,0,10,3,2,0,2,3,1,4,4,1,3,3,3,No,35-44,"2-4 Years","6-10 Years",Upper-Middle,"11-20 Miles"
349,29,Male,Divorced,2,Marketing,Sales,"Sales Executive",2,Travel_Rarely,No,20,1247,45,6931,10732,14,1,10,3,2,0,2,2,2,4,3,4,4,3,3,No,25-34,"2-4 Years","6-10 Years",Upper-Middle,"11-20 Miles"
350,25,Female,Married,3,"Life Sciences","Research & Development","Manufacturing Director",2,Travel_Rarely,No,1,685,62,4898,7505,12,2,5,4,2,1,2,0,3,1,3,3,4,3,3,No,25-34,"2-4 Years","3-5 Years",Lower-Middle,"0-5 Miles"
351,42,Female,Divorced,3,Medical,"Research & Development","Laboratory Technician",1,Travel_Rarely,Yes,2,269,56,2593,8007,11,1,10,9,6,7,8,0,4,4,2,1,3,3,3,No,35-44,"8-10 Years","6-10 Years",Low,"0-5 Miles"
352,40,Male,Divorced,2,Medical,"Research & Development","Research Director",5,Travel_Rarely,No,2,1416,49,19436,5949,19,1,22,21,7,3,9,0,5,1,3,3,4,3,3,No,35-44,"11+ Years","21+ Years",High,"0-5 Miles"
353,51,Male,Married,3,"Life Sciences","Research & Development","Research Scientist",1,Travel_Rarely,No,1,833,96,2723,23231,11,0,1,1,0,0,0,1,0,3,3,4,2,2,3,No,45-54,"<2 Years","0-2 Years",Low,"0-5 Miles"
355,31,Male,Single,2,Medical,"Research & Development","Laboratory Technician",1,Travel_Frequently,No,29,307,71,3479,11652,11,0,6,5,4,1,4,0,2,3,2,2,2,4,3,Yes,25-34,"5-7 Years","6-10 Years",Lower-Middle,"21+ Miles"
359,32,Male,Married,3,"Life Sciences","Research & Development","Laboratory Technician",1,Travel_Frequently,No,7,1311,100,2794,26062,20,0,5,5,1,0,3,1,3,2,4,2,3,1,4,No,25-34,"5-7 Years","3-5 Years",Low,"6-10 Miles"
361,38,Male,Married,2,"Life Sciences",Sales,"Sales Executive",2,Non-Travel,No,2,1327,39,5249,19682,18,1,13,8,7,7,5,3,0,4,2,4,4,3,3,No,35-44,"8-10 Years","11-20 Years",Lower-Middle,"0-5 Miles"
362,32,Male,Single,1,"Technical Degree","Research & Development","Laboratory Technician",2,Travel_Rarely,No,2,128,84,2176,19737,13,0,9,6,2,0,4,4,5,4,2,1,4,3,3,No,25-34,"5-7 Years","6-10 Years",Low,"0-5 Miles"
363,46,Female,Married,3,"Technical Degree",Sales,Manager,4,Travel_Rarely,Yes,2,488,75,16872,14977,12,1,28,7,7,7,7,3,2,3,1,2,2,2,3,No,45-54,"5-7 Years","21+ Years",High,"0-5 Miles"
364,28,Male,Single,4,"Life Sciences","Research & Development","Laboratory Technician",1,Travel_Rarely,No,2,529,79,3485,14935,11,0,5,0,0,0,0,2,5,1,3,3,3,1,3,Yes,25-34,"<2 Years","3-5 Years",Lower-Middle,"0-5 Miles"
366,29,Male,Married,3,Medical,Sales,"Sales Executive",2,Travel_Rarely,No,2,1210,78,6644,3687,19,2,10,0,0,0,0,2,2,1,2,2,2,3,3,No,25-34,"<2 Years","6-10 Years",Upper-Middle,"0-5 Miles"
367,31,Male,Married,3,Medical,"Research & Development","Healthcare Representative",2,Travel_Rarely,No,23,1463,64,5582,14408,21,1,10,9,0,7,8,0,2,2,2,4,2,3,4,No,25-34,"8-10 Years","6-10 Years",Lower-Middle,"21+ Miles"
369,25,Male,Divorced,2,"Life Sciences","Research & Development","Healthcare Representative",2,Non-Travel,No,5,675,85,4000,18384,12,2,6,6,3,1,5,1,2,2,4,1,4,3,3,No,25-34,"5-7 Years","6-10 Years",Lower-Middle,"0-5 Miles"
372,45,Male,Married,2,Medical,"Research & Development","Healthcare Representative",4,Travel_Rarely,Yes,20,1385,79,13496,7501,14,0,21,20,7,4,10,0,2,3,3,4,2,3,3,No,45-54,"11+ Years","21+ Years",High,"11-20 Miles"
373,36,Male,Married,3,"Life Sciences","Research & Development","Laboratory Technician",1,Travel_Rarely,No,6,1403,47,3210,20251,11,1,16,15,13,10,11,0,4,4,3,4,3,3,3,No,35-44,"11+ Years","11-20 Years",Lower-Middle,"6-10 Miles"
374,55,Male,Single,3,Medical,"Research & Development",Manager,5,Travel_Rarely,Yes,1,452,81,19045,18938,14,0,37,36,10,4,13,0,2,4,3,1,3,3,3,No,55+,"11+ Years","21+ Years",High,"0-5 Miles"
376,47,Male,Married,4,"Life Sciences","Research & Development",Manager,3,Non-Travel,Yes,29,666,88,11849,10268,12,1,10,10,7,9,9,1,2,1,3,2,4,2,3,Yes,45-54,"8-10 Years","6-10 Years",High,"21+ Miles"
377,28,Male,Married,3,Medical,"Research & Development","Research Scientist",1,Travel_Rarely,No,9,1158,94,2070,2613,23,1,5,5,2,0,4,1,3,4,3,4,4,2,4,No,25-34,"5-7 Years","3-5 Years",Low,"6-10 Miles"
378,37,Male,Married,4,Medical,Sales,"Sales Executive",2,Travel_Rarely,No,6,228,98,6502,22825,14,1,7,5,4,0,1,4,5,3,3,4,2,4,3,No,35-44,"5-7 Years","6-10 Years",Upper-Middle,"6-10 Miles"
379,21,Male,Single,2,Medical,"Research & Development","Research Scientist",1,Travel_Rarely,No,3,996,100,3230,10531,17,0,3,3,2,1,0,1,4,4,2,3,1,4,3,No,"Under 25","2-4 Years","3-5 Years",Lower-Middle,"0-5 Miles"
380,37,Female,Divorced,4,Medical,"Research & Development","Research Director",3,Non-Travel,Yes,1,728,80,13603,11677,18,2,15,5,2,0,2,2,2,1,3,4,1,3,3,No,35-44,"5-7 Years","11-20 Years",High,"0-5 Miles"
381,35,Female,Divorced,3,"Life Sciences","Research & Development",Manager,3,Travel_Rarely,No,22,1315,71,11996,19100,18,1,10,7,7,6,2,7,6,2,4,2,2,2,3,No,35-44,"5-7 Years","6-10 Years",High,"21+ Miles"
382,38,Female,Divorced,2,Medical,Sales,"Sales Executive",2,Travel_Rarely,Yes,7,322,44,5605,19191,24,1,8,8,0,7,7,1,3,1,4,1,3,3,4,No,35-44,"8-10 Years","6-10 Years",Lower-Middle,"6-10 Miles"
384,26,Female,Divorced,3,"Life Sciences","Research & Development","Manufacturing Director",2,Travel_Frequently,No,1,1479,84,6397,26767,20,1,6,6,5,1,4,1,6,3,3,2,1,1,4,No,25-34,"5-7 Years","6-10 Years",Upper-Middle,"0-5 Miles"
385,50,Male,Divorced,1,"Life Sciences","Research & Development","Research Director",5,Travel_Rarely,No,4,797,96,19144,15815,14,2,28,10,4,1,6,3,4,1,3,2,1,2,3,No,45-54,"8-10 Years","21+ Years",High,"0-5 Miles"
386,53,Male,Married,4,Medical,"Research & Development","Research Director",4,Travel_Rarely,Yes,3,1070,45,17584,21016,16,3,21,5,3,1,3,3,5,3,3,3,4,2,3,No,45-54,"5-7 Years","21+ Years",High,"0-5 Miles"
387,42,Male,Married,1,"Life Sciences",Sales,"Sales Executive",2,Travel_Rarely,No,1,635,99,4907,24532,25,0,20,20,16,11,6,1,3,2,3,3,3,3,4,No,35-44,"11+ Years","11-20 Years",Lower-Middle,"0-5 Miles"
388,29,Male,Single,2,"Life Sciences",Sales,"Sales Executive",2,Travel_Frequently,No,2,442,44,4554,20260,18,0,10,10,7,0,9,1,3,2,3,4,1,2,3,No,25-34,"8-10 Years","6-10 Years",Lower-Middle,"0-5 Miles"
389,55,Male,Married,2,"Technical Degree","Research & Development","Laboratory Technician",2,Travel_Rarely,Yes,20,147,37,5415,15972,19,1,12,10,7,0,8,3,4,2,3,4,4,3,3,No,55+,"8-10 Years","11-20 Years",Lower-Middle,"11-20 Miles"
390,26,Male,Married,2,Medical,"Research & Development","Healthcare Representative",2,Travel_Frequently,Yes,11,496,60,4741,22722,13,1,5,5,3,3,3,1,3,1,3,1,3,3,3,No,25-34,"5-7 Years","3-5 Years",Lower-Middle,"11-20 Miles"
391,37,Female,Single,3,"Life Sciences","Research & Development","Research Scientist",1,Travel_Rarely,No,1,1372,42,2115,15881,12,0,17,17,12,5,7,1,3,4,3,4,2,3,3,No,35-44,"11+ Years","11-20 Years",Low,"0-5 Miles"
392,44,Male,Divorced,3,"Life Sciences","Research & Development","Laboratory Technician",1,Travel_Frequently,Yes,24,920,43,3161,19920,22,1,19,1,0,0,0,3,0,4,3,3,4,1,4,Yes,35-44,"<2 Years","11-20 Years",Lower-Middle,"21+ Miles"
393,38,Male,Divorced,4,"Life Sciences","Research & Development","Healthcare Representative",2,Travel_Rarely,No,23,688,82,5745,18899,14,1,10,2,2,1,2,9,2,4,3,4,2,3,3,No,35-44,"2-4 Years","6-10 Years",Lower-Middle,"21+ Miles"
394,26,Male,Divorced,4,Medical,"Research & Development","Laboratory Technician",1,Travel_Rarely,Yes,16,1449,45,2373,14180,13,1,5,3,2,0,2,2,2,1,3,2,4,3,3,Yes,25-34,"2-4 Years","3-5 Years",Low,"11-20 Miles"
395,28,Female,Single,2,"Life Sciences","Research & Development","Research Scientist",1,Travel_Rarely,No,8,1117,66,3310,4488,21,0,5,5,3,0,2,1,3,4,3,4,4,3,4,No,25-34,"5-7 Years","3-5 Years",Lower-Middle,"6-10 Miles"
396,49,Female,Single,4,"Life Sciences","Research & Development","Research Director",5,Travel_Frequently,Yes,10,636,35,18665,25594,11,0,22,3,2,1,2,9,4,3,3,1,4,3,3,No,45-54,"2-4 Years","21+ Years",High,"6-10 Miles"
397,36,Male,Single,3,"Technical Degree","Research & Development","Research Scientist",2,Travel_Rarely,No,3,506,30,4485,26285,12,0,10,8,0,7,7,4,2,3,3,2,4,3,3,No,35-44,"8-10 Years","6-10 Years",Lower-Middle,"0-5 Miles"
399,31,Female,Divorced,3,Marketing,Sales,"Sales Representative",1,Travel_Frequently,No,5,444,84,2789,3909,11,1,2,2,2,2,2,1,5,4,3,2,3,2,3,No,25-34,"2-4 Years","0-2 Years",Low,"0-5 Miles"
401,26,Male,Single,4,Marketing,Sales,"Sales Executive",2,Travel_Rarely,Yes,4,950,48,5828,8450,12,0,8,8,7,7,4,1,0,4,2,4,2,3,3,Yes,25-34,"8-10 Years","6-10 Years",Lower-Middle,"0-5 Miles"
403,37,Male,Married,3,Medical,"Research & Development","Research Scientist",1,Travel_Frequently,Yes,9,889,53,2326,11411,12,3,4,4,2,1,2,1,3,2,3,4,3,2,3,No,35-44,"2-4 Years","3-5 Years",Low,"6-10 Miles"
404,42,Female,Married,3,Marketing,Sales,"Sales Executive",4,Travel_Frequently,No,26,555,77,13525,14864,14,1,23,20,4,4,8,5,2,3,3,2,4,4,3,No,35-44,"11+ Years","21+ Years",High,"21+ Miles"
405,18,Male,Single,3,"Life Sciences","Research & Development","Laboratory Technician",1,Travel_Rarely,No,3,230,54,1420,25233,13,0,0,0,0,0,0,1,2,3,3,3,3,3,3,Yes,"Under 25","<2 Years","0-2 Years",Low,"0-5 Miles"
406,35,Male,Married,3,Marketing,Sales,"Sales Executive",3,Travel_Rarely,No,16,1232,96,8020,5100,15,2,12,11,9,6,9,0,3,3,3,2,3,2,3,No,35-44,"11+ Years","11-20 Years",Upper-Middle,"11-20 Miles"
407,36,Male,Married,4,"Life Sciences","Research & Development","Laboratory Technician",1,Travel_Frequently,No,18,566,81,3688,7122,18,2,4,1,0,0,0,4,2,3,4,4,4,3,3,No,35-44,"<2 Years","3-5 Years",Lower-Middle,"11-20 Miles"
408,51,Male,Divorced,3,Medical,"Research & Development","Manufacturing Director",2,Travel_Rarely,No,2,1302,84,5482,16321,18,1,13,4,1,1,2,5,3,4,1,2,4,3,3,No,45-54,"2-4 Years","11-20 Years",Lower-Middle,"0-5 Miles"
410,41,Male,Single,4,"Life Sciences",Sales,Manager,4,Travel_Rarely,No,2,334,88,16015,15896,19,0,22,22,10,0,4,1,2,4,3,2,2,3,3,No,35-44,"11+ Years","21+ Years",High,"0-5 Miles"
411,18,Female,Single,3,Medical,Sales,"Sales Representative",1,Travel_Rarely,No,10,812,69,1200,9724,12,0,0,0,0,0,0,1,2,4,2,3,1,3,3,No,"Under 25","<2 Years","0-2 Years",Low,"6-10 Miles"
412,28,Male,Single,2,Medical,"Research & Development","Healthcare Representative",2,Travel_Rarely,No,16,1476,68,5661,4824,19,0,9,8,3,0,7,0,2,2,4,1,3,3,3,No,25-34,"8-10 Years","6-10 Years",Lower-Middle,"11-20 Miles"
416,31,Male,Married,3,"Technical Degree",Sales,"Sales Executive",2,Travel_Rarely,No,7,218,100,6929,12241,11,1,10,8,7,7,7,4,3,2,4,4,2,2,3,No,25-34,"8-10 Years","6-10 Years",Upper-Middle,"6-10 Miles"
417,39,Male,Divorced,3,Medical,"Research & Development","Healthcare Representative",3,Travel_Rarely,No,1,1132,48,9613,10942,17,3,19,18,10,3,7,0,5,3,4,4,1,2,3,No,35-44,"11+ Years","11-20 Years",Upper-Middle,"0-5 Miles"
419,36,Female,Married,4,"Life Sciences","Research & Development","Laboratory Technician",2,Non-Travel,No,24,1105,47,5674,6927,15,1,11,9,8,0,8,7,3,2,3,2,3,3,3,No,35-44,"8-10 Years","11-20 Years",Lower-Middle,"21+ Miles"
420,32,Male,Married,3,"Life Sciences",Sales,"Sales Executive",2,Travel_Rarely,No,7,906,91,5484,16985,14,1,13,13,8,4,8,1,3,4,2,3,3,2,3,No,25-34,"11+ Years","11-20 Years",Lower-Middle,"6-10 Miles"
421,38,Female,Married,2,"Life Sciences","Research & Development","Research Director",3,Travel_Rarely,No,25,849,81,12061,26707,17,1,19,10,8,0,1,3,2,1,2,2,3,3,3,No,35-44,"8-10 Years","11-20 Years",High,"21+ Miles"
422,58,Male,Divorced,4,"Life Sciences","Research & Development","Healthcare Representative",2,Non-Travel,Yes,1,390,32,5660,17056,13,1,12,5,3,1,2,2,2,4,1,3,4,3,3,No,55+,"5-7 Years","11-20 Years",Lower-Middle,"0-5 Miles"
423,31,Male,Married,4,"Technical Degree","Research & Development","Research Scientist",1,Travel_Rarely,Yes,5,691,86,4821,10077,12,1,6,5,2,0,3,0,4,3,3,4,3,3,3,No,25-34,"5-7 Years","6-10 Years",Lower-Middle,"0-5 Miles"
424,31,Male,Married,3,"Human Resources","Human Resources","Human Resources",2,Travel_Rarely,No,2,106,62,6410,17822,12,0,9,2,2,1,0,3,1,1,2,1,4,3,3,No,25-34,"2-4 Years","6-10 Years",Upper-Middle,"0-5 Miles"
425,45,Male,Divorced,3,"Life Sciences","Research & Development","Laboratory Technician",3,Travel_Frequently,No,7,1249,97,5210,20308,18,1,24,24,9,9,11,1,2,1,3,1,1,3,3,No,45-54,"11+ Years","21+ Years",Lower-Middle,"6-10 Miles"
426,31,Male,Divorced,4,"Life Sciences","Research & Development","Research Scientist",1,Travel_Rarely,Yes,2,192,32,2695,7747,18,1,3,2,2,2,2,0,2,3,3,4,2,1,3,No,25-34,"2-4 Years","3-5 Years",Low,"0-5 Miles"
428,33,Female,Married,4,"Life Sciences","Research & Development",Manager,3,Travel_Frequently,No,5,553,74,11878,23364,11,2,12,10,6,8,8,6,2,4,3,2,2,3,3,No,25-34,"8-10 Years","11-20 Years",High,"0-5 Miles"
429,39,Male,Married,1,Medical,"Research & Development",Manager,4,Travel_Rarely,Yes,10,117,99,17068,5355,14,0,21,21,9,11,10,1,3,3,3,1,4,3,3,No,35-44,"11+ Years","21+ Years",High,"6-10 Miles"
430,43,Female,Single,4,"Life Sciences","Research & Development","Laboratory Technician",1,Travel_Frequently,No,10,185,33,2455,10675,19,0,9,8,7,1,7,0,5,3,3,4,1,3,3,No,35-44,"8-10 Years","6-10 Years",Low,"6-10 Miles"
431,49,Female,Single,2,"Technical Degree","Research & Development","Healthcare Representative",4,Travel_Rarely,Yes,1,1091,90,13964,17810,12,0,25,7,1,0,7,7,2,3,2,3,4,3,3,No,45-54,"5-7 Years","21+ Years",High,"0-5 Miles"
433,52,Male,Married,4,Medical,"Research & Development","Research Scientist",2,Travel_Rarely,No,8,723,85,4941,17747,15,0,11,8,2,7,7,2,3,3,2,2,1,2,3,Yes,45-54,"8-10 Years","11-20 Years",Lower-Middle,"6-10 Miles"
434,27,Female,Single,3,"Life Sciences","Research & Development","Research Scientist",1,Travel_Rarely,Yes,5,1220,85,2478,20938,12,0,4,4,3,1,2,1,2,3,3,2,2,2,3,No,25-34,"2-4 Years","3-5 Years",Low,"0-5 Miles"
436,32,Female,Married,2,"Technical Degree",Sales,"Sales Executive",2,Travel_Rarely,Yes,8,588,65,5228,24624,11,0,13,13,12,11,9,1,2,3,2,2,4,3,3,No,25-34,"11+ Years","11-20 Years",Lower-Middle,"6-10 Miles"
437,27,Male,Single,3,"Life Sciences",Sales,"Sales Executive",2,Travel_Rarely,Yes,2,1377,74,4478,5242,11,0,5,5,4,0,4,1,3,4,3,3,1,3,3,No,25-34,"5-7 Years","3-5 Years",Lower-Middle,"0-5 Miles"
438,31,Male,Divorced,3,Marketing,Sales,"Sales Executive",2,Travel_Rarely,No,7,691,73,7547,7143,12,3,13,7,7,1,7,4,3,4,3,4,4,3,3,No,25-34,"5-7 Years","11-20 Years",Upper-Middle,"6-10 Miles"
439,32,Female,Single,4,Medical,"Research & Development","Research Scientist",2,Travel_Rarely,No,2,1018,74,5055,10557,16,0,10,7,7,0,7,7,0,1,4,4,3,2,3,No,25-34,"5-7 Years","6-10 Years",Lower-Middle,"0-5 Miles"
440,28,Male,Married,4,Medical,"Research & Development","Research Scientist",1,Travel_Rarely,Yes,2,1157,84,3464,24737,13,0,5,3,2,2,2,5,4,1,1,4,4,2,3,Yes,25-34,"2-4 Years","3-5 Years",Lower-Middle,"0-5 Miles"
441,30,Female,Married,2,Medical,"Research & Development","Research Scientist",2,Travel_Rarely,No,28,1275,64,5775,11934,13,2,11,10,8,1,9,1,2,4,3,4,4,3,3,No,25-34,"8-10 Years","11-20 Years",Lower-Middle,"21+ Miles"
442,31,Female,Married,2,"Life Sciences","Research & Development","Manufacturing Director",3,Travel_Frequently,No,7,798,48,8943,14034,24,1,10,10,9,8,9,1,2,3,2,3,1,3,4,No,25-34,"8-10 Years","6-10 Years",Upper-Middle,"6-10 Miles"
444,39,Male,Married,2,Medical,"Research & Development",Manager,5,Travel_Frequently,No,7,672,54,19272,21141,15,1,21,21,9,13,3,1,2,3,2,4,1,3,3,No,35-44,"11+ Years","21+ Years",High,"6-10 Miles"
445,39,Female,Married,2,Medical,Sales,"Sales Executive",2,Travel_Rarely,Yes,3,1162,41,5238,17778,18,0,12,1,0,0,0,4,3,4,3,3,1,2,3,Yes,35-44,"<2 Years","11-20 Years",Lower-Middle,"0-5 Miles"
446,33,Male,Single,3,Marketing,Sales,"Sales Executive",2,Travel_Frequently,No,10,508,46,4682,4317,14,0,9,7,7,0,1,3,6,2,2,4,3,2,3,No,25-34,"5-7 Years","6-10 Years",Lower-Middle,"6-10 Miles"
447,47,Male,Married,5,"Life Sciences","Research & Development","Research Director",5,Travel_Rarely,No,5,1482,42,18300,16375,11,1,21,3,2,1,1,4,2,4,3,3,2,3,3,No,45-54,"2-4 Years","21+ Years",High,"0-5 Miles"
448,43,Female,Divorced,4,"Life Sciences","Research & Development","Laboratory Technician",2,Travel_Frequently,No,10,559,82,5257,6227,11,1,9,9,7,0,0,1,3,3,2,3,2,4,3,No,35-44,"8-10 Years","6-10 Years",Lower-Middle,"6-10 Miles"
449,27,Male,Married,1,Marketing,Sales,"Sales Executive",2,Non-Travel,Yes,1,210,73,6349,22107,13,1,6,5,4,1,4,0,0,3,3,2,4,3,3,No,25-34,"5-7 Years","6-10 Years",Upper-Middle,"0-5 Miles"
450,54,Female,Single,4,"Life Sciences","Research & Development","Research Scientist",2,Travel_Frequently,No,20,928,31,4869,16885,12,0,20,4,3,0,3,3,4,4,3,3,4,2,3,No,45-54,"2-4 Years","11-20 Years",Lower-Middle,"11-20 Miles"
451,43,Female,Married,3,"Life Sciences","Research & Development","Healthcare Representative",3,Travel_Rarely,No,7,1001,43,9985,9262,16,1,10,1,0,0,0,8,1,3,3,1,1,2,3,No,35-44,"<2 Years","6-10 Years",Upper-Middle,"6-10 Miles"
452,45,Male,Married,4,Other,"Research & Development","Research Scientist",2,Travel_Rarely,No,8,549,75,3697,9278,14,2,12,10,9,9,8,9,3,4,3,4,1,3,3,No,45-54,"8-10 Years","11-20 Years",Lower-Middle,"6-10 Miles"
453,40,Male,Married,2,Medical,Sales,"Sales Executive",2,Travel_Rarely,Yes,1,1124,57,7457,13273,22,3,6,4,3,0,2,2,2,2,1,4,3,2,4,No,35-44,"2-4 Years","6-10 Years",Upper-Middle,"0-5 Miles"
454,29,Male,Married,4,Other,"Research & Development","Laboratory Technician",1,Travel_Rarely,Yes,8,318,77,2119,4759,11,0,7,7,7,0,7,1,4,2,1,1,4,2,3,Yes,25-34,"5-7 Years","6-10 Years",Low,"6-10 Miles"
455,29,Male,Single,5,Other,"Research & Development","Laboratory Technician",1,Travel_Rarely,No,9,738,30,3983,7621,17,0,4,3,2,2,2,0,2,2,2,4,3,3,3,No,25-34,"2-4 Years","3-5 Years",Lower-Middle,"6-10 Miles"
456,30,Female,Divorced,3,Marketing,Sales,"Sales Executive",2,Travel_Rarely,No,5,570,30,6118,5431,13,3,10,10,9,1,2,1,2,4,2,3,3,3,3,No,25-34,"8-10 Years","6-10 Years",Upper-Middle,"0-5 Miles"
458,27,Female,Married,4,Marketing,Sales,"Sales Executive",2,Travel_Rarely,No,8,1130,56,6214,3415,18,1,8,8,7,0,7,1,3,2,3,2,1,3,3,No,25-34,"8-10 Years","6-10 Years",Upper-Middle,"6-10 Miles"
460,37,Male,Divorced,2,Medical,"Research & Development","Manufacturing Director",2,Travel_Rarely,No,5,1192,61,6347,23177,16,2,8,6,2,0,4,7,2,4,3,4,3,2,3,No,35-44,"5-7 Years","6-10 Years",Upper-Middle,"0-5 Miles"
461,38,Male,Divorced,2,"Life Sciences","Research & Development","Research Director",3,Travel_Rarely,Yes,15,343,92,11510,15682,14,1,12,11,10,2,9,0,3,3,2,4,2,3,3,No,35-44,"11+ Years","11-20 Years",High,"11-20 Miles"
462,31,Female,Single,4,Medical,"Research & Development","Manufacturing Director",3,Travel_Rarely,Yes,7,1232,39,7143,25713,14,0,11,11,9,4,10,1,2,3,3,4,3,2,3,No,25-34,"11+ Years","11-20 Years",Upper-Middle,"6-10 Miles"
463,29,Female,Divorced,1,Marketing,Sales,"Sales Executive",2,Travel_Rarely,Yes,10,144,39,8268,11866,14,2,7,7,7,1,7,1,2,4,2,2,1,3,3,No,25-34,"5-7 Years","6-10 Years",Upper-Middle,"6-10 Miles"
464,35,Male,Single,4,"Technical Degree","Research & Development","Manufacturing Director",3,Travel_Rarely,No,5,1296,62,8095,18264,13,0,17,16,6,0,13,0,5,3,3,2,4,3,3,No,35-44,"11+ Years","11-20 Years",Upper-Middle,"0-5 Miles"
465,23,Male,Divorced,1,"Life Sciences","Research & Development","Research Scientist",1,Travel_Rarely,No,26,1309,83,2904,16092,12,2,4,4,2,0,2,1,2,3,3,4,3,2,3,No,"Under 25","2-4 Years","3-5 Years",Low,"21+ Miles"
466,41,Male,Single,3,Medical,"Research & Development","Manufacturing Director",2,Travel_Rarely,Yes,6,483,95,6032,10110,15,0,8,5,4,1,2,6,3,4,2,2,4,3,3,No,35-44,"5-7 Years","6-10 Years",Upper-Middle,"6-10 Miles"
467,47,Male,Single,1,Medical,Sales,"Sales Representative",2,Travel_Frequently,No,4,1309,99,2976,25751,19,0,5,0,0,0,0,3,3,2,3,3,1,3,3,No,45-54,"<2 Years","3-5 Years",Low,"0-5 Miles"
468,42,Female,Single,5,"Life Sciences","Research & Development","Research Director",4,Travel_Rarely,No,23,810,44,15992,15901,14,0,16,1,0,0,0,2,2,1,3,4,2,3,3,No,35-44,"<2 Years","11-20 Years",High,"21+ Miles"
469,29,Male,Married,3,"Life Sciences",Sales,"Sales Executive",2,Non-Travel,No,2,746,61,4649,16928,14,1,4,4,3,0,2,1,3,4,3,3,1,2,3,No,25-34,"2-4 Years","3-5 Years",Lower-Middle,"0-5 Miles"
470,42,Male,Divorced,1,"Technical Degree","Human Resources","Human Resources",1,Travel_Rarely,Yes,2,544,52,2696,24017,11,1,4,3,2,1,0,0,5,3,3,3,3,3,3,No,35-44,"2-4 Years","3-5 Years",Low,"0-5 Miles"
471,32,Female,Married,3,Medical,"Research & Development","Laboratory Technician",1,Travel_Rarely,No,2,1062,75,2370,3956,13,1,8,8,0,0,7,1,4,3,3,2,3,3,3,No,25-34,"8-10 Years","6-10 Years",Low,"0-5 Miles"
473,48,Female,Married,1,Medical,Sales,Manager,3,Travel_Rarely,No,29,530,91,12504,23978,21,1,15,0,0,0,0,3,3,1,3,3,2,1,4,No,45-54,"<2 Years","11-20 Years",High,"21+ Miles"
474,37,Male,Divorced,3,Medical,"Research & Development","Research Scientist",2,Travel_Rarely,Yes,6,1319,51,5974,17001,13,2,13,7,7,6,7,4,2,3,4,1,1,3,3,No,35-44,"5-7 Years","11-20 Years",Lower-Middle,"6-10 Miles"
475,30,Female,Married,2,"Technical Degree",Sales,"Sales Executive",2,Non-Travel,Yes,25,641,85,4736,6069,12,1,4,2,2,2,2,7,2,4,3,3,2,4,3,No,25-34,"2-4 Years","3-5 Years",Lower-Middle,"21+ Miles"
476,26,Male,Married,3,"Life Sciences",Sales,"Sales Executive",2,Travel_Rarely,No,1,933,57,5296,20156,17,1,8,8,7,7,7,1,3,3,3,3,2,3,3,No,25-34,"8-10 Years","6-10 Years",Lower-Middle,"0-5 Miles"
477,42,Male,Single,4,Other,"Research & Development","Healthcare Representative",2,Travel_Rarely,No,2,1332,98,6781,17078,23,0,14,1,0,0,0,3,6,1,2,4,2,3,4,No,35-44,"<2 Years","11-20 Years",Upper-Middle,"0-5 Miles"
478,21,Female,Single,1,"Technical Degree",Sales,"Sales Representative",1,Travel_Frequently,Yes,1,756,99,2174,9150,11,0,3,3,2,1,2,1,3,1,2,2,3,3,3,Yes,"Under 25","2-4 Years","3-5 Years",Low,"0-5 Miles"
479,36,Female,Single,5,Medical,Sales,"Sales Executive",2,Non-Travel,No,1,845,45,6653,15276,15,0,7,1,0,0,0,4,6,4,3,4,2,3,3,No,35-44,"<2 Years","6-10 Years",Upper-Middle,"0-5 Miles"
481,36,Male,Married,4,Medical,Sales,"Sales Executive",3,Travel_Frequently,No,3,541,48,9699,7246,11,1,16,13,9,1,12,4,2,1,2,4,1,3,3,No,35-44,"11+ Years","11-20 Years",Upper-Middle,"0-5 Miles"
482,57,Male,Married,4,Medical,"Research & Development","Healthcare Representative",2,Travel_Rarely,No,1,593,88,6755,2967,11,0,15,3,2,1,2,2,2,4,3,3,3,3,3,No,55+,"2-4 Years","11-20 Years",Upper-Middle,"0-5 Miles"
483,40,Female,Married,4,"Life Sciences","Research & Development","Laboratory Technician",1,Travel_Rarely,Yes,10,1171,46,2213,22495,13,1,10,7,7,1,7,3,3,4,4,3,3,3,3,No,35-44,"5-7 Years","6-10 Years",Low,"6-10 Miles"
484,21,Male,Single,2,Medical,Sales,"Sales Representative",1,Non-Travel,No,9,895,39,2610,2851,24,0,3,3,2,2,2,1,3,1,3,4,3,2,4,No,"Under 25","2-4 Years","3-5 Years",Low,"6-10 Miles"
485,33,Female,Single,3,Marketing,Sales,"Sales Representative",1,Travel_Rarely,Yes,5,350,34,2851,9150,13,0,1,1,0,0,0,1,2,4,3,3,2,3,3,Yes,25-34,"<2 Years","0-2 Years",Low,"0-5 Miles"
486,37,Female,Married,3,Medical,"Research & Development","Laboratory Technician",1,Travel_Rarely,No,10,921,98,3452,17663,20,1,17,5,4,0,3,6,3,3,3,1,2,3,4,No,35-44,"5-7 Years","11-20 Years",Lower-Middle,"6-10 Miles"
487,46,Female,Married,4,Medical,"Research & Development","Manufacturing Director",2,Non-Travel,No,7,1144,30,5258,16044,14,0,7,1,0,0,0,2,2,3,3,3,3,4,3,No,45-54,"<2 Years","6-10 Years",Lower-Middle,"6-10 Miles"
488,41,Male,Single,3,Marketing,Sales,"Sales Executive",2,Travel_Frequently,No,4,143,56,9355,9558,18,0,8,8,7,7,7,1,5,1,3,2,3,3,3,Yes,35-44,"8-10 Years","6-10 Years",Upper-Middle,"0-5 Miles"
491,50,Male,Single,3,"Technical Degree","Research & Development","Healthcare Representative",3,Travel_Rarely,No,10,1046,100,10496,2755,15,0,20,4,3,1,3,6,2,4,2,4,4,3,3,No,45-54,"2-4 Years","11-20 Years",High,"6-10 Miles"
492,40,Male,Married,2,Marketing,Sales,"Sales Executive",2,Travel_Rarely,Yes,22,575,68,6380,6110,12,2,8,6,4,1,0,2,6,3,2,3,1,3,3,Yes,35-44,"5-7 Years","6-10 Years",Upper-Middle,"21+ Miles"
493,31,Male,Single,4,"Life Sciences","Research & Development","Research Scientist",1,Travel_Rarely,Yes,9,408,42,2657,7551,16,0,3,2,2,2,2,0,5,3,2,2,4,3,3,No,25-34,"2-4 Years","3-5 Years",Low,"6-10 Miles"
494,21,Female,Single,3,"Life Sciences",Sales,"Sales Representative",1,Travel_Rarely,No,12,156,90,2716,25422,15,0,1,1,0,0,0,1,0,3,4,2,4,3,3,Yes,"Under 25","<2 Years","0-2 Years",Low,"11-20 Miles"
495,29,Male,Single,3,"Life Sciences","Research & Development","Research Scientist",1,Travel_Rarely,No,23,1283,54,2201,18168,16,0,6,3,2,1,2,9,4,4,3,4,4,3,3,No,25-34,"2-4 Years","6-10 Years",Low,"21+ Miles"
496,35,Male,Single,4,"Life Sciences","Research & Development","Healthcare Representative",2,Travel_Rarely,No,9,755,97,6540,19394,19,0,10,1,1,0,0,9,5,3,2,2,3,3,3,No,35-44,"<2 Years","6-10 Years",Upper-Middle,"6-10 Miles"
497,27,Male,Divorced,2,Medical,"Research & Development","Laboratory Technician",1,Travel_Rarely,No,1,1469,82,3816,17881,11,1,5,5,2,0,4,1,2,4,3,2,2,3,3,No,25-34,"5-7 Years","3-5 Years",Lower-Middle,"0-5 Miles"
498,28,Male,Single,4,"Life Sciences",Sales,"Sales Executive",2,Travel_Rarely,No,9,304,92,5253,20750,16,0,7,7,5,0,7,1,1,2,3,4,4,3,3,No,25-34,"5-7 Years","6-10 Years",Lower-Middle,"6-10 Miles"
499,49,Male,Single,3,Other,"Research & Development","Healthcare Representative",3,Travel_Rarely,No,7,1261,31,10965,12066,24,0,26,5,2,0,0,8,2,2,2,3,3,3,4,No,45-54,"5-7 Years","21+ Years",High,"6-10 Miles"
500,51,Female,Married,2,"Life Sciences",Sales,"Sales Executive",2,Travel_Rarely,No,14,1178,87,4936,14862,11,1,18,7,7,0,7,4,2,3,3,4,3,2,3,No,45-54,"5-7 Years","11-20 Years",Lower-Middle,"11-20 Miles"
501,36,Female,Married,3,"Life Sciences","Research & Development","Research Scientist",1,Travel_Rarely,No,2,329,96,2543,11868,13,1,6,2,2,2,2,4,3,4,3,3,2,3,3,No,35-44,"2-4 Years","6-10 Years",Low,"0-5 Miles"
502,34,Male,Single,3,Marketing,Sales,"Sales Executive",2,Non-Travel,Yes,19,1362,67,5304,4652,13,0,9,5,2,0,4,8,3,1,4,4,2,2,3,Yes,25-34,"5-7 Years","6-10 Years",Lower-Middle,"11-20 Miles"
505,55,Female,Single,3,"Life Sciences","Research & Development",Manager,4,Travel_Rarely,Yes,2,1311,97,16659,23258,13,0,30,5,4,1,2,2,2,3,3,4,3,3,3,No,55+,"5-7 Years","21+ Years",High,"0-5 Miles"
507,24,Female,Divorced,4,Marketing,Sales,"Sales Executive",2,Travel_Rarely,Yes,10,1371,77,4260,5915,12,1,5,5,2,0,3,1,2,4,3,3,4,4,3,No,"Under 25","5-7 Years","3-5 Years",Lower-Middle,"6-10 Miles"
508,30,Male,Married,1,"Technical Degree",Sales,"Sales Representative",1,Travel_Rarely,No,2,202,72,2476,17434,18,1,1,1,0,0,0,1,3,3,3,2,1,3,3,No,25-34,"<2 Years","0-2 Years",Low,"0-5 Miles"
510,26,Male,Single,1,"Technical Degree","Research & Development","Research Scientist",1,Travel_Frequently,No,3,575,73,3102,6582,22,0,7,6,4,0,4,0,2,3,3,1,3,3,4,Yes,25-34,"5-7 Years","6-10 Years",Lower-Middle,"0-5 Miles"
511,22,Female,Married,3,Medical,"Research & Development","Research Scientist",1,Travel_Rarely,No,11,253,43,2244,24440,13,1,2,2,1,1,2,1,1,1,3,2,4,3,3,No,"Under 25","2-4 Years","0-2 Years",Low,"11-20 Miles"
513,36,Male,Married,2,Medical,Sales,"Sales Executive",3,Travel_Rarely,No,2,164,61,7596,3809,13,2,10,10,9,9,0,1,2,2,2,3,2,3,3,No,35-44,"8-10 Years","6-10 Years",Upper-Middle,"0-5 Miles"
514,30,Male,Single,3,"Technical Degree","Research & Development","Research Scientist",1,Travel_Frequently,Yes,4,464,40,2285,3427,23,0,3,1,0,0,0,9,4,3,3,4,3,3,4,Yes,25-34,"<2 Years","3-5 Years",Low,"0-5 Miles"
515,37,Female,Divorced,3,"Life Sciences","Research & Development","Laboratory Technician",1,Travel_Rarely,No,14,1107,95,3034,26914,12,1,18,18,7,12,17,1,2,4,3,1,3,2,3,No,35-44,"11+ Years","11-20 Years",Lower-Middle,"11-20 Miles"
516,40,Female,Divorced,2,Marketing,Sales,"Sales Executive",2,Travel_Rarely,No,2,759,46,5715,22553,12,2,8,5,4,1,3,7,5,4,3,2,3,3,3,No,35-44,"5-7 Years","6-10 Years",Lower-Middle,"0-5 Miles"
517,42,Female,Divorced,4,"Life Sciences","Research & Development","Laboratory Technician",1,Travel_Rarely,No,1,201,95,2576,20490,16,1,8,5,2,1,2,3,5,2,3,1,2,3,3,No,35-44,"5-7 Years","6-10 Years",Low,"0-5 Miles"
518,37,Male,Single,4,"Life Sciences","Research & Development","Manufacturing Director",2,Travel_Rarely,Yes,10,1305,49,4197,21123,12,0,18,1,0,0,1,2,2,3,3,2,4,2,3,No,35-44,"<2 Years","11-20 Years",Lower-Middle,"6-10 Miles"
520,43,Male,Divorced,3,"Life Sciences","Research & Development","Research Director",4,Travel_Rarely,No,12,982,59,14336,4345,11,1,25,25,10,3,9,1,3,1,2,2,3,3,3,No,35-44,"11+ Years","21+ Years",High,"11-20 Miles"
521,40,Female,Married,3,Medical,"Research & Development","Laboratory Technician",2,Travel_Rarely,No,2,555,78,3448,13436,22,1,20,1,0,0,0,6,3,2,2,3,2,3,4,No,35-44,"<2 Years","11-20 Years",Lower-Middle,"0-5 Miles"
522,54,Male,Married,2,Medical,"Research & Development","Research Director",5,Travel_Rarely,No,5,821,86,19406,8509,11,1,24,4,2,1,2,4,4,1,3,1,3,2,3,No,45-54,"2-4 Years","21+ Years",High,"0-5 Miles"
523,34,Female,Married,4,Marketing,Sales,"Sales Executive",2,Non-Travel,No,4,1381,72,6538,12740,15,1,6,3,2,1,2,9,3,3,3,3,1,3,3,No,25-34,"2-4 Years","6-10 Years",Upper-Middle,"0-5 Miles"
524,31,Female,Married,2,Medical,"Research & Development","Manufacturing Director",2,Travel_Rarely,No,7,480,31,4306,4156,12,1,13,13,10,3,12,1,5,2,3,1,2,1,3,No,25-34,"11+ Years","11-20 Years",Lower-Middle,"6-10 Miles"
525,43,Male,Married,3,Medical,"Research & Development","Laboratory Technician",1,Travel_Frequently,No,21,313,61,2258,15238,20,1,8,3,2,1,2,7,1,4,3,4,1,3,4,No,35-44,"2-4 Years","6-10 Years",Low,"21+ Miles"
526,43,Female,Divorced,4,Other,"Research & Development","Healthcare Representative",2,Travel_Rarely,Yes,8,1473,74,4522,2227,14,0,8,5,2,0,2,4,3,3,3,3,4,3,3,No,35-44,"5-7 Years","6-10 Years",Lower-Middle,"6-10 Miles"
527,25,Female,Single,2,"Life Sciences",Sales,"Sales Executive",2,Travel_Rarely,Yes,4,891,99,4487,12090,11,0,5,5,4,1,3,1,3,2,2,4,2,3,3,No,25-34,"5-7 Years","3-5 Years",Lower-Middle,"0-5 Miles"
529,37,Female,Married,5,Medical,"Research & Development","Research Scientist",2,Non-Travel,Yes,25,1063,72,4449,23866,15,2,15,13,11,10,7,3,2,2,3,3,1,3,3,No,35-44,"11+ Years","11-20 Years",Lower-Middle,"21+ Miles"
530,31,Male,Married,2,"Life Sciences","Research & Development","Laboratory Technician",1,Travel_Rarely,No,1,329,98,2218,16193,12,1,4,4,2,3,2,1,3,4,2,1,3,3,3,No,25-34,"2-4 Years","3-5 Years",Low,"0-5 Miles"
531,39,Male,Divorced,1,"Life Sciences","Research & Development",Manager,5,Travel_Frequently,Yes,1,1218,52,19197,8213,14,1,21,21,8,1,6,1,3,2,3,3,3,3,3,No,35-44,"11+ Years","21+ Years",High,"0-5 Miles"
532,56,Female,Married,3,"Life Sciences",Sales,"Sales Executive",4,Travel_Frequently,No,6,906,86,13212,18256,11,3,36,7,7,7,7,9,0,3,4,1,4,2,3,No,55+,"5-7 Years","21+ Years",High,"6-10 Miles"
533,30,Female,Single,3,"Technical Degree",Sales,"Sales Executive",2,Travel_Rarely,No,12,1082,83,6577,19558,11,0,6,5,4,4,4,0,6,2,3,3,2,3,3,No,25-34,"5-7 Years","6-10 Years",Upper-Middle,"11-20 Miles"
534,41,Male,Married,3,Marketing,Sales,"Sales Executive",3,Travel_Rarely,No,1,645,49,8392,19566,16,1,10,10,7,0,7,1,2,2,4,1,3,3,3,No,35-44,"8-10 Years","6-10 Years",Upper-Middle,"0-5 Miles"
536,28,Male,Divorced,2,Medical,"Research & Development","Laboratory Technician",2,Travel_Rarely,No,17,1300,79,4558,13535,12,1,10,10,0,1,8,1,2,3,3,1,4,3,3,No,25-34,"8-10 Years","6-10 Years",Lower-Middle,"11-20 Miles"
538,25,Male,Married,3,Medical,"Research & Development","Laboratory Technician",1,Travel_Rarely,No,3,688,91,4031,9396,13,1,6,2,2,0,2,5,5,1,3,1,3,3,3,Yes,25-34,"2-4 Years","6-10 Years",Lower-Middle,"0-5 Miles"
543,52,Male,Married,3,Medical,"Research & Development","Manufacturing Director",3,Travel_Rarely,Yes,3,319,39,7969,19609,14,0,28,5,4,0,4,2,4,4,2,3,3,3,3,No,45-54,"5-7 Years","21+ Years",Upper-Middle,"0-5 Miles"
544,45,Male,Married,2,"Life Sciences","Research & Development","Research Scientist",1,Travel_Rarely,No,10,192,69,2654,9655,21,2,8,2,2,0,2,3,3,1,3,4,4,2,4,No,45-54,"2-4 Years","6-10 Years",Low,"6-10 Miles"
546,52,Female,Married,2,"Life Sciences","Research & Development",Manager,4,Travel_Rarely,No,4,1490,30,16555,10310,13,0,31,5,2,1,4,2,2,4,3,4,4,1,3,No,45-54,"5-7 Years","21+ Years",High,"0-5 Miles"
547,42,Female,Divorced,2,"Life Sciences","Research & Development","Research Scientist",2,Travel_Frequently,No,29,532,92,4556,12932,11,1,19,5,4,0,2,2,3,1,3,3,2,3,3,No,35-44,"5-7 Years","11-20 Years",Lower-Middle,"21+ Miles"
548,30,Female,Single,3,"Life Sciences","Research & Development","Manufacturing Director",2,Travel_Rarely,No,2,317,43,6091,24793,20,0,11,5,4,0,2,2,2,3,1,4,3,3,4,No,25-34,"5-7 Years","11-20 Years",Upper-Middle,"0-5 Miles"
549,60,Female,Married,3,"Life Sciences","Research & Development",Manager,5,Travel_Rarely,No,7,422,41,19566,3854,11,0,33,29,8,11,10,5,5,1,3,1,4,1,3,No,55+,"11+ Years","21+ Years",High,"6-10 Miles"
550,46,Female,Divorced,3,Medical,"Research & Development","Manufacturing Director",2,Travel_Rarely,No,18,1485,87,4810,26314,14,1,19,10,7,0,8,2,5,3,3,3,3,2,3,No,45-54,"8-10 Years","11-20 Years",Lower-Middle,"11-20 Miles"
551,42,Female,Married,4,"Technical Degree","Research & Development","Healthcare Representative",2,Travel_Frequently,No,28,1368,88,4523,4386,11,3,7,6,5,0,4,0,4,4,2,4,4,4,3,No,35-44,"5-7 Years","6-10 Years",Lower-Middle,"21+ Miles"
554,24,Female,Single,1,"Technical Degree",Sales,"Sales Representative",1,Travel_Rarely,Yes,1,1448,62,3202,21972,16,0,6,5,3,1,4,1,4,1,3,2,2,3,3,Yes,"Under 25","5-7 Years","6-10 Years",Lower-Middle,"0-5 Miles"
555,34,Female,Divorced,2,Marketing,Sales,"Sales Representative",1,Travel_Frequently,No,6,296,33,2351,12253,16,1,3,2,2,1,0,0,3,4,1,3,4,2,3,Yes,25-34,"2-4 Years","3-5 Years",Low,"6-10 Miles"
556,38,Male,Married,2,"Life Sciences","Research & Development","Laboratory Technician",1,Travel_Frequently,Yes,2,1490,42,1702,12106,23,1,1,1,0,0,0,1,3,4,3,4,3,3,4,No,35-44,"<2 Years","0-2 Years",Low,"0-5 Miles"
558,40,Female,Married,4,"Life Sciences",Sales,Manager,5,Travel_Rarely,No,2,1398,79,18041,13022,14,0,21,20,15,1,12,0,2,3,3,3,4,3,3,No,35-44,"11+ Years","21+ Years",High,"0-5 Miles"
560,26,Female,Divorced,3,"Life Sciences","Research & Development","Research Scientist",1,Travel_Rarely,No,23,1349,90,2886,3032,22,2,3,3,2,0,2,1,3,1,3,4,2,1,4,No,25-34,"2-4 Years","3-5 Years",Low,"21+ Miles"
562,30,Male,Married,3,"Life Sciences","Research & Development","Laboratory Technician",1,Non-Travel,No,3,1400,53,2097,16734,15,1,9,5,3,1,4,4,3,3,3,4,3,1,3,No,25-34,"5-7 Years","6-10 Years",Low,"0-5 Miles"
564,29,Male,Married,4,Medical,"Research & Development","Research Director",3,Travel_Rarely,No,3,986,93,11935,21526,18,0,10,10,2,0,7,1,2,2,2,3,3,3,3,No,25-34,"8-10 Years","6-10 Years",High,"0-5 Miles"
565,29,Female,Married,5,"Technical Degree","Research & Development","Research Scientist",1,Travel_Rarely,No,25,408,71,2546,18300,16,0,6,2,2,1,1,5,2,3,2,2,2,4,3,Yes,25-34,"2-4 Years","6-10 Years",Low,"21+ Miles"
566,19,Male,Single,2,"Technical Degree","Human Resources","Human Resources",1,Travel_Rarely,No,2,489,52,2564,18437,12,0,1,1,0,0,0,1,3,1,2,4,3,4,3,Yes,"Under 25","<2 Years","0-2 Years",Low,"0-5 Miles"
567,30,Female,Married,4,Other,Sales,"Sales Executive",3,Non-Travel,No,22,1398,69,8412,2890,11,0,10,9,8,7,8,0,3,3,3,1,3,3,3,No,25-34,"8-10 Years","6-10 Years",Upper-Middle,"21+ Miles"
568,57,Male,Divorced,3,Marketing,Sales,Manager,4,Travel_Rarely,No,29,210,56,14118,22102,12,1,32,1,0,0,0,3,3,1,2,4,3,2,3,No,55+,"<2 Years","21+ Years",High,"21+ Miles"
569,50,Male,Married,4,"Life Sciences","Research & Development",Manager,4,Travel_Rarely,No,29,1099,88,17046,9314,15,1,28,27,10,15,7,0,2,2,2,3,2,3,3,No,45-54,"11+ Years","21+ Years",High,"21+ Miles"
571,30,Female,Single,3,Medical,"Research & Development","Laboratory Technician",1,Non-Travel,No,2,1116,49,2564,7181,14,0,12,11,7,6,7,0,2,3,3,4,3,2,3,No,25-34,"11+ Years","11-20 Years",Low,"0-5 Miles"
573,60,Female,Married,3,Marketing,Sales,"Sales Executive",3,Travel_Frequently,No,28,1499,80,10266,2845,19,0,22,18,13,13,11,4,5,3,2,1,4,4,3,No,55+,"11+ Years","21+ Years",High,"21+ Miles"
574,47,Female,Divorced,2,Medical,"Research & Development","Manufacturing Director",2,Travel_Rarely,No,2,983,65,5070,7389,13,3,20,5,0,0,4,5,2,1,3,4,3,3,3,No,45-54,"5-7 Years","11-20 Years",Lower-Middle,"0-5 Miles"
575,46,Male,Married,3,"Life Sciences","Research & Development","Research Director",4,Travel_Rarely,No,2,1009,51,17861,2288,13,0,26,3,2,0,1,6,2,1,3,3,3,1,3,No,45-54,"2-4 Years","21+ Years",High,"0-5 Miles"
577,35,Male,Single,3,"Life Sciences","Research & Development","Laboratory Technician",1,Travel_Rarely,No,22,144,46,4230,19225,15,0,6,5,4,4,3,0,2,4,1,3,3,3,3,No,35-44,"5-7 Years","6-10 Years",Lower-Middle,"21+ Miles"
578,54,Female,Single,4,"Life Sciences","Research & Development","Laboratory Technician",2,Travel_Rarely,No,8,548,42,3780,23428,11,0,19,1,0,0,0,7,3,3,3,3,3,3,3,No,45-54,"<2 Years","11-20 Years",Lower-Middle,"6-10 Miles"
579,34,Male,Divorced,4,"Life Sciences","Research & Development","Research Scientist",1,Travel_Rarely,No,2,1303,62,2768,8416,12,1,14,7,3,5,7,3,3,4,2,3,3,3,3,No,25-34,"5-7 Years","11-20 Years",Low,"0-5 Miles"
580,46,Female,Married,3,Marketing,Sales,"Sales Executive",3,Travel_Rarely,Yes,10,1125,94,9071,11563,19,1,15,3,2,1,2,2,3,3,2,4,3,3,3,No,45-54,"2-4 Years","11-20 Years",Upper-Middle,"6-10 Miles"
581,31,Male,Divorced,1,"Life Sciences","Research & Development","Manufacturing Director",3,Travel_Rarely,No,9,1274,33,10648,14394,25,1,13,13,8,0,8,1,6,3,3,2,4,4,4,No,25-34,"11+ Years","11-20 Years",High,"6-10 Miles"
582,33,Male,Married,1,Medical,"Research & Development",Manager,3,Travel_Rarely,Yes,15,1277,56,13610,24619,12,0,15,7,6,7,7,7,2,2,3,3,4,4,3,Yes,25-34,"5-7 Years","11-20 Years",High,"11-20 Miles"
584,33,Male,Divorced,1,Medical,"Research & Development","Laboratory Technician",1,Travel_Rarely,No,10,587,38,3408,6705,13,3,8,4,3,1,3,7,2,1,1,4,1,3,3,Yes,25-34,"2-4 Years","6-10 Years",Lower-Middle,"6-10 Miles"
585,30,Male,Single,1,Marketing,Sales,"Sales Representative",1,Travel_Rarely,No,7,413,57,2983,18398,14,0,4,3,2,1,2,0,3,4,3,2,1,3,3,No,25-34,"2-4 Years","3-5 Years",Low,"6-10 Miles"
586,35,Male,Married,3,"Life Sciences","Research & Development","Healthcare Representative",3,Travel_Rarely,Yes,16,1276,72,7632,14295,12,0,10,8,7,0,0,4,2,4,3,3,3,3,3,No,35-44,"8-10 Years","6-10 Years",Upper-Middle,"11-20 Miles"
587,31,Male,Married,3,"Life Sciences","Research & Development","Healthcare Representative",3,Travel_Frequently,No,20,534,66,9824,22908,12,0,12,1,0,0,0,3,2,1,3,3,1,3,3,Yes,25-34,"<2 Years","11-20 Years",Upper-Middle,"11-20 Miles"
590,34,Female,Divorced,3,"Human Resources","Human Resources","Human Resources",3,Travel_Frequently,Yes,23,988,43,9950,11533,15,3,11,3,2,0,2,9,2,2,3,1,3,3,3,Yes,25-34,"2-4 Years","11-20 Years",Upper-Middle,"21+ Miles"
591,42,Male,Married,2,Other,"Research & Development","Laboratory Technician",1,Travel_Frequently,No,5,1474,97,2093,9260,17,1,8,2,2,2,0,4,4,2,3,3,4,3,3,No,35-44,"2-4 Years","6-10 Years",Low,"0-5 Miles"
592,36,Male,Single,4,Medical,Sales,"Sales Executive",3,Non-Travel,No,10,635,32,9980,15318,14,0,10,10,3,9,7,1,3,2,3,4,4,2,3,No,35-44,"8-10 Years","6-10 Years",Upper-Middle,"6-10 Miles"
593,22,Male,Single,1,"Technical Degree","Research & Development","Laboratory Technician",1,Travel_Frequently,No,4,1368,99,3894,9129,16,0,4,2,2,1,2,5,3,3,2,3,3,3,3,Yes,"Under 25","2-4 Years","3-5 Years",Lower-Middle,"0-5 Miles"
595,48,Female,Married,5,Marketing,Sales,"Sales Executive",2,Travel_Rarely,No,2,163,37,4051,19658,14,1,14,9,7,6,7,2,2,2,3,4,1,3,3,No,45-54,"8-10 Years","11-20 Years",Lower-Middle,"0-5 Miles"
597,55,Female,Single,5,"Life Sciences",Sales,Manager,4,Travel_Rarely,No,18,1117,83,16835,9873,23,0,37,10,9,7,7,3,2,1,3,2,4,3,4,No,55+,"8-10 Years","21+ Years",High,"11-20 Miles"
599,41,Male,Single,2,"Life Sciences",Sales,"Sales Executive",2,Non-Travel,No,10,267,56,6230,13430,14,0,16,14,3,1,10,7,3,4,3,4,4,3,3,No,35-44,"11+ Years","11-20 Years",Upper-Middle,"6-10 Miles"
600,35,Male,Married,3,Marketing,Sales,"Sales Executive",2,Travel_Rarely,No,1,619,85,4717,18659,11,0,15,11,9,6,9,9,2,2,3,3,3,3,3,No,35-44,"11+ Years","11-20 Years",Lower-Middle,"0-5 Miles"
601,40,Female,Single,3,"Life Sciences","Research & Development","Manufacturing Director",4,Travel_Rarely,No,6,302,75,13237,20364,15,0,22,20,6,5,13,7,3,2,3,3,3,3,3,No,35-44,"11+ Years","21+ Years",High,"6-10 Miles"
602,39,Female,Married,1,"Life Sciences","Research & Development","Laboratory Technician",1,Travel_Frequently,No,8,443,48,3755,17872,11,1,8,8,3,0,7,1,3,3,3,3,1,3,3,No,35-44,"8-10 Years","6-10 Years",Lower-Middle,"6-10 Miles"
604,31,Male,Single,1,"Life Sciences",Sales,"Sales Executive",2,Travel_Rarely,Yes,2,828,77,6582,8346,13,0,10,6,5,0,5,4,2,2,3,4,3,4,3,No,25-34,"5-7 Years","6-10 Years",Upper-Middle,"0-5 Miles"
605,42,Male,Married,3,Medical,"Research & Development","Manufacturing Director",3,Travel_Rarely,Yes,24,319,56,7406,6950,21,1,10,10,9,5,8,1,5,4,3,1,4,2,4,No,35-44,"8-10 Years","6-10 Years",Upper-Middle,"21+ Miles"
606,45,Male,Married,3,Other,Sales,"Sales Executive",2,Travel_Rarely,No,2,561,61,4805,16177,19,1,9,8,7,3,7,0,3,4,3,2,2,4,3,No,45-54,"8-10 Years","6-10 Years",Lower-Middle,"0-5 Miles"
608,26,Female,Divorced,4,"Life Sciences","Human Resources","Human Resources",1,Travel_Frequently,Yes,17,426,58,2741,22808,11,1,8,7,7,1,0,0,2,2,3,3,2,2,3,Yes,25-34,"5-7 Years","6-10 Years",Low,"11-20 Miles"
611,29,Male,Divorced,3,"Technical Degree","Research & Development","Manufacturing Director",2,Travel_Rarely,No,19,232,34,4262,22645,12,2,8,3,2,1,2,4,2,4,3,4,2,4,3,No,25-34,"2-4 Years","6-10 Years",Lower-Middle,"11-20 Miles"
612,33,Female,Divorced,5,Medical,"Research & Development","Research Director",4,Travel_Rarely,No,1,922,95,16184,22578,19,1,10,6,1,0,5,4,2,1,4,3,3,3,3,No,25-34,"5-7 Years","6-10 Years",High,"0-5 Miles"
613,31,Male,Divorced,3,"Life Sciences",Sales,Manager,3,Travel_Rarely,No,7,688,44,11557,25291,21,1,10,5,4,0,1,9,3,3,2,4,3,2,4,No,25-34,"5-7 Years","6-10 Years",High,"6-10 Miles"
614,18,Male,Single,3,Marketing,Sales,"Sales Representative",1,Travel_Frequently,Yes,5,1306,69,1878,8059,14,0,0,0,0,0,0,1,3,2,3,2,4,3,3,Yes,"Under 25","<2 Years","0-2 Years",Low,"0-5 Miles"
615,40,Male,Divorced,3,Other,Sales,"Sales Executive",3,Non-Travel,No,28,1094,58,10932,11373,15,1,20,1,0,0,1,3,2,3,1,1,3,3,3,No,35-44,"<2 Years","11-20 Years",High,"21+ Miles"
616,41,Female,Single,4,Other,"Research & Development","Healthcare Representative",2,Non-Travel,Yes,2,509,62,6811,2112,17,0,10,8,7,0,7,2,3,1,2,3,1,3,3,No,35-44,"8-10 Years","6-10 Years",Upper-Middle,"0-5 Miles"
618,26,Male,Divorced,2,Medical,Sales,"Sales Executive",2,Travel_Rarely,No,29,775,45,4306,4267,12,2,8,0,0,0,0,5,5,1,3,3,1,3,3,No,25-34,"<2 Years","6-10 Years",Lower-Middle,"21+ Miles"
620,35,Female,Single,3,Medical,Sales,"Sales Executive",2,Travel_Rarely,No,1,195,80,4859,6698,16,0,5,5,4,0,3,1,3,1,3,3,4,3,3,No,35-44,"5-7 Years","3-5 Years",Lower-Middle,"0-5 Miles"
621,34,Male,Single,4,"Life Sciences",Sales,"Sales Executive",2,Travel_Rarely,No,21,258,74,5337,19921,12,0,10,10,7,5,7,1,3,4,4,4,4,3,3,No,25-34,"8-10 Years","6-10 Years",Lower-Middle,"21+ Miles"
622,26,Male,Single,3,"Technical Degree","Research & Development","Laboratory Technician",1,Travel_Rarely,Yes,24,471,66,2340,23213,18,0,1,1,0,0,0,1,3,3,1,4,2,1,3,Yes,25-34,"<2 Years","0-2 Years",Low,"21+ Miles"
623,37,Female,Single,3,"Technical Degree","Research & Development","Manufacturing Director",3,Travel_Rarely,No,1,799,59,7491,23848,17,0,12,6,5,1,2,4,3,2,3,4,4,4,3,No,35-44,"5-7 Years","11-20 Years",Upper-Middle,"0-5 Miles"
624,46,Female,Married,1,Medical,"Research & Development","Healthcare Representative",3,Travel_Frequently,No,18,1034,86,10527,8984,11,0,28,2,2,1,2,5,3,1,3,3,4,2,3,No,45-54,"2-4 Years","21+ Years",High,"11-20 Miles"
625,41,Female,Married,5,"Life Sciences",Sales,Manager,4,Travel_Rarely,No,2,1276,91,16595,5626,16,1,22,18,16,11,8,7,2,2,3,1,2,3,3,No,35-44,"11+ Years","21+ Years",High,"0-5 Miles"
626,37,Male,Divorced,4,Medical,Sales,"Sales Executive",3,Non-Travel,No,9,142,69,8834,24666,13,1,9,9,5,7,7,1,6,1,3,2,4,3,3,No,35-44,"8-10 Years","6-10 Years",Upper-Middle,"6-10 Miles"
630,52,Male,Divorced,2,"Technical Degree","Research & Development","Research Scientist",2,Travel_Rarely,Yes,6,956,78,5577,22087,12,2,18,10,9,6,9,3,3,4,3,1,2,3,3,No,45-54,"8-10 Years","11-20 Years",Lower-Middle,"6-10 Miles"
631,32,Male,Married,4,Other,Sales,"Sales Executive",2,Non-Travel,No,11,1474,60,4707,23914,12,0,6,4,2,1,2,8,2,4,4,3,4,3,3,Yes,25-34,"2-4 Years","6-10 Years",Lower-Middle,"11-20 Miles"
632,24,Male,Married,3,Medical,Sales,"Sales Representative",1,Travel_Frequently,No,24,535,38,2400,5530,13,2,3,2,2,2,1,0,3,4,3,4,3,3,3,No,"Under 25","2-4 Years","3-5 Years",Low,"21+ Miles"
634,38,Female,Married,3,Medical,"Research & Development","Healthcare Representative",2,Travel_Rarely,No,10,1495,76,9824,22174,19,1,18,1,0,0,0,3,4,3,3,3,3,3,3,No,35-44,"<2 Years","11-20 Years",Upper-Middle,"6-10 Miles"
635,37,Female,Married,4,"Life Sciences","Research & Development","Manufacturing Director",2,Travel_Rarely,No,1,446,65,6447,15701,12,1,8,6,5,4,3,6,2,2,3,2,2,2,3,No,35-44,"5-7 Years","6-10 Years",Upper-Middle,"0-5 Miles"
638,49,Male,Divorced,4,"Life Sciences","Research & Development","Research Director",5,Travel_Rarely,Yes,18,1245,58,19502,2125,17,1,31,31,9,0,9,1,5,4,2,3,3,3,3,No,45-54,"11+ Years","21+ Years",High,"11-20 Miles"
639,24,Male,Married,3,Medical,"Research & Development","Research Scientist",1,Travel_Rarely,Yes,23,691,89,2725,21630,11,2,6,6,5,1,4,1,3,2,4,4,2,3,3,No,"Under 25","5-7 Years","6-10 Years",Low,"21+ Miles"
641,26,Male,Married,2,Marketing,Sales,"Sales Executive",2,Travel_Rarely,No,28,703,66,6272,7428,20,2,6,5,3,1,4,1,5,1,3,2,4,4,4,No,25-34,"5-7 Years","6-10 Years",Upper-Middle,"21+ Miles"
643,24,Male,Married,2,Other,"Research & Development","Laboratory Technician",1,Travel_Rarely,No,17,823,94,2127,9100,21,1,1,1,0,0,0,1,2,4,2,2,4,3,4,No,"Under 25","<2 Years","0-2 Years",Low,"11-20 Miles"
644,50,Male,Married,3,Medical,"Human Resources",Manager,5,Travel_Frequently,No,3,1246,99,18200,7999,11,1,32,32,5,10,7,1,2,1,3,2,3,3,3,No,45-54,"11+ Years","21+ Years",High,"0-5 Miles"
645,25,Male,Married,1,Medical,Sales,"Sales Representative",1,Travel_Rarely,No,13,622,40,2096,26376,11,0,7,7,4,0,6,1,1,2,3,3,3,3,3,No,25-34,"5-7 Years","6-10 Years",Low,"11-20 Miles"
647,24,Female,Married,3,"Life Sciences","Research & Development","Laboratory Technician",1,Travel_Frequently,Yes,7,1287,55,2886,14168,16,1,6,6,3,1,2,1,4,1,3,3,4,3,3,Yes,"Under 25","5-7 Years","6-10 Years",Low,"6-10 Miles"
648,30,Male,Married,4,"Life Sciences",Sales,"Sales Representative",1,Travel_Frequently,No,12,448,74,2033,14470,18,1,1,1,0,0,0,1,2,2,2,1,3,4,3,Yes,25-34,"<2 Years","0-2 Years",Low,"11-20 Miles"
649,34,Male,Married,2,"Life Sciences","Research & Development","Research Scientist",1,Travel_Rarely,Yes,1,254,83,3622,22794,13,1,6,6,5,1,3,1,3,2,2,4,4,3,3,No,25-34,"5-7 Years","6-10 Years",Lower-Middle,"0-5 Miles"
650,31,Male,Divorced,4,Medical,Sales,"Sales Executive",2,Travel_Rarely,No,13,1365,46,4233,11512,17,0,9,3,1,1,2,2,2,2,3,1,3,1,3,Yes,25-34,"2-4 Years","6-10 Years",Lower-Middle,"11-20 Miles"
652,35,Male,Single,2,Other,"Research & Development","Laboratory Technician",2,Travel_Rarely,No,25,538,54,3681,14004,14,0,9,3,2,0,2,4,3,1,2,4,4,3,3,No,35-44,"2-4 Years","6-10 Years",Lower-Middle,"21+ Miles"
653,31,Male,Divorced,4,Medical,Sales,"Sales Executive",2,Travel_Rarely,No,6,525,66,5460,6219,22,2,13,7,7,5,7,4,4,1,4,4,4,4,4,No,25-34,"5-7 Years","11-20 Years",Lower-Middle,"6-10 Miles"
655,27,Female,Divorced,4,Medical,"Research & Development","Research Scientist",1,Travel_Rarely,No,6,798,66,2187,5013,12,2,6,5,3,0,3,0,5,1,2,3,3,2,3,No,25-34,"5-7 Years","6-10 Years",Low,"6-10 Miles"
656,37,Male,Married,3,Marketing,Sales,"Sales Executive",2,Travel_Rarely,Yes,2,558,75,9602,3010,11,1,17,3,0,1,0,4,3,4,3,3,3,2,3,No,35-44,"2-4 Years","11-20 Years",Upper-Middle,"0-5 Miles"
657,20,Female,Single,3,"Life Sciences","Research & Development","Research Scientist",1,Travel_Rarely,No,1,959,83,2836,11757,13,0,1,1,0,0,0,1,0,4,2,2,4,4,3,No,"Under 25","<2 Years","0-2 Years",Low,"0-5 Miles"
659,42,Female,Married,4,"Life Sciences","Research & Development","Healthcare Representative",2,Travel_Rarely,No,2,622,81,4089,5718,13,2,10,10,2,2,2,1,4,3,3,4,2,3,3,No,35-44,"8-10 Years","6-10 Years",Lower-Middle,"0-5 Miles"
661,43,Male,Divorced,4,Other,"Research & Development","Research Director",4,Travel_Rarely,Yes,6,782,50,16627,2671,14,1,21,1,0,0,0,4,3,2,2,4,3,2,3,No,35-44,"<2 Years","21+ Years",High,"6-10 Miles"
662,38,Female,Single,1,"Life Sciences","Research & Development","Research Scientist",1,Travel_Rarely,No,1,362,43,2619,14561,17,0,8,0,0,0,0,3,3,3,3,1,4,2,3,No,35-44,"<2 Years","6-10 Years",Low,"0-5 Miles"
663,43,Male,Divorced,5,Medical,"Research & Development","Laboratory Technician",2,Travel_Frequently,Yes,9,1001,72,5679,19627,13,1,10,8,7,4,7,3,3,4,3,3,2,3,3,No,35-44,"8-10 Years","6-10 Years",Lower-Middle,"6-10 Miles"
664,48,Female,Married,4,"Life Sciences","Research & Development",Manager,4,Travel_Rarely,No,1,1236,40,15402,17997,11,1,21,3,2,0,2,7,3,4,2,1,1,1,3,No,45-54,"2-4 Years","21+ Years",High,"0-5 Miles"
665,44,Female,Single,4,"Life Sciences","Human Resources","Human Resources",2,Travel_Rarely,No,1,1112,50,5985,26894,11,0,10,2,2,0,2,4,1,1,2,3,2,4,3,No,35-44,"2-4 Years","6-10 Years",Lower-Middle,"0-5 Miles"
666,34,Female,Divorced,3,"Technical Degree",Sales,"Sales Representative",1,Travel_Rarely,Yes,14,204,31,2579,2912,18,2,8,8,2,0,6,1,3,3,3,3,4,3,3,No,25-34,"8-10 Years","6-10 Years",Low,"11-20 Miles"
667,27,Male,Divorced,1,Marketing,Sales,"Sales Representative",1,Travel_Rarely,No,2,1420,85,3041,16346,11,1,5,4,3,0,2,0,3,3,3,1,2,3,3,Yes,25-34,"2-4 Years","3-5 Years",Lower-Middle,"0-5 Miles"
669,21,Male,Single,1,"Technical Degree",Sales,"Sales Representative",1,Travel_Rarely,No,22,1343,49,3447,24444,11,0,3,3,2,1,2,1,2,3,3,3,3,3,3,No,"Under 25","2-4 Years","3-5 Years",Lower-Middle,"21+ Miles"
671,44,Male,Married,4,Other,"Research & Development",Manager,5,Travel_Rarely,Yes,3,1315,35,19513,9358,12,1,26,2,2,0,1,4,2,4,3,4,1,4,3,No,35-44,"2-4 Years","21+ Years",High,"0-5 Miles"
675,22,Male,Married,1,Medical,"Research & Development","Research Scientist",1,Travel_Rarely,No,6,604,69,2773,12145,20,0,3,2,2,2,2,0,3,1,3,3,4,3,4,No,"Under 25","2-4 Years","3-5 Years",Low,"6-10 Miles"
677,33,Male,Divorced,4,Marketing,Sales,"Sales Executive",2,Travel_Rarely,No,8,1216,39,7104,20431,12,0,6,5,0,1,2,0,3,3,3,3,4,3,3,No,25-34,"5-7 Years","6-10 Years",Upper-Middle,"6-10 Miles"
679,32,Female,Married,4,"Life Sciences","Research & Development","Research Scientist",2,Travel_Rarely,Yes,9,646,92,6322,18089,12,1,6,6,4,0,5,1,2,1,3,4,4,2,3,No,25-34,"5-7 Years","6-10 Years",Upper-Middle,"6-10 Miles"
680,30,Female,Divorced,3,Medical,"Research & Development","Research Scientist",1,Travel_Frequently,No,3,160,71,2083,22653,20,1,1,1,0,0,0,1,2,3,3,3,3,3,4,No,25-34,"<2 Years","0-2 Years",Low,"0-5 Miles"
682,53,Female,Single,1,Medical,Sales,"Sales Executive",2,Travel_Rarely,No,1,238,34,8381,7507,20,0,18,14,7,8,10,7,2,4,3,1,4,4,4,No,45-54,"11+ Years","11-20 Years",Upper-Middle,"0-5 Miles"
683,34,Male,Married,5,"Life Sciences","Research & Development","Research Scientist",1,Travel_Rarely,No,1,1397,42,2691,7660,12,1,10,10,9,8,8,1,4,2,3,4,4,2,3,No,25-34,"8-10 Years","6-10 Years",Low,"0-5 Miles"
684,45,Female,Married,4,"Life Sciences",Sales,"Sales Executive",2,Travel_Frequently,No,26,306,100,4286,5630,14,2,5,1,1,0,0,2,4,1,3,1,4,3,3,Yes,45-54,"<2 Years","3-5 Years",Lower-Middle,"21+ Miles"
686,26,Female,Married,3,"Life Sciences","Research & Development","Laboratory Technician",1,Travel_Rarely,Yes,6,991,71,2659,17759,13,1,3,3,2,0,2,1,2,3,3,4,3,3,3,No,25-34,"2-4 Years","3-5 Years",Low,"6-10 Miles"
689,37,Male,Married,3,Other,"Research & Development","Manufacturing Director",3,Travel_Rarely,No,3,482,36,9434,9606,15,1,10,10,7,7,8,1,2,3,3,3,3,3,3,No,35-44,"8-10 Years","6-10 Years",Upper-Middle,"0-5 Miles"
690,29,Female,Married,2,Medical,Sales,"Sales Executive",2,Travel_Rarely,No,3,1176,62,5561,3487,14,1,6,6,0,1,2,1,5,2,3,3,1,2,3,No,25-34,"5-7 Years","6-10 Years",Lower-Middle,"0-5 Miles"
691,35,Male,Single,4,"Life Sciences","Research & Development","Research Scientist",2,Travel_Rarely,No,6,1017,82,6646,19368,13,0,17,17,11,11,8,1,3,2,1,4,2,3,3,No,35-44,"11+ Years","11-20 Years",Upper-Middle,"6-10 Miles"
692,33,Male,Divorced,3,"Life Sciences","Research & Development","Healthcare Representative",2,Travel_Frequently,No,6,1296,30,7725,5335,23,1,15,13,11,4,7,3,2,3,3,4,3,1,4,No,25-34,"11+ Years","11-20 Years",Upper-Middle,"6-10 Miles"
698,54,Male,Married,4,Medical,"Human Resources","Human Resources",3,Travel_Rarely,No,19,397,88,10725,6729,15,1,16,9,7,7,1,2,1,3,3,2,3,4,3,No,45-54,"8-10 Years","11-20 Years",High,"11-20 Miles"
699,36,Male,Divorced,2,Medical,"Research & Development","Manufacturing Director",2,Travel_Rarely,Yes,9,913,48,8847,13934,11,1,13,3,2,0,2,2,2,2,2,2,3,3,3,No,35-44,"2-4 Years","11-20 Years",Upper-Middle,"6-10 Miles"
700,27,Male,Single,4,Medical,"Research & Development","Research Scientist",1,Travel_Rarely,No,3,1115,54,2045,15174,13,0,5,4,2,1,1,0,0,1,2,4,4,3,3,No,25-34,"2-4 Years","3-5 Years",Low,"0-5 Miles"
701,20,Male,Single,1,Medical,"Research & Development","Research Scientist",1,Travel_Rarely,Yes,10,1362,32,1009,26999,11,0,1,1,0,1,1,1,5,4,3,3,4,3,3,Yes,"Under 25","<2 Years","0-2 Years",Low,"6-10 Miles"
702,33,Male,Single,3,"Life Sciences","Research & Development","Research Scientist",1,Travel_Frequently,Yes,3,1076,70,3348,3164,11,0,10,10,8,9,7,1,3,1,3,1,1,3,3,Yes,25-34,"8-10 Years","6-10 Years",Lower-Middle,"0-5 Miles"
704,35,Male,Married,3,"Life Sciences","Research & Development","Laboratory Technician",1,Non-Travel,No,3,727,41,1281,16900,18,2,1,1,0,0,0,1,3,3,2,3,3,3,3,No,35-44,"<2 Years","0-2 Years",Low,"0-5 Miles"
705,23,Male,Married,3,Medical,"Research & Development","Research Scientist",1,Travel_Rarely,No,4,885,58,2819,8544,16,1,5,3,2,0,2,2,3,1,4,1,1,4,3,No,"Under 25","2-4 Years","3-5 Years",Low,"0-5 Miles"
707,25,Male,Married,3,"Life Sciences",Sales,"Sales Executive",2,Travel_Rarely,No,8,810,57,4851,15678,22,1,4,3,2,1,2,0,4,4,4,2,3,3,4,No,25-34,"2-4 Years","3-5 Years",Lower-Middle,"6-10 Miles"
709,38,Female,Single,4,Marketing,Sales,"Sales Executive",2,Travel_Rarely,No,7,243,46,4028,7791,20,0,8,7,7,0,5,0,2,4,2,4,1,3,4,No,35-44,"5-7 Years","6-10 Years",Lower-Middle,"6-10 Miles"
710,29,Male,Divorced,4,"Life Sciences","Research & Development","Research Scientist",1,Travel_Frequently,No,1,806,76,2720,18959,18,1,10,10,7,2,8,1,5,2,1,4,4,3,3,No,25-34,"8-10 Years","6-10 Years",Low,"0-5 Miles"
712,48,Male,Married,1,Marketing,Sales,"Sales Executive",2,Travel_Rarely,No,2,817,56,8120,18597,12,0,12,2,2,2,2,3,3,2,4,2,4,3,3,No,45-54,"2-4 Years","11-20 Years",Upper-Middle,"0-5 Miles"
714,27,Female,Divorced,1,Medical,Sales,"Sales Executive",2,Travel_Frequently,Yes,3,1410,71,4647,16673,20,2,6,6,5,0,4,1,3,4,4,4,2,3,4,No,25-34,"5-7 Years","6-10 Years",Lower-Middle,"0-5 Miles"
715,37,Male,Single,2,"Life Sciences","Research & Development","Research Scientist",1,Travel_Rarely,No,10,1225,80,4680,15232,17,0,4,1,0,0,0,3,2,4,4,4,1,3,3,No,35-44,"<2 Years","3-5 Years",Lower-Middle,"6-10 Miles"
716,50,Male,Married,1,Medical,"Research & Development","Laboratory Technician",1,Travel_Rarely,Yes,28,1207,74,3221,3297,11,3,20,20,8,3,8,1,3,4,4,3,3,3,3,No,45-54,"11+ Years","11-20 Years",Lower-Middle,"21+ Miles"
717,34,Female,Single,3,Medical,"Research & Development","Healthcare Representative",3,Travel_Rarely,No,9,1442,46,8621,17654,14,0,9,8,7,7,7,1,3,4,2,2,2,4,3,No,25-34,"8-10 Years","6-10 Years",Upper-Middle,"6-10 Miles"
720,24,Female,Single,2,"Life Sciences",Sales,"Sales Executive",2,Travel_Rarely,No,3,693,65,4577,24785,14,0,4,2,2,2,0,9,3,1,3,3,1,3,3,Yes,"Under 25","2-4 Years","3-5 Years",Lower-Middle,"0-5 Miles"
721,39,Female,Single,4,"Technical Degree","Research & Development","Healthcare Representative",2,Travel_Rarely,No,2,408,80,4553,20978,11,0,20,20,7,11,10,1,4,4,2,3,1,3,3,No,35-44,"11+ Years","11-20 Years",Lower-Middle,"0-5 Miles"
722,32,Male,Single,3,Marketing,Sales,"Sales Executive",2,Travel_Rarely,No,10,929,55,5396,21703,12,0,10,10,7,0,8,1,2,4,3,4,4,2,3,No,25-34,"8-10 Years","6-10 Years",Lower-Middle,"6-10 Miles"
723,50,Male,Married,2,"Technical Degree",Sales,"Sales Executive",2,Travel_Frequently,Yes,8,562,50,6796,23452,14,1,18,4,3,1,3,3,4,2,3,3,1,3,3,Yes,45-54,"2-4 Years","11-20 Years",Upper-Middle,"6-10 Miles"
724,38,Female,Single,4,"Life Sciences","Research & Development","Healthcare Representative",2,Travel_Rarely,No,1,827,33,7625,19383,13,0,10,9,7,1,8,0,4,2,4,4,3,2,3,No,35-44,"8-10 Years","6-10 Years",Upper-Middle,"0-5 Miles"
725,27,Female,Married,2,"Life Sciences","Research & Development","Manufacturing Director",3,Travel_Rarely,No,1,608,68,7412,6009,11,0,9,9,7,0,7,1,3,3,3,1,4,3,3,No,25-34,"8-10 Years","6-10 Years",Upper-Middle,"0-5 Miles"
727,32,Female,Single,2,"Life Sciences","Research & Development","Research Director",3,Travel_Rarely,No,3,1018,39,11159,19373,15,0,10,7,7,7,7,3,6,3,3,4,4,3,3,No,25-34,"5-7 Years","6-10 Years",High,"0-5 Miles"
728,47,Male,Single,4,Marketing,Sales,"Sales Executive",2,Travel_Rarely,No,14,703,42,4960,11825,12,0,20,7,7,1,7,2,2,4,3,1,4,3,3,No,45-54,"5-7 Years","11-20 Years",Lower-Middle,"11-20 Miles"
729,40,Male,Married,4,"Life Sciences",Sales,"Sales Executive",3,Travel_Frequently,Yes,5,580,48,10475,23772,21,1,20,18,13,1,12,5,2,4,2,1,3,3,4,No,35-44,"11+ Years","11-20 Years",High,"0-5 Miles"
730,53,Male,Married,3,"Life Sciences","Research & Development","Research Director",4,Travel_Rarely,No,7,970,59,14814,13514,19,0,32,5,1,1,3,3,3,3,4,3,3,3,3,No,45-54,"5-7 Years","21+ Years",High,"6-10 Miles"
731,41,Male,Divorced,4,"Human Resources","Human Resources",Manager,5,Travel_Rarely,No,10,427,73,19141,8861,15,3,23,21,6,12,6,3,2,2,2,4,2,2,3,No,35-44,"11+ Years","21+ Years",High,"6-10 Miles"
732,60,Male,Single,4,Marketing,Sales,"Sales Executive",2,Travel_Rarely,No,16,1179,84,5405,11924,14,0,10,2,2,2,2,8,1,1,3,1,4,3,3,No,55+,"2-4 Years","6-10 Years",Lower-Middle,"11-20 Miles"
733,27,Male,Divorced,2,"Life Sciences","Research & Development","Manufacturing Director",3,Travel_Frequently,No,10,294,32,8793,4809,21,2,9,9,7,1,7,1,4,4,3,1,3,2,4,No,25-34,"8-10 Years","6-10 Years",Upper-Middle,"6-10 Miles"
734,41,Male,Married,3,"Human Resources","Human Resources",Manager,5,Travel_Rarely,No,1,314,59,19189,19562,12,1,22,22,7,2,10,1,3,4,2,3,2,3,3,No,35-44,"11+ Years","21+ Years",High,"0-5 Miles"
738,50,Male,Married,4,Marketing,Sales,"Sales Representative",1,Travel_Rarely,No,8,316,54,3875,9983,15,1,4,2,2,2,2,7,2,4,3,2,4,3,3,No,45-54,"2-4 Years","3-5 Years",Lower-Middle,"6-10 Miles"
741,28,Female,Single,2,"Life Sciences","Research & Development","Research Scientist",1,Travel_Rarely,Yes,1,654,67,2216,3872,13,0,10,7,7,3,7,7,4,1,1,2,4,3,3,Yes,25-34,"5-7 Years","6-10 Years",Low,"0-5 Miles"
742,36,Female,Married,3,"Life Sciences","Research & Development","Research Director",3,Non-Travel,No,8,427,63,11713,20335,14,1,10,8,7,0,5,9,2,1,4,1,1,3,3,No,35-44,"8-10 Years","6-10 Years",High,"6-10 Miles"
743,38,Female,Single,3,"Life Sciences","Research & Development","Manufacturing Director",3,Travel_Rarely,Yes,1,168,81,7861,15397,14,0,10,1,0,0,0,4,4,3,3,3,4,4,3,No,35-44,"<2 Years","6-10 Years",Upper-Middle,"0-5 Miles"
744,44,Male,Single,3,Medical,"Research & Development","Laboratory Technician",1,Non-Travel,No,24,381,49,3708,2104,14,0,9,5,2,1,4,2,5,1,1,3,3,3,3,No,35-44,"5-7 Years","6-10 Years",Lower-Middle,"21+ Miles"
746,47,Female,Divorced,3,Medical,Sales,"Sales Executive",4,Travel_Frequently,Yes,3,217,49,13770,10225,12,2,28,22,2,11,13,9,2,4,3,3,4,2,3,No,45-54,"11+ Years","21+ Years",High,"0-5 Miles"
747,30,Male,Divorced,5,Marketing,Sales,"Sales Executive",2,Travel_Rarely,No,27,501,99,5304,25275,23,1,10,8,7,7,7,7,2,3,3,4,4,2,4,No,25-34,"8-10 Years","6-10 Years",Lower-Middle,"21+ Miles"
749,29,Male,Single,3,"Life Sciences",Sales,"Sales Representative",1,Travel_Rarely,No,10,1396,99,2642,2755,11,0,1,1,0,0,0,1,6,3,3,3,3,3,3,No,25-34,"<2 Years","0-2 Years",Low,"6-10 Miles"
752,42,Male,Divorced,3,Medical,"Research & Development","Research Scientist",1,Travel_Frequently,Yes,19,933,57,2759,20366,12,0,7,2,2,2,2,6,2,3,4,3,4,3,3,Yes,35-44,"2-4 Years","6-10 Years",Low,"11-20 Miles"
754,43,Male,Married,3,"Life Sciences",Sales,"Sales Executive",2,Travel_Frequently,No,15,775,47,6804,23683,18,1,7,2,2,2,2,3,5,4,2,4,3,3,3,No,35-44,"2-4 Years","6-10 Years",Upper-Middle,"11-20 Miles"
757,34,Female,Single,2,Medical,"Research & Development","Healthcare Representative",2,Travel_Rarely,No,8,970,96,6142,7360,11,0,10,5,1,4,3,3,2,2,3,3,4,3,3,No,25-34,"5-7 Years","6-10 Years",Upper-Middle,"6-10 Miles"
758,23,Male,Married,1,Medical,"Research & Development","Laboratory Technician",1,Travel_Rarely,No,9,650,37,2500,4344,14,1,5,4,3,0,2,1,2,2,3,1,4,4,3,No,"Under 25","2-4 Years","3-5 Years",Low,"6-10 Miles"
760,39,Female,Married,3,"Human Resources","Human Resources","Human Resources",2,Travel_Rarely,No,3,141,44,6389,18767,15,1,12,8,3,3,6,9,3,3,4,2,3,1,3,No,35-44,"8-10 Years","11-20 Years",Upper-Middle,"0-5 Miles"
762,56,Male,Married,3,Medical,"Research & Development","Healthcare Representative",4,Travel_Rarely,No,9,832,81,11103,20420,11,0,30,10,7,1,1,7,1,3,3,4,3,2,3,No,55+,"8-10 Years","21+ Years",High,"6-10 Miles"
763,40,Female,Single,1,Medical,"Research & Development","Research Scientist",1,Travel_Rarely,Yes,2,804,86,2342,22929,20,0,5,4,2,2,3,0,2,4,2,4,4,2,4,No,35-44,"2-4 Years","3-5 Years",Low,"0-5 Miles"
764,27,Female,Single,3,Medical,"Research & Development","Healthcare Representative",2,Travel_Rarely,No,7,975,55,6811,23398,19,0,9,7,6,0,7,8,2,4,2,1,1,1,3,No,25-34,"5-7 Years","6-10 Years",Upper-Middle,"6-10 Miles"
766,29,Male,Divorced,3,Marketing,Sales,"Sales Representative",1,Travel_Rarely,No,10,1090,83,2297,17967,14,2,2,2,2,2,2,1,2,4,3,2,4,3,3,No,25-34,"2-4 Years","0-2 Years",Low,"6-10 Miles"
769,53,Male,Single,3,"Life Sciences","Research & Development","Laboratory Technician",2,Travel_Rarely,No,6,346,86,2450,10919,17,0,19,2,2,2,2,2,4,4,3,4,4,3,3,No,45-54,"2-4 Years","11-20 Years",Low,"6-10 Miles"
771,35,Female,Divorced,4,"Life Sciences","Research & Development","Healthcare Representative",2,Non-Travel,No,2,1225,61,5093,4761,11,1,16,1,0,0,0,2,2,4,3,1,1,4,3,No,35-44,"<2 Years","11-20 Years",Lower-Middle,"0-5 Miles"
772,32,Male,Married,4,"Life Sciences","Research & Development","Laboratory Technician",2,Travel_Frequently,No,24,430,80,5309,21146,15,2,10,10,8,4,7,1,2,1,3,4,4,3,3,No,25-34,"8-10 Years","6-10 Years",Lower-Middle,"21+ Miles"
773,38,Male,Married,5,Medical,"Research & Development","Research Scientist",1,Travel_Rarely,Yes,2,268,92,3057,20471,13,1,6,1,0,0,1,6,0,4,3,3,2,1,3,No,35-44,"<2 Years","6-10 Years",Lower-Middle,"0-5 Miles"
775,34,Female,Divorced,5,"Life Sciences","Research & Development","Manufacturing Director",2,Travel_Rarely,No,8,167,32,5121,4187,14,1,7,0,0,0,0,3,3,2,3,1,3,3,3,No,25-34,"<2 Years","6-10 Years",Lower-Middle,"6-10 Miles"
776,52,Male,Married,4,Marketing,Sales,Manager,4,Travel_Rarely,No,3,621,31,16856,10084,11,0,34,34,6,1,16,1,3,3,2,1,1,4,3,No,45-54,"11+ Years","21+ Years",High,"0-5 Miles"
780,33,Male,Single,4,Other,"Research & Development","Research Scientist",1,Travel_Rarely,Yes,1,527,63,2686,5207,13,0,10,10,9,7,8,1,2,4,3,4,3,2,3,Yes,25-34,"8-10 Years","6-10 Years",Low,"0-5 Miles"
781,25,Female,Single,1,Medical,Sales,"Sales Executive",2,Travel_Rarely,No,26,883,32,6180,22807,23,0,6,6,5,1,4,1,5,3,3,4,2,2,4,No,25-34,"5-7 Years","6-10 Years",Upper-Middle,"21+ Miles"
783,45,Male,Single,2,"Technical Degree",Sales,"Sales Representative",2,Travel_Rarely,No,2,954,46,6632,12388,13,0,9,8,7,3,1,0,3,2,1,3,1,3,3,No,45-54,"8-10 Years","6-10 Years",Upper-Middle,"0-5 Miles"
784,23,Male,Single,1,Medical,"Research & Development","Research Scientist",1,Travel_Rarely,No,10,310,79,3505,19630,18,0,2,2,2,0,2,1,3,1,4,3,4,3,3,No,"Under 25","2-4 Years","0-2 Years",Lower-Middle,"6-10 Miles"
785,47,Female,Single,2,"Life Sciences",Sales,"Sales Executive",2,Travel_Frequently,Yes,27,719,77,6397,10339,12,0,8,5,4,1,3,4,2,2,4,3,4,3,3,Yes,45-54,"5-7 Years","6-10 Years",Upper-Middle,"21+ Miles"
786,34,Male,Single,3,Other,Sales,"Sales Executive",2,Travel_Rarely,No,2,304,60,6274,18686,22,0,6,6,5,1,4,1,5,4,3,4,3,3,4,No,25-34,"5-7 Years","6-10 Years",Upper-Middle,"0-5 Miles"
787,55,Male,Married,3,Medical,"Research & Development",Manager,5,Travel_Rarely,Yes,2,725,78,19859,21199,13,1,24,5,2,1,4,5,2,4,3,1,4,3,3,Yes,55+,"5-7 Years","21+ Years",High,"0-5 Miles"
789,36,Male,Single,4,"Life Sciences",Sales,"Sales Executive",3,Non-Travel,No,8,1434,76,7587,14229,15,0,10,10,7,0,9,1,1,1,2,1,2,3,3,No,35-44,"8-10 Years","6-10 Years",Upper-Middle,"6-10 Miles"
791,52,Male,Married,4,Medical,"Research & Development","Research Scientist",1,Non-Travel,No,19,715,41,4258,26589,18,1,5,4,3,1,2,0,3,4,3,4,1,3,3,No,45-54,"2-4 Years","3-5 Years",Lower-Middle,"11-20 Miles"
792,26,Female,Divorced,2,"Life Sciences","Research & Development","Laboratory Technician",1,Travel_Frequently,No,1,575,71,4364,5288,14,1,5,2,2,2,0,3,2,1,1,4,1,3,3,No,25-34,"2-4 Years","3-5 Years",Lower-Middle,"0-5 Miles"
793,29,Female,Married,3,Medical,"Research & Development","Healthcare Representative",2,Travel_Rarely,No,27,657,66,4335,25549,12,1,11,8,7,1,1,4,3,2,3,3,1,2,3,No,25-34,"8-10 Years","11-20 Years",Lower-Middle,"21+ Miles"
796,26,Male,Single,3,"Technical Degree",Sales,"Sales Executive",2,Travel_Rarely,No,8,1146,38,5326,3064,17,0,6,4,3,1,2,6,2,4,2,1,3,2,3,Yes,25-34,"2-4 Years","6-10 Years",Lower-Middle,"6-10 Miles"
797,34,Female,Single,4,"Life Sciences","Research & Development","Research Scientist",1,Travel_Rarely,No,1,182,72,3280,13551,16,0,10,4,2,1,3,2,2,2,4,4,3,3,3,No,25-34,"2-4 Years","6-10 Years",Lower-Middle,"0-5 Miles"
799,54,Female,Divorced,4,Medical,"Research & Development","Manufacturing Director",2,Travel_Rarely,Yes,19,376,95,5485,22670,11,2,9,5,3,1,4,9,4,4,3,1,2,3,3,No,45-54,"5-7 Years","6-10 Years",Lower-Middle,"11-20 Miles"
800,27,Male,Married,1,Marketing,Sales,"Sales Executive",2,Travel_Frequently,No,8,829,84,4342,24008,19,1,5,4,2,1,1,0,3,3,3,4,2,3,3,No,25-34,"2-4 Years","3-5 Years",Lower-Middle,"6-10 Miles"
802,37,Female,Divorced,1,"Life Sciences","Research & Development","Research Scientist",1,Travel_Rarely,Yes,10,571,82,2782,19905,13,2,6,5,3,4,3,0,3,4,3,1,2,2,3,No,35-44,"5-7 Years","6-10 Years",Low,"6-10 Miles"
803,38,Female,Single,4,"Life Sciences","Research & Development","Manufacturing Director",2,Travel_Frequently,Yes,2,240,75,5980,26085,12,0,17,15,7,4,12,6,2,1,4,1,4,3,3,No,35-44,"11+ Years","11-20 Years",Lower-Middle,"0-5 Miles"
804,34,Female,Single,4,Medical,"Research & Development","Research Scientist",1,Travel_Rarely,No,2,121,86,4381,7530,11,0,6,6,5,1,3,1,3,3,2,1,3,3,3,No,25-34,"5-7 Years","6-10 Years",Lower-Middle,"0-5 Miles"
805,35,Female,Married,4,"Life Sciences",Sales,"Sales Representative",1,Travel_Rarely,No,8,384,72,2572,20317,16,1,3,3,2,0,2,1,1,1,3,4,2,2,3,No,35-44,"2-4 Years","3-5 Years",Low,"6-10 Miles"
806,30,Male,Married,3,"Life Sciences","Research & Development","Laboratory Technician",1,Travel_Rarely,No,1,921,38,3833,24375,21,2,7,2,2,0,2,3,2,4,1,3,3,3,4,No,25-34,"2-4 Years","6-10 Years",Lower-Middle,"0-5 Miles"
807,40,Female,Married,2,Medical,"Research & Development","Healthcare Representative",2,Travel_Frequently,No,2,791,38,4244,9931,24,1,8,8,7,3,7,1,2,3,4,2,4,3,4,No,35-44,"8-10 Years","6-10 Years",Lower-Middle,"0-5 Miles"
808,34,Female,Married,2,"Life Sciences",Sales,"Sales Executive",2,Travel_Rarely,No,8,1111,93,6500,13305,17,1,6,3,2,1,2,5,1,3,3,1,2,3,3,No,25-34,"2-4 Years","6-10 Years",Upper-Middle,"6-10 Miles"
809,42,Male,Divorced,3,"Life Sciences","Research & Development",Manager,5,Travel_Frequently,No,8,570,66,18430,16225,13,1,24,24,7,14,9,1,4,2,3,4,2,2,3,No,35-44,"11+ Years","21+ Years",High,"6-10 Miles"
811,23,Male,Married,3,"Life Sciences","Research & Development","Laboratory Technician",1,Travel_Rarely,Yes,6,1243,63,1601,3445,21,2,1,0,0,0,0,1,2,3,4,1,3,3,4,Yes,"Under 25","<2 Years","0-2 Years",Low,"6-10 Miles"
812,24,Male,Divorced,3,"Life Sciences","Research & Development","Laboratory Technician",1,Non-Travel,No,9,1092,60,2694,26551,11,3,1,1,0,0,0,1,4,3,2,2,3,3,3,No,"Under 25","<2 Years","0-2 Years",Low,"6-10 Miles"
813,52,Female,Married,4,"Life Sciences","Research & Development","Laboratory Technician",2,Travel_Rarely,No,11,1325,82,3149,21821,20,1,9,5,2,1,4,8,3,4,3,3,2,3,4,No,45-54,"5-7 Years","6-10 Years",Lower-Middle,"11-20 Miles"
815,50,Male,Married,3,Medical,"Research & Development","Research Director",4,Travel_Rarely,No,2,691,64,17639,6881,16,0,30,4,3,0,3,5,3,3,3,3,4,3,3,No,45-54,"2-4 Years","21+ Years",High,"0-5 Miles"
816,29,Female,Married,2,"Life Sciences","Research & Development","Laboratory Technician",1,Travel_Rarely,Yes,1,805,36,2319,6689,11,1,1,1,0,0,0,1,1,2,2,1,4,3,3,Yes,25-34,"<2 Years","0-2 Years",Low,"0-5 Miles"
817,33,Male,Married,3,Medical,"Research & Development","Research Director",3,Travel_Rarely,No,7,213,49,11691,25995,11,0,14,13,9,3,7,0,3,3,3,3,4,4,3,No,25-34,"11+ Years","11-20 Years",High,"6-10 Miles"
819,33,Female,Single,3,Marketing,Sales,"Sales Executive",2,Travel_Rarely,No,16,118,69,5324,26507,15,0,6,3,2,0,2,5,3,1,3,1,3,3,3,Yes,25-34,"2-4 Years","6-10 Years",Lower-Middle,"11-20 Miles"
820,47,Female,Married,2,Other,"Research & Development",Manager,4,Travel_Rarely,Yes,2,202,33,16752,12982,11,1,26,26,14,3,0,1,3,3,3,4,3,2,3,No,45-54,"11+ Years","21+ Years",High,"0-5 Miles"
823,36,Female,Married,3,Other,"Research & Development","Manufacturing Director",2,Travel_Rarely,No,1,676,35,5228,23361,15,1,10,9,7,0,5,0,2,3,3,2,1,3,3,No,35-44,"8-10 Years","6-10 Years",Lower-Middle,"0-5 Miles"
824,29,Male,Married,2,"Life Sciences","Research & Development","Research Scientist",1,Travel_Rarely,No,23,1252,81,2700,23779,24,1,10,10,7,0,7,1,3,3,4,3,3,3,4,No,25-34,"8-10 Years","6-10 Years",Low,"21+ Miles"
825,58,Male,Single,4,"Life Sciences","Research & Development","Research Director",5,Travel_Rarely,Yes,2,286,31,19246,25761,12,0,40,31,15,13,8,7,2,4,3,2,4,3,3,Yes,55+,"11+ Years","21+ Years",High,"0-5 Miles"
826,35,Female,Single,4,"Life Sciences","Research & Development","Research Scientist",1,Travel_Rarely,No,1,1258,40,2506,13301,13,0,7,2,2,2,2,3,0,4,4,3,3,3,3,No,35-44,"2-4 Years","6-10 Years",Low,"0-5 Miles"
827,42,Female,Married,2,"Life Sciences","Research & Development","Manufacturing Director",2,Travel_Rarely,Yes,1,932,43,6062,4051,13,1,8,4,3,0,2,9,4,4,2,4,4,3,3,No,35-44,"2-4 Years","6-10 Years",Upper-Middle,"0-5 Miles"
828,28,Male,Single,4,Medical,"Research & Development","Research Scientist",1,Travel_Rarely,No,2,890,46,4382,16374,17,0,5,2,2,2,1,6,3,3,3,3,4,2,3,Yes,25-34,"2-4 Years","3-5 Years",Lower-Middle,"0-5 Miles"
829,36,Male,Married,3,"Human Resources","Human Resources","Human Resources",1,Travel_Rarely,No,13,1041,36,2143,25527,13,1,8,5,2,0,4,4,2,3,3,2,2,3,3,No,35-44,"5-7 Years","6-10 Years",Low,"11-20 Miles"
830,32,Female,Married,3,"Life Sciences","Research & Development","Manufacturing Director",2,Travel_Rarely,No,4,859,98,6162,19124,12,1,14,14,13,6,8,1,3,3,2,3,3,3,3,No,25-34,"11+ Years","11-20 Years",Upper-Middle,"0-5 Miles"
832,40,Male,Single,4,Medical,"Research & Development","Laboratory Technician",2,Travel_Frequently,No,16,720,51,5094,11983,14,0,10,1,0,0,0,6,6,1,2,3,4,3,3,No,35-44,"<2 Years","6-10 Years",Lower-Middle,"11-20 Miles"
833,30,Female,Single,3,Medical,"Research & Development","Manufacturing Director",2,Travel_Rarely,Yes,2,946,52,6877,20234,24,0,12,0,0,0,0,5,4,3,2,4,2,2,4,No,25-34,"<2 Years","11-20 Years",Upper-Middle,"0-5 Miles"
834,45,Female,Single,3,"Life Sciences","Research & Development","Research Scientist",1,Travel_Rarely,No,2,252,95,2274,6153,14,0,1,1,0,0,0,1,3,2,2,3,4,3,3,No,45-54,"<2 Years","0-2 Years",Low,"0-5 Miles"
836,42,Male,Married,3,"Life Sciences","Research & Development","Manufacturing Director",2,Travel_Rarely,No,29,933,98,4434,11806,13,1,10,9,8,7,8,1,3,2,3,2,4,2,3,No,35-44,"8-10 Years","6-10 Years",Lower-Middle,"21+ Miles"
837,38,Male,Divorced,3,"Life Sciences","Research & Development","Healthcare Representative",2,Travel_Frequently,No,12,471,45,6288,4284,15,1,13,4,3,1,2,2,3,1,2,1,3,2,3,No,35-44,"2-4 Years","11-20 Years",Upper-Middle,"11-20 Miles"
838,34,Female,Single,4,"Life Sciences","Research & Development","Research Scientist",1,Travel_Frequently,No,16,702,100,2553,8306,16,0,6,5,2,1,3,1,3,3,2,4,3,3,3,No,25-34,"5-7 Years","6-10 Years",Low,"11-20 Miles"
840,49,Female,Married,3,Marketing,Sales,"Sales Executive",3,Travel_Rarely,No,11,1184,43,7654,5860,18,2,9,9,8,7,7,1,3,3,3,4,1,4,3,Yes,45-54,"8-10 Years","6-10 Years",Upper-Middle,"11-20 Miles"
842,55,Male,Single,1,Medical,Sales,"Sales Executive",2,Travel_Rarely,No,2,436,37,5160,21519,16,0,12,9,7,7,3,4,3,3,3,4,3,2,3,Yes,55+,"8-10 Years","11-20 Years",Lower-Middle,"0-5 Miles"
843,43,Male,Married,2,"Life Sciences","Research & Development","Research Director",4,Travel_Rarely,No,14,589,94,17159,5200,24,1,22,4,1,1,0,6,3,2,3,1,3,3,4,No,35-44,"2-4 Years","21+ Years",High,"11-20 Miles"
844,27,Male,Divorced,1,"Technical Degree","Research & Development","Research Director",3,Travel_Rarely,Yes,5,269,42,12808,8842,16,1,9,9,8,0,8,1,3,3,2,4,2,3,3,No,25-34,"8-10 Years","6-10 Years",High,"0-5 Miles"
845,35,Male,Single,3,Other,"Research & Development","Manufacturing Director",3,Travel_Rarely,No,7,950,59,10221,18869,21,0,17,8,5,1,6,3,3,3,3,3,2,4,4,No,35-44,"8-10 Years","11-20 Years",High,"6-10 Miles"
846,28,Female,Married,4,Marketing,Sales,"Sales Executive",2,Travel_Rarely,Yes,2,760,81,4779,3698,20,0,8,8,7,7,5,1,2,2,3,2,1,3,4,No,25-34,"8-10 Years","6-10 Years",Lower-Middle,"0-5 Miles"
847,34,Male,Married,2,"Human Resources","Human Resources","Human Resources",1,Travel_Rarely,No,3,829,88,3737,2243,19,1,4,3,2,0,2,0,1,3,3,4,3,1,3,No,25-34,"2-4 Years","3-5 Years",Lower-Middle,"0-5 Miles"
848,26,Female,Married,2,Medical,"Research & Development","Research Scientist",1,Travel_Frequently,Yes,5,887,88,2366,20898,14,1,8,8,7,1,7,1,2,3,2,3,1,3,3,Yes,25-34,"8-10 Years","6-10 Years",Low,"0-5 Miles"
850,27,Male,Married,3,Medical,"Research & Development","Research Scientist",1,Non-Travel,No,3,443,50,1706,16571,11,3,0,0,0,0,0,1,6,4,3,4,3,2,3,No,25-34,"<2 Years","0-2 Years",Low,"0-5 Miles"
851,51,Female,Married,4,Marketing,Sales,Manager,4,Travel_Rarely,No,26,1318,66,16307,5594,14,1,29,20,6,4,17,2,2,1,3,3,3,2,3,No,45-54,"11+ Years","21+ Years",High,"21+ Miles"
852,44,Male,Single,3,Medical,"Research & Development","Healthcare Representative",2,Travel_Rarely,No,4,625,50,5933,5197,12,0,10,5,2,2,3,9,2,4,3,2,4,2,3,No,35-44,"5-7 Years","6-10 Years",Lower-Middle,"0-5 Miles"
854,25,Male,Single,1,Medical,"Research & Development","Research Scientist",1,Travel_Rarely,No,2,180,65,3424,21632,13,0,6,4,3,0,1,7,3,1,4,1,3,2,3,No,25-34,"2-4 Years","6-10 Years",Lower-Middle,"0-5 Miles"
855,33,Male,Divorced,3,Medical,Sales,"Sales Executive",2,Travel_Rarely,No,1,586,48,4037,21816,22,1,9,9,8,0,8,1,5,1,4,1,1,3,4,No,25-34,"8-10 Years","6-10 Years",Lower-Middle,"0-5 Miles"
856,35,Female,Single,1,Medical,"Research & Development","Research Scientist",1,Travel_Rarely,No,27,1343,53,2559,17852,11,0,6,6,5,1,1,1,3,3,2,1,4,2,3,No,35-44,"5-7 Years","6-10 Years",Low,"21+ Miles"
857,36,Male,Married,2,"Life Sciences",Sales,"Sales Executive",2,Travel_Rarely,Yes,1,928,56,6201,2823,14,1,18,18,14,4,11,1,1,2,3,4,4,2,3,No,35-44,"11+ Years","11-20 Years",Upper-Middle,"0-5 Miles"
859,32,Male,Divorced,4,"Life Sciences",Sales,"Sales Executive",2,Travel_Rarely,No,13,117,73,4403,9250,11,1,8,5,2,0,3,2,3,2,3,4,3,2,3,No,25-34,"5-7 Years","6-10 Years",Lower-Middle,"11-20 Miles"
861,30,Male,Divorced,4,"Life Sciences","Research & Development","Research Scientist",1,Travel_Frequently,No,5,1012,75,3761,2373,12,1,10,5,4,0,3,9,3,2,2,4,2,2,3,No,25-34,"5-7 Years","6-10 Years",Lower-Middle,"0-5 Miles"
862,53,Female,Married,2,Marketing,Sales,"Sales Executive",3,Travel_Rarely,Yes,7,661,78,10934,20715,18,1,35,5,2,0,4,7,3,1,2,4,4,3,3,No,45-54,"5-7 Years","21+ Years",High,"6-10 Miles"
864,45,Male,Divorced,3,Marketing,Sales,"Sales Executive",3,Travel_Rarely,Yes,9,930,74,10761,19239,12,1,18,5,4,0,2,4,2,4,3,1,3,3,3,No,45-54,"5-7 Years","11-20 Years",High,"6-10 Miles"
865,32,Female,Married,2,Medical,"Research & Development","Research Scientist",2,Travel_Rarely,No,8,638,91,5175,22162,12,1,9,5,3,1,3,5,3,3,4,3,3,2,3,No,25-34,"5-7 Years","6-10 Years",Lower-Middle,"6-10 Miles"
867,52,Female,Married,4,Medical,"Research & Development","Manufacturing Director",4,Travel_Frequently,No,25,890,81,13826,19028,22,0,31,9,8,0,0,3,3,3,2,4,3,3,4,No,45-54,"8-10 Years","21+ Years",High,"21+ Miles"
868,37,Male,Divorced,4,Marketing,Sales,"Sales Executive",2,Travel_Rarely,No,16,342,66,6334,24558,19,2,9,1,0,0,0,4,2,4,2,3,4,3,3,No,35-44,"<2 Years","6-10 Years",Upper-Middle,"11-20 Miles"
869,28,Male,Divorced,2,Medical,"Human Resources","Human Resources",1,Travel_Rarely,No,8,1169,63,4936,23965,13,1,6,5,1,0,4,1,6,2,2,4,4,3,3,No,25-34,"5-7 Years","6-10 Years",Lower-Middle,"6-10 Miles"
872,22,Male,Married,2,"Life Sciences","Research & Development","Manufacturing Director",2,Travel_Rarely,No,1,1230,33,4775,19146,22,2,4,2,2,2,2,6,2,4,2,4,1,1,4,No,"Under 25","2-4 Years","3-5 Years",Lower-Middle,"0-5 Miles"
874,44,Male,Married,4,"Life Sciences","Research & Development","Laboratory Technician",1,Travel_Rarely,Yes,8,986,62,2818,5044,24,1,10,3,2,0,2,2,2,1,4,4,3,2,4,No,35-44,"2-4 Years","6-10 Years",Low,"6-10 Miles"
875,42,Male,Single,1,Medical,"Research & Development","Research Scientist",1,Travel_Frequently,Yes,2,1271,35,2515,9068,14,0,8,2,1,2,2,5,2,2,3,4,4,3,3,No,35-44,"2-4 Years","6-10 Years",Low,"0-5 Miles"
878,36,Male,Married,3,"Life Sciences","Human Resources","Human Resources",1,Travel_Rarely,No,8,1278,77,2342,8635,21,0,6,5,4,0,3,0,3,1,2,1,3,3,4,No,35-44,"5-7 Years","6-10 Years",Low,"6-10 Miles"
879,25,Male,Married,1,Other,Sales,"Sales Executive",2,Travel_Rarely,Yes,3,141,98,4194,14363,18,0,5,5,3,0,3,1,3,3,3,1,4,3,3,No,25-34,"5-7 Years","3-5 Years",Lower-Middle,"0-5 Miles"
880,35,Female,Married,3,"Life Sciences","Research & Development","Manufacturing Director",3,Travel_Rarely,Yes,9,607,66,10685,23457,20,1,17,17,14,5,15,1,2,4,2,3,2,3,4,No,35-44,"11+ Years","11-20 Years",High,"6-10 Miles"
881,35,Female,Divorced,4,"Life Sciences","Research & Development","Research Scientist",1,Travel_Frequently,Yes,25,130,96,2022,16612,19,1,10,10,2,7,8,1,3,4,3,2,1,2,3,Yes,35-44,"8-10 Years","6-10 Years",Low,"21+ Miles"
882,32,Male,Divorced,3,"Life Sciences","Research & Development","Laboratory Technician",1,Non-Travel,No,1,300,61,2314,9148,12,1,4,3,0,0,2,0,2,4,3,4,2,3,3,No,25-34,"2-4 Years","3-5 Years",Low,"0-5 Miles"
885,25,Male,Married,1,Marketing,Sales,"Sales Executive",2,Travel_Rarely,No,4,583,87,4256,18154,12,0,5,5,2,0,3,1,1,3,2,1,1,4,3,No,25-34,"5-7 Years","3-5 Years",Lower-Middle,"0-5 Miles"
887,49,Female,Married,3,"Technical Degree","Research & Development","Research Scientist",1,Travel_Rarely,No,1,1418,36,3580,10554,16,1,7,4,2,0,2,2,2,3,3,1,2,3,3,No,45-54,"2-4 Years","6-10 Years",Lower-Middle,"0-5 Miles"
888,24,Male,Married,1,"Life Sciences","Research & Development","Laboratory Technician",1,Non-Travel,No,4,1269,46,3162,10778,17,0,6,5,2,3,4,0,2,1,2,4,4,2,3,No,"Under 25","5-7 Years","6-10 Years",Lower-Middle,"0-5 Miles"
889,32,Male,Married,2,"Life Sciences",Sales,"Sales Executive",2,Travel_Frequently,No,5,379,48,6524,8891,14,1,10,10,8,5,3,1,3,2,3,2,4,3,3,No,25-34,"8-10 Years","6-10 Years",Upper-Middle,"0-5 Miles"
893,38,Male,Married,3,Marketing,Sales,"Sales Representative",1,Travel_Rarely,No,9,395,98,2899,12102,19,1,3,2,2,1,2,0,3,2,2,2,4,3,3,No,35-44,"2-4 Years","3-5 Years",Low,"6-10 Miles"
894,42,Female,Married,3,"Life Sciences","Research & Development","Laboratory Technician",2,Travel_Rarely,Yes,3,1265,95,5231,23726,13,1,17,5,3,1,3,2,1,3,4,4,2,2,3,No,35-44,"5-7 Years","11-20 Years",Lower-Middle,"0-5 Miles"
895,31,Male,Married,4,"Life Sciences","Research & Development","Research Scientist",1,Travel_Rarely,Yes,11,1222,48,2356,14871,19,1,8,6,4,0,2,3,2,4,3,4,2,3,3,No,25-34,"5-7 Years","6-10 Years",Low,"11-20 Miles"
896,29,Female,Divorced,3,Medical,Sales,"Sales Representative",1,Travel_Rarely,Yes,1,341,48,2800,23522,19,3,5,3,2,0,2,6,3,2,2,3,3,3,3,Yes,25-34,"2-4 Years","3-5 Years",Low,"0-5 Miles"
897,53,Male,Married,3,Marketing,Sales,"Sales Executive",4,Travel_Rarely,No,8,868,73,11836,22789,14,1,28,2,0,2,2,5,3,1,3,4,3,3,3,No,45-54,"2-4 Years","21+ Years",High,"6-10 Miles"
899,35,Male,Married,3,"Technical Degree","Research & Development","Manufacturing Director",3,Travel_Rarely,No,25,672,78,10903,9129,16,0,16,13,10,4,8,3,2,4,2,2,1,3,3,No,35-44,"11+ Years","11-20 Years",High,"21+ Miles"
900,37,Female,Married,2,Medical,Sales,"Sales Representative",1,Travel_Frequently,No,21,1231,54,2973,21222,15,1,10,5,4,0,0,5,3,3,3,4,2,3,3,No,35-44,"5-7 Years","6-10 Years",Low,"21+ Miles"
901,53,Female,Single,4,"Life Sciences","Research & Development","Research Director",4,Travel_Rarely,No,23,102,72,14275,20206,18,0,33,12,9,3,8,6,0,4,3,4,3,3,3,No,45-54,"11+ Years","21+ Years",High,"21+ Miles"
902,43,Female,Married,3,"Life Sciences","Research & Development","Healthcare Representative",2,Travel_Frequently,No,1,422,33,5562,21782,13,1,12,5,2,2,2,4,2,4,3,4,2,2,3,No,35-44,"5-7 Years","11-20 Years",Lower-Middle,"0-5 Miles"
903,47,Female,Married,2,Marketing,Sales,"Sales Executive",2,Travel_Rarely,Yes,2,249,35,4537,17783,22,1,8,7,6,7,7,0,2,3,3,4,1,3,4,No,45-54,"5-7 Years","6-10 Years",Lower-Middle,"0-5 Miles"
904,37,Male,Single,2,Medical,Sales,"Sales Executive",3,Non-Travel,Yes,19,1252,32,7642,4814,13,0,10,10,0,0,9,1,2,1,3,2,4,3,3,No,35-44,"8-10 Years","6-10 Years",Upper-Middle,"11-20 Miles"
905,50,Male,Divorced,4,"Life Sciences","Research & Development",Manager,4,Non-Travel,No,2,881,98,17924,4544,11,1,31,31,6,14,7,1,3,1,3,1,4,3,3,No,45-54,"11+ Years","21+ Years",High,"0-5 Miles"
909,39,Female,Married,3,"Life Sciences","Human Resources","Human Resources",2,Travel_Rarely,No,2,1383,42,5204,7790,11,2,13,5,4,0,4,8,2,4,2,4,3,3,3,No,35-44,"5-7 Years","11-20 Years",Lower-Middle,"0-5 Miles"
910,33,Male,Divorced,2,"Human Resources","Human Resources","Human Resources",1,Travel_Rarely,Yes,3,1075,57,2277,22650,11,1,7,4,3,0,3,3,4,4,3,2,3,4,3,No,25-34,"2-4 Years","6-10 Years",Low,"0-5 Miles"
911,32,Male,Single,4,"Life Sciences","Research & Development","Laboratory Technician",1,Travel_Rarely,Yes,25,374,87,2795,18016,24,0,1,1,0,0,1,1,2,1,3,4,3,1,4,Yes,25-34,"<2 Years","0-2 Years",Low,"21+ Miles"
912,29,Female,Divorced,1,Medical,"Research & Development","Laboratory Technician",1,Travel_Rarely,No,7,1086,62,2532,6054,14,3,8,4,3,0,3,6,5,1,2,4,3,3,3,No,25-34,"2-4 Years","6-10 Years",Low,"6-10 Miles"
913,44,Male,Married,2,"Life Sciences","Research & Development","Research Scientist",1,Travel_Rarely,Yes,9,661,61,2559,7508,13,0,8,8,7,7,1,1,0,2,3,1,4,3,3,No,35-44,"8-10 Years","6-10 Years",Low,"6-10 Miles"
916,28,Male,Single,4,Medical,Sales,"Sales Executive",2,Travel_Rarely,No,5,821,98,4908,24252,14,0,4,4,2,0,2,1,3,1,3,4,2,3,3,No,25-34,"2-4 Years","3-5 Years",Lower-Middle,"0-5 Miles"
918,58,Male,Divorced,1,"Life Sciences","Research & Development","Laboratory Technician",1,Travel_Frequently,Yes,2,781,57,2380,13384,14,1,3,1,0,0,0,9,3,4,2,4,4,2,3,Yes,55+,"<2 Years","3-5 Years",Low,"0-5 Miles"
920,43,Female,Divorced,3,"Life Sciences","Research & Development","Manufacturing Director",2,Travel_Rarely,No,8,177,55,4765,23814,21,1,4,1,0,0,0,4,2,1,3,2,3,4,4,No,35-44,"<2 Years","3-5 Years",Lower-Middle,"6-10 Miles"
922,20,Female,Single,3,Medical,Sales,"Sales Representative",1,Travel_Rarely,No,2,500,49,2044,22052,13,0,2,2,2,0,2,1,3,3,2,3,4,2,3,Yes,"Under 25","2-4 Years","0-2 Years",Low,"0-5 Miles"
923,21,Female,Single,1,Other,"Research & Development","Research Scientist",1,Travel_Rarely,No,18,1427,65,2693,8870,19,0,1,1,0,0,0,1,3,4,3,4,1,2,3,Yes,"Under 25","<2 Years","0-2 Years",Low,"11-20 Miles"
924,36,Male,Married,1,"Life Sciences","Research & Development","Healthcare Representative",2,Travel_Rarely,Yes,14,1425,68,6586,4821,17,1,17,16,8,4,11,0,2,3,3,4,1,2,3,No,35-44,"11+ Years","11-20 Years",Upper-Middle,"11-20 Miles"
925,47,Female,Single,4,"Life Sciences",Sales,"Sales Representative",1,Travel_Rarely,Yes,2,1454,65,3294,13137,18,0,3,3,2,1,2,1,3,4,2,4,1,2,3,No,45-54,"2-4 Years","3-5 Years",Lower-Middle,"0-5 Miles"
926,22,Female,Married,1,"Life Sciences","Research & Development","Manufacturing Director",2,Travel_Rarely,Yes,3,617,34,4171,10022,19,1,4,3,2,0,2,0,3,2,3,3,1,4,3,Yes,"Under 25","2-4 Years","3-5 Years",Lower-Middle,"0-5 Miles"
927,41,Female,Divorced,4,"Life Sciences","Research & Development","Laboratory Technician",1,Travel_Rarely,Yes,2,1085,57,2778,17725,13,1,10,7,7,1,0,4,1,2,1,4,3,2,3,Yes,35-44,"5-7 Years","6-10 Years",Low,"0-5 Miles"
930,28,Female,Divorced,3,Medical,"Research & Development","Research Scientist",1,Travel_Rarely,No,9,995,77,2377,9834,18,1,6,2,2,2,2,5,2,3,3,3,2,3,3,No,25-34,"2-4 Years","6-10 Years",Low,"6-10 Miles"
932,39,Male,Married,3,Medical,"Research & Development","Laboratory Technician",1,Travel_Rarely,Yes,6,1122,70,2404,4303,21,0,8,2,2,2,2,7,2,4,3,1,4,1,4,Yes,35-44,"2-4 Years","6-10 Years",Low,"6-10 Miles"
933,27,Female,Single,3,"Life Sciences","Research & Development","Research Scientist",1,Travel_Rarely,No,4,618,76,2318,17808,19,0,1,1,1,0,0,1,2,2,3,3,3,3,3,No,25-34,"<2 Years","0-2 Years",Low,"0-5 Miles"
934,34,Male,Divorced,3,"Life Sciences","Research & Development","Laboratory Technician",1,Travel_Rarely,No,10,546,83,2008,6896,14,2,1,1,0,1,0,1,3,2,3,2,2,3,3,No,25-34,"<2 Years","0-2 Years",Low,"6-10 Miles"
936,42,Female,Single,2,Medical,Sales,"Sales Executive",2,Travel_Rarely,No,14,462,68,6244,7824,17,0,10,5,4,0,3,7,6,3,2,3,1,3,3,No,35-44,"5-7 Years","6-10 Years",Upper-Middle,"11-20 Miles"
939,33,Male,Single,4,Other,"Research & Development","Research Scientist",1,Travel_Rarely,Yes,1,1198,100,2799,3339,11,0,6,3,2,0,2,3,1,3,2,1,2,3,3,No,25-34,"2-4 Years","6-10 Years",Low,"0-5 Miles"
940,58,Female,Divorced,3,"Technical Degree","Research & Development","Healthcare Representative",3,Travel_Rarely,Yes,5,1272,37,10552,9255,13,1,24,6,0,0,4,2,3,3,2,2,4,3,3,No,55+,"5-7 Years","21+ Years",High,"0-5 Miles"
941,31,Male,Married,4,"Life Sciences",Sales,"Sales Representative",1,Travel_Rarely,No,7,154,41,2329,11737,15,0,13,7,7,5,2,3,2,2,2,3,2,4,3,No,25-34,"5-7 Years","11-20 Years",Low,"6-10 Miles"
942,35,Female,Married,1,"Life Sciences","Research & Development","Healthcare Representative",2,Travel_Rarely,Yes,21,1137,51,4014,19170,25,1,10,10,6,0,7,1,2,4,3,4,4,1,4,No,35-44,"8-10 Years","6-10 Years",Lower-Middle,"21+ Miles"
944,49,Female,Married,2,Other,"Research & Development","Laboratory Technician",3,Travel_Rarely,No,8,527,51,7403,22477,11,1,29,26,9,1,7,4,3,1,3,2,3,2,3,No,45-54,"11+ Years","21+ Years",Upper-Middle,"6-10 Miles"
945,48,Male,Married,4,Medical,"Research & Development","Research Scientist",1,Travel_Rarely,No,20,1469,51,2259,5543,17,2,13,0,0,0,0,4,2,4,3,3,1,2,3,No,45-54,"<2 Years","11-20 Years",Low,"11-20 Miles"
947,31,Female,Married,2,Marketing,Sales,"Sales Executive",2,Non-Travel,No,20,1188,45,6932,24406,13,1,9,9,8,0,0,1,2,4,3,3,4,2,3,No,25-34,"8-10 Years","6-10 Years",Upper-Middle,"11-20 Miles"
949,36,Male,Single,4,Other,"Research & Development","Research Scientist",1,Travel_Rarely,No,7,188,65,4678,23293,18,0,8,6,2,0,1,2,6,2,3,4,3,3,3,No,35-44,"5-7 Years","6-10 Years",Lower-Middle,"6-10 Miles"
950,38,Female,Married,3,"Technical Degree","Research & Development","Research Director",3,Travel_Rarely,No,1,1333,80,13582,16292,13,1,15,15,12,5,11,1,3,4,3,1,2,3,3,No,35-44,"11+ Years","11-20 Years",High,"0-5 Miles"
951,32,Female,Married,3,"Life Sciences","Research & Development","Laboratory Technician",1,Non-Travel,No,1,1184,70,2332,3974,20,0,5,3,0,0,2,6,3,3,2,2,3,3,4,No,25-34,"2-4 Years","3-5 Years",Low,"0-5 Miles"
952,25,Male,Married,2,Marketing,Sales,"Sales Representative",1,Travel_Rarely,Yes,19,867,36,2413,18798,18,3,1,1,0,0,0,1,2,3,2,2,3,3,3,Yes,25-34,"<2 Years","0-2 Years",Low,"11-20 Miles"
954,40,Male,Divorced,4,Marketing,Sales,"Sales Executive",3,Travel_Rarely,No,10,658,67,9705,20652,12,1,11,1,0,0,0,2,2,1,2,2,2,2,3,No,35-44,"<2 Years","11-20 Years",Upper-Middle,"6-10 Miles"
956,26,Male,Single,3,Medical,Sales,"Sales Executive",2,Travel_Frequently,No,1,1283,52,4294,11148,12,0,7,7,7,0,7,1,2,3,2,1,2,3,3,No,25-34,"5-7 Years","6-10 Years",Lower-Middle,"0-5 Miles"
957,41,Male,Single,3,Medical,"Research & Development","Laboratory Technician",1,Travel_Rarely,Yes,6,263,59,4721,3119,13,0,20,18,13,2,17,2,3,4,3,1,3,3,3,No,35-44,"11+ Years","11-20 Years",Lower-Middle,"6-10 Miles"
958,36,Male,Single,4,Medical,"Research & Development","Laboratory Technician",1,Travel_Rarely,No,2,938,79,2519,12287,21,0,16,11,8,3,9,4,6,3,3,3,3,3,4,No,35-44,"11+ Years","11-20 Years",Low,"0-5 Miles"
959,19,Male,Single,3,Other,Sales,"Sales Representative",1,Travel_Rarely,Yes,21,419,37,2121,9947,13,0,1,1,0,0,0,1,3,4,2,2,2,4,3,Yes,"Under 25","<2 Years","0-2 Years",Low,"21+ Miles"
960,20,Male,Single,3,"Technical Degree","Research & Development","Laboratory Technician",1,Travel_Rarely,No,4,129,84,2973,13008,19,0,1,1,0,0,0,1,2,1,3,1,2,3,3,Yes,"Under 25","<2 Years","0-2 Years",Low,"0-5 Miles"
961,31,Female,Married,3,Medical,"Research & Development","Healthcare Representative",2,Travel_Rarely,Yes,12,616,41,5855,17369,11,2,10,9,7,8,5,0,2,4,3,4,3,1,3,No,25-34,"8-10 Years","6-10 Years",Lower-Middle,"11-20 Miles"
964,40,Male,Divorced,4,Medical,"Research & Development","Research Scientist",1,Travel_Frequently,Yes,9,1469,35,3617,25063,14,1,3,1,1,0,0,8,2,4,3,2,4,3,3,No,35-44,"<2 Years","3-5 Years",Lower-Middle,"6-10 Miles"
966,32,Female,Married,4,Medical,"Research & Development","Manufacturing Director",2,Travel_Rarely,No,3,498,93,6725,13554,12,1,8,8,7,6,3,1,2,3,3,1,3,4,3,No,25-34,"8-10 Years","6-10 Years",Upper-Middle,"0-5 Miles"
967,36,Male,Married,1,"Life Sciences",Sales,"Sales Executive",3,Travel_Rarely,Yes,3,530,51,10325,5518,11,1,16,16,7,3,7,1,6,3,2,4,1,3,3,Yes,35-44,"11+ Years","11-20 Years",High,"0-5 Miles"
969,33,Female,Single,3,"Life Sciences","Research & Development","Healthcare Representative",2,Travel_Rarely,No,1,1069,42,6949,12291,14,0,6,5,0,1,4,0,3,2,2,4,1,3,3,No,25-34,"5-7 Years","6-10 Years",Upper-Middle,"0-5 Miles"
970,37,Male,Married,4,"Life Sciences",Sales,"Sales Executive",3,Travel_Rarely,No,1,625,46,10609,14922,11,0,17,14,1,11,7,5,2,1,2,3,3,1,3,Yes,35-44,"11+ Years","11-20 Years",High,"0-5 Miles"
972,45,Male,Married,2,"Life Sciences","Research & Development","Laboratory Technician",2,Non-Travel,No,4,805,57,4447,23163,12,0,9,9,7,0,8,1,5,3,3,2,2,2,3,No,45-54,"8-10 Years","6-10 Years",Lower-Middle,"0-5 Miles"
974,29,Female,Married,3,"Technical Degree",Sales,"Sales Representative",1,Travel_Frequently,No,20,1404,84,2157,18203,15,1,3,3,1,0,2,1,5,3,3,4,2,3,3,No,25-34,"2-4 Years","3-5 Years",Low,"11-20 Miles"
975,35,Female,Married,3,Medical,Sales,"Sales Executive",2,Travel_Rarely,No,18,1219,86,4601,6179,16,0,5,5,2,1,0,1,3,3,3,3,2,3,3,No,35-44,"5-7 Years","3-5 Years",Lower-Middle,"11-20 Miles"
976,52,Male,Married,2,"Life Sciences","Research & Development",Manager,4,Travel_Rarely,No,1,1053,70,17099,13829,15,1,26,9,8,7,8,2,2,4,3,4,2,2,3,No,45-54,"8-10 Years","21+ Years",High,"0-5 Miles"
977,58,Male,Single,3,"Technical Degree","Research & Development","Research Scientist",1,Travel_Rarely,No,2,289,51,2479,26227,24,0,7,1,0,0,0,4,4,4,3,3,1,3,4,Yes,55+,"<2 Years","6-10 Years",Low,"0-5 Miles"
981,53,Male,Divorced,2,Medical,Sales,Manager,4,Travel_Rarely,No,2,1376,45,14852,13938,13,1,22,17,13,15,2,6,3,3,3,3,3,4,3,No,45-54,"11+ Years","21+ Years",High,"0-5 Miles"
982,30,Male,Divorced,2,Other,Sales,"Sales Executive",3,Travel_Rarely,No,8,231,62,7264,9977,11,1,10,8,4,7,7,5,2,3,3,3,1,4,3,No,25-34,"8-10 Years","6-10 Years",Upper-Middle,"6-10 Miles"
983,38,Female,Single,3,"Technical Degree",Sales,"Sales Executive",2,Non-Travel,Yes,10,152,85,5666,19899,13,0,6,5,3,1,3,1,1,3,3,4,2,3,3,No,35-44,"5-7 Years","6-10 Years",Lower-Middle,"6-10 Miles"
984,35,Male,Divorced,4,"Life Sciences",Sales,"Sales Executive",3,Travel_Rarely,No,3,882,92,7823,6812,13,1,12,10,9,0,8,6,2,4,3,4,2,3,3,No,35-44,"8-10 Years","11-20 Years",Upper-Middle,"0-5 Miles"
985,39,Male,Single,5,"Life Sciences",Sales,"Sales Executive",3,Travel_Rarely,No,2,903,41,7880,2560,18,0,9,8,7,0,7,0,3,1,4,3,4,3,3,No,35-44,"8-10 Years","6-10 Years",Upper-Middle,"0-5 Miles"
986,40,Female,Single,3,"Life Sciences",Sales,"Sales Executive",4,Non-Travel,Yes,24,1479,100,13194,17071,16,0,22,1,0,0,0,4,2,2,4,2,4,2,3,Yes,35-44,"<2 Years","21+ Years",High,"21+ Miles"
987,47,Male,Divorced,4,Medical,"Research & Development","Manufacturing Director",2,Travel_Frequently,Yes,16,1379,64,5067,6759,19,0,20,19,10,2,7,1,3,3,4,3,3,4,3,No,45-54,"11+ Years","11-20 Years",Lower-Middle,"11-20 Miles"
990,36,Male,Divorced,4,"Technical Degree",Sales,"Sales Executive",2,Non-Travel,No,8,1229,84,5079,25952,13,2,12,7,7,0,7,4,3,1,3,4,4,3,3,No,35-44,"5-7 Years","11-20 Years",Lower-Middle,"6-10 Miles"
991,31,Male,Single,2,Medical,"Research & Development","Research Scientist",1,Non-Travel,Yes,9,335,46,2321,10322,22,0,4,3,2,1,2,0,0,3,2,1,1,3,4,Yes,25-34,"2-4 Years","3-5 Years",Low,"6-10 Miles"
992,33,Male,Single,3,"Life Sciences",Sales,Manager,4,Non-Travel,No,17,722,38,17444,20489,11,0,10,10,8,6,0,1,2,4,3,3,4,3,3,No,25-34,"8-10 Years","6-10 Years",High,"11-20 Miles"
994,29,Female,Single,3,"Life Sciences","Research & Development","Research Scientist",1,Travel_Rarely,Yes,10,906,92,2404,11479,20,0,3,0,0,0,0,6,5,4,2,1,3,3,4,Yes,25-34,"<2 Years","3-5 Years",Low,"6-10 Miles"
995,33,Female,Single,1,"Life Sciences","Research & Development","Research Scientist",1,Travel_Rarely,No,13,461,53,3452,17241,18,0,5,3,2,0,2,3,4,2,3,4,1,3,3,No,25-34,"2-4 Years","3-5 Years",Lower-Middle,"11-20 Miles"
996,45,Female,Divorced,4,Medical,"Research & Development","Laboratory Technician",1,Travel_Rarely,No,1,974,91,2270,11005,14,2,8,5,3,0,2,3,2,4,3,4,4,3,3,No,45-54,"5-7 Years","6-10 Years",Low,"0-5 Miles"
997,50,Male,Divorced,2,Medical,"Research & Development","Research Director",4,Travel_Rarely,No,1,1126,66,17399,6615,22,1,32,5,4,1,3,9,1,4,3,4,3,2,4,No,45-54,"5-7 Years","21+ Years",High,"0-5 Miles"
998,33,Female,Married,4,Other,"Research & Development","Healthcare Representative",2,Travel_Frequently,Yes,1,827,84,5488,20161,13,1,6,6,5,1,2,1,2,3,4,2,1,3,3,No,25-34,"5-7 Years","6-10 Years",Lower-Middle,"0-5 Miles"
999,41,Male,Divorced,3,Medical,"Research & Development","Research Director",5,Travel_Frequently,No,9,840,64,19419,3735,17,1,21,18,16,0,11,2,2,1,3,3,2,4,3,No,35-44,"11+ Years","21+ Years",High,"6-10 Miles"
1001,27,Female,Married,4,"Technical Degree","Research & Development","Laboratory Technician",1,Travel_Rarely,No,16,1134,37,2811,12086,14,1,4,2,2,2,2,9,2,3,3,2,2,3,3,No,25-34,"2-4 Years","3-5 Years",Low,"11-20 Miles"
1002,45,Male,Married,2,"Life Sciences","Research & Development","Laboratory Technician",2,Non-Travel,Yes,23,248,42,3633,14039,15,1,9,9,8,0,8,1,2,4,3,1,3,3,3,No,45-54,"8-10 Years","6-10 Years",Lower-Middle,"21+ Miles"
1003,47,Female,Single,2,"Life Sciences",Sales,"Sales Executive",2,Travel_Rarely,Yes,4,955,83,4163,8571,17,0,9,9,0,0,7,1,0,4,3,4,3,3,3,No,45-54,"8-10 Years","6-10 Years",Lower-Middle,"0-5 Miles"
1004,30,Female,Married,3,"Life Sciences","Research & Development","Research Scientist",1,Travel_Rarely,Yes,22,138,48,2132,11539,11,0,7,5,2,0,1,4,2,1,3,3,2,3,3,Yes,25-34,"5-7 Years","6-10 Years",Low,"21+ Miles"
1005,50,Male,Married,3,"Life Sciences","Research & Development","Manufacturing Director",4,Travel_Rarely,Yes,24,939,95,13973,4161,18,1,22,12,11,1,5,3,2,4,3,3,4,3,3,No,45-54,"11+ Years","21+ Years",High,"21+ Miles"
1006,38,Male,Married,1,Medical,"Research & Development","Research Scientist",1,Travel_Frequently,No,10,1391,66,2684,12127,17,1,3,2,1,0,2,0,0,3,3,3,2,2,3,No,35-44,"2-4 Years","3-5 Years",Low,"6-10 Miles"
1007,46,Male,Divorced,2,Medical,"Research & Development","Manufacturing Director",3,Travel_Rarely,No,7,566,75,10845,24208,13,1,13,8,7,0,7,6,3,4,3,3,2,3,3,No,45-54,"8-10 Years","11-20 Years",High,"6-10 Miles"
1009,24,Female,Divorced,1,Medical,"Research & Development","Manufacturing Director",2,Travel_Rarely,No,17,1206,41,4377,24117,15,2,5,4,2,3,2,1,6,4,2,3,2,3,3,No,"Under 25","2-4 Years","3-5 Years",Lower-Middle,"11-20 Miles"
1010,35,Male,Divorced,4,Other,"Research & Development","Laboratory Technician",1,Travel_Rarely,Yes,14,622,39,3743,10074,24,1,5,4,2,0,2,1,2,3,2,2,4,1,4,Yes,35-44,"2-4 Years","3-5 Years",Lower-Middle,"11-20 Miles"
1011,31,Female,Married,1,"Life Sciences","Research & Development","Manufacturing Director",2,Travel_Frequently,No,1,853,96,4148,11275,12,1,4,4,3,0,3,1,1,3,3,1,3,3,3,No,25-34,"2-4 Years","3-5 Years",Lower-Middle,"0-5 Miles"
1012,18,Male,Single,2,"Life Sciences","Research & Development","Research Scientist",1,Non-Travel,No,5,287,73,1051,13493,15,0,0,0,0,0,0,1,2,2,3,4,4,3,3,No,"Under 25","<2 Years","0-2 Years",Low,"0-5 Miles"
1013,54,Female,Married,3,"Technical Degree","Research & Development","Manufacturing Director",3,Travel_Rarely,No,17,1441,56,10739,13943,11,1,22,10,7,0,8,8,2,3,3,3,3,3,3,No,45-54,"8-10 Years","21+ Years",High,"11-20 Miles"
1014,35,Female,Divorced,4,Medical,"Research & Development","Healthcare Representative",3,Travel_Rarely,Yes,25,583,57,10388,6975,11,1,16,16,10,10,1,1,3,3,3,3,3,2,3,No,35-44,"11+ Years","11-20 Years",High,"21+ Miles"
1015,30,Female,Married,2,"Life Sciences","Research & Development","Research Director",3,Travel_Rarely,Yes,8,153,73,11416,17802,12,3,9,8,7,1,7,0,4,2,4,1,3,2,3,No,25-34,"8-10 Years","6-10 Years",High,"6-10 Miles"
1016,20,Female,Single,3,Medical,"Research & Development","Research Scientist",1,Travel_Rarely,Yes,11,1097,98,2600,18275,15,0,1,1,0,0,0,1,2,4,2,1,1,3,3,Yes,"Under 25","<2 Years","0-2 Years",Low,"11-20 Miles"
1017,30,Female,Single,3,Medical,"Research & Development","Laboratory Technician",1,Travel_Frequently,No,5,109,60,2422,25725,17,0,4,3,2,1,2,0,3,2,3,2,1,3,3,Yes,25-34,"2-4 Years","3-5 Years",Low,"0-5 Miles"
1018,26,Male,Married,2,Medical,"Research & Development","Manufacturing Director",2,Travel_Rarely,No,2,1066,32,5472,3334,12,0,8,8,7,1,3,1,2,4,4,4,2,3,3,No,25-34,"8-10 Years","6-10 Years",Lower-Middle,"0-5 Miles"
1019,22,Male,Married,1,"Life Sciences","Research & Development","Laboratory Technician",1,Travel_Rarely,No,8,217,94,2451,6881,15,1,4,4,3,1,1,1,3,2,1,1,1,2,3,No,"Under 25","2-4 Years","3-5 Years",Low,"6-10 Miles"
1022,48,Male,Single,3,"Life Sciences","Research & Development","Healthcare Representative",2,Travel_Rarely,No,6,277,97,4240,13119,13,0,19,2,2,2,2,2,0,1,2,3,4,3,3,No,45-54,"2-4 Years","11-20 Years",Lower-Middle,"6-10 Miles"
1024,48,Male,Single,4,"Life Sciences","Research & Development","Healthcare Representative",3,Travel_Rarely,No,4,1355,78,10999,22245,14,0,27,15,11,4,8,7,3,3,2,3,2,3,3,No,45-54,"11+ Years","21+ Years",High,"0-5 Miles"
1025,41,Female,Single,2,Medical,"Research & Development","Manufacturing Director",2,Travel_Rarely,No,7,549,42,5003,23371,14,0,8,2,2,2,1,6,6,4,3,3,2,3,3,No,35-44,"2-4 Years","6-10 Years",Lower-Middle,"6-10 Miles"
1026,39,Female,Married,1,"Life Sciences","Research & Development","Manufacturing Director",4,Travel_Rarely,No,1,466,65,12742,7060,16,1,21,21,6,11,8,1,3,4,2,4,3,3,3,No,35-44,"11+ Years","21+ Years",High,"0-5 Miles"
1027,27,Female,Married,4,"Life Sciences","Research & Development","Manufacturing Director",2,Travel_Rarely,No,2,1055,47,4227,4658,18,1,4,3,2,2,2,0,2,1,3,4,2,3,3,No,25-34,"2-4 Years","3-5 Years",Lower-Middle,"0-5 Miles"
1028,35,Male,Divorced,3,Other,"Research & Development","Laboratory Technician",1,Travel_Rarely,No,10,802,45,3917,9541,20,1,3,3,2,1,2,1,4,2,3,4,1,2,4,No,35-44,"2-4 Years","3-5 Years",Lower-Middle,"6-10 Miles"
1029,42,Male,Married,2,Marketing,Sales,Manager,5,Travel_Rarely,No,5,265,90,18303,7770,13,0,21,1,0,0,0,6,3,4,3,3,2,4,3,No,35-44,"<2 Years","21+ Years",High,"0-5 Miles"
1030,50,Male,Married,3,"Life Sciences","Research & Development","Laboratory Technician",1,Travel_Rarely,No,9,804,64,2380,20165,18,0,8,1,0,0,0,4,5,1,3,4,2,3,3,No,45-54,"<2 Years","6-10 Years",Low,"6-10 Miles"
1032,59,Female,Single,3,"Life Sciences","Research & Development","Manufacturing Director",4,Travel_Rarely,Yes,2,715,69,13726,21829,13,0,30,5,3,4,3,3,4,3,2,4,1,3,3,No,55+,"5-7 Years","21+ Years",High,"0-5 Miles"
1033,37,Female,Married,2,Medical,"Research & Development","Healthcare Representative",2,Travel_Rarely,No,11,1141,61,4777,14382,15,0,15,1,0,0,0,5,2,1,1,2,1,1,3,Yes,35-44,"<2 Years","11-20 Years",Lower-Middle,"11-20 Miles"
1034,55,Male,Married,4,Medical,"Research & Development","Healthcare Representative",2,Travel_Frequently,Yes,18,135,62,6385,12992,14,2,17,8,7,6,7,3,3,3,3,2,4,3,3,No,55+,"8-10 Years","11-20 Years",Upper-Middle,"11-20 Miles"
1035,41,Female,Divorced,1,"Life Sciences","Research & Development","Research Director",5,Non-Travel,No,7,247,55,19973,20284,22,2,21,21,16,5,10,1,3,2,1,3,2,3,4,No,35-44,"11+ Years","21+ Years",High,"6-10 Miles"
1036,38,Male,Single,4,"Life Sciences",Sales,"Sales Executive",2,Travel_Rarely,Yes,3,1035,42,6861,4981,12,0,19,1,0,0,0,8,1,2,3,4,3,3,3,No,35-44,"<2 Years","11-20 Years",Upper-Middle,"0-5 Miles"
1037,26,Male,Single,2,Medical,Sales,"Sales Executive",2,Non-Travel,No,29,265,79,4969,21813,18,0,7,2,2,2,2,8,6,2,1,1,4,3,3,Yes,25-34,"2-4 Years","6-10 Years",Lower-Middle,"21+ Miles"
1038,52,Female,Married,1,Marketing,Sales,Manager,5,Travel_Rarely,No,2,266,57,19845,25846,15,1,33,32,14,6,9,1,3,1,1,4,4,3,3,Yes,45-54,"11+ Years","21+ Years",High,"0-5 Miles"
1039,44,Female,Married,3,Medical,Sales,"Sales Executive",4,Travel_Rarely,Yes,28,1448,53,13320,11737,18,1,23,12,11,11,11,3,2,4,4,4,3,3,3,No,35-44,"11+ Years","21+ Years",High,"21+ Miles"
1040,50,Female,Married,3,"Life Sciences",Sales,"Sales Executive",2,Non-Travel,No,1,145,95,6347,24920,12,1,19,18,7,0,13,0,3,4,3,3,1,3,3,No,45-54,"11+ Years","11-20 Years",Upper-Middle,"0-5 Miles"
1042,36,Female,Single,4,"Life Sciences","Research & Development","Laboratory Technician",1,Travel_Rarely,No,16,885,43,2743,8269,16,0,18,17,13,15,14,1,1,3,4,1,3,3,3,Yes,35-44,"11+ Years","11-20 Years",Low,"11-20 Miles"
1043,39,Female,Single,3,Medical,"Research & Development","Manufacturing Director",3,Travel_Frequently,Yes,22,945,82,10880,5083,13,0,21,21,6,2,8,1,2,4,3,1,3,3,3,No,35-44,"11+ Years","21+ Years",High,"21+ Miles"
1044,33,Female,Single,1,"Life Sciences",Sales,"Sales Representative",1,Non-Travel,No,8,1038,88,2342,21437,19,0,3,2,2,2,2,0,2,2,2,4,4,2,3,No,25-34,"2-4 Years","3-5 Years",Low,"6-10 Miles"
1045,45,Female,Married,2,"Life Sciences",Sales,Manager,4,Travel_Rarely,No,11,1234,90,17650,5404,13,1,26,9,3,1,1,3,4,4,3,4,2,4,3,No,45-54,"8-10 Years","21+ Years",High,"11-20 Miles"
1046,32,Female,Single,4,Medical,"Research & Development","Laboratory Technician",1,Non-Travel,No,29,1109,69,4025,11135,12,0,10,8,7,7,7,9,2,4,3,3,2,3,3,No,25-34,"8-10 Years","6-10 Years",Lower-Middle,"21+ Miles"
1047,34,Male,Divorced,4,Marketing,Sales,"Sales Executive",2,Travel_Rarely,No,1,216,75,9725,12278,11,1,16,15,1,0,9,0,2,2,4,4,4,2,3,No,25-34,"11+ Years","11-20 Years",Upper-Middle,"0-5 Miles"
1048,59,Male,Married,2,"Technical Degree",Sales,Manager,3,Travel_Rarely,Yes,1,1089,66,11904,11038,14,1,14,6,4,0,4,3,1,2,3,4,3,1,3,No,55+,"5-7 Years","11-20 Years",High,"0-5 Miles"
1049,45,Male,Single,4,Medical,"Human Resources","Human Resources",1,Travel_Rarely,No,24,788,36,2177,8318,16,0,6,6,3,0,4,1,3,2,3,2,1,3,3,No,45-54,"5-7 Years","6-10 Years",Low,"21+ Miles"
1050,53,Female,Married,3,Marketing,Sales,"Sales Executive",3,Travel_Frequently,No,2,124,38,7525,23537,12,1,30,15,7,6,12,2,2,3,2,2,1,3,3,No,45-54,"11+ Years","21+ Years",Upper-Middle,"0-5 Miles"
1052,36,Male,Divorced,3,Other,"Research & Development","Laboratory Technician",2,Travel_Rarely,No,15,660,81,4834,7858,14,1,9,1,0,0,0,7,3,1,3,3,2,2,3,Yes,35-44,"<2 Years","6-10 Years",Lower-Middle,"11-20 Miles"
1053,26,Male,Married,3,"Life Sciences","Research & Development","Research Scientist",1,Travel_Frequently,Yes,2,342,57,2042,15346,14,1,6,3,2,1,2,6,2,1,3,1,2,3,3,Yes,25-34,"2-4 Years","6-10 Years",Low,"0-5 Miles"
1055,34,Female,Married,4,"Life Sciences",Sales,"Sales Representative",1,Travel_Rarely,Yes,10,1333,87,2220,18410,19,1,1,1,1,0,0,1,2,3,3,3,4,3,3,No,25-34,"<2 Years","0-2 Years",Low,"6-10 Miles"
1056,28,Male,Married,1,Medical,Sales,"Sales Representative",1,Travel_Rarely,No,10,1144,74,1052,23384,22,0,1,1,0,0,0,1,5,4,3,2,2,3,4,No,25-34,"<2 Years","0-2 Years",Low,"6-10 Miles"
1060,38,Male,Married,4,Other,"Research & Development","Research Scientist",1,Travel_Frequently,No,3,1186,44,2821,2997,16,1,8,2,2,2,2,3,2,3,3,3,1,3,3,No,35-44,"2-4 Years","6-10 Years",Low,"0-5 Miles"
1061,50,Male,Married,4,Medical,"Research & Development","Research Director",5,Travel_Rarely,Yes,2,1464,62,19237,12853,11,1,29,8,1,7,7,2,2,2,3,3,4,2,3,No,45-54,"8-10 Years","21+ Years",High,"0-5 Miles"
1062,37,Female,Single,3,Other,"Research & Development","Healthcare Representative",2,Travel_Rarely,No,3,124,35,4107,13848,15,0,8,4,3,0,1,3,3,4,3,2,1,2,3,No,35-44,"2-4 Years","6-10 Years",Lower-Middle,"0-5 Miles"
1066,40,Male,Married,3,Marketing,Sales,"Sales Executive",2,Travel_Rarely,No,26,300,74,8396,22217,14,1,8,7,7,7,5,1,3,3,3,1,2,2,3,No,35-44,"5-7 Years","6-10 Years",Upper-Middle,"21+ Miles"
1068,26,Female,Divorced,1,Medical,"Research & Development","Research Scientist",1,Travel_Frequently,No,1,921,66,2007,25265,13,2,5,5,3,1,3,1,5,1,2,3,3,3,3,No,25-34,"5-7 Years","3-5 Years",Low,"0-5 Miles"
1069,46,Male,Divorced,4,Medical,"Research & Development","Research Director",5,Travel_Rarely,No,1,430,40,19627,21445,17,2,23,2,2,2,2,9,0,4,3,4,4,3,3,No,45-54,"2-4 Years","21+ Years",High,"0-5 Miles"
1070,54,Female,Married,4,"Life Sciences",Sales,"Sales Executive",3,Travel_Rarely,No,2,1082,41,10686,8392,11,1,13,9,4,7,0,6,4,3,2,3,2,3,3,No,45-54,"8-10 Years","11-20 Years",High,"0-5 Miles"
1071,56,Female,Married,3,Medical,"Research & Development","Research Scientist",1,Travel_Frequently,No,9,1240,63,2942,12154,19,1,18,5,4,0,3,2,4,1,3,3,2,3,3,No,55+,"5-7 Years","11-20 Years",Low,"6-10 Miles"
1073,36,Female,Single,5,Medical,"Research & Development","Manufacturing Director",3,Travel_Rarely,No,12,796,51,8858,15669,11,0,15,14,8,7,8,0,2,4,2,4,2,2,3,No,35-44,"11+ Years","11-20 Years",Upper-Middle,"11-20 Miles"
1074,55,Male,Single,1,Medical,"Research & Development",Manager,4,Non-Travel,No,2,444,40,16756,17323,15,0,31,9,7,6,2,7,3,3,2,1,2,4,3,No,55+,"8-10 Years","21+ Years",High,"0-5 Miles"
1076,43,Male,Divorced,3,Medical,Sales,"Sales Executive",3,Travel_Rarely,No,25,415,79,10798,5268,13,1,18,1,0,0,0,5,5,3,2,4,3,3,3,No,35-44,"<2 Years","11-20 Years",High,"21+ Miles"
1077,20,Female,Single,3,Marketing,Sales,"Sales Representative",1,Travel_Frequently,Yes,9,769,54,2323,17205,14,0,2,2,2,0,2,1,3,4,3,4,2,3,3,Yes,"Under 25","2-4 Years","0-2 Years",Low,"6-10 Miles"
1079,21,Female,Single,3,"Life Sciences","Research & Development","Laboratory Technician",1,Travel_Rarely,No,10,1334,36,1416,17258,13,0,1,1,0,1,0,1,6,3,2,1,1,2,3,Yes,"Under 25","<2 Years","0-2 Years",Low,"6-10 Miles"
1080,46,Female,Divorced,4,"Life Sciences","Research & Development","Research Scientist",2,Travel_Rarely,Yes,8,1003,74,4615,21029,23,3,19,16,13,1,7,8,2,4,2,1,1,3,4,No,45-54,"11+ Years","11-20 Years",Lower-Middle,"6-10 Miles"
1081,51,Male,Married,4,"Life Sciences","Research & Development","Research Scientist",1,Travel_Rarely,Yes,4,1323,34,2461,10332,12,3,18,10,0,2,7,9,2,1,3,3,3,4,3,Yes,45-54,"8-10 Years","11-20 Years",Low,"0-5 Miles"
1082,28,Male,Single,2,"Technical Degree","Research & Development","Healthcare Representative",3,Non-Travel,No,24,1366,72,8722,12355,12,0,10,10,7,1,9,1,2,2,2,1,1,2,3,Yes,25-34,"8-10 Years","6-10 Years",Upper-Middle,"21+ Miles"
1083,26,Male,Married,2,Medical,"Research & Development","Laboratory Technician",1,Travel_Rarely,No,1,192,59,3955,11141,16,2,6,5,3,1,3,1,2,1,2,1,1,3,3,No,25-34,"5-7 Years","6-10 Years",Lower-Middle,"0-5 Miles"
1084,30,Male,Married,3,Other,"Research & Development","Manufacturing Director",2,Travel_Rarely,No,20,1176,85,9957,9096,15,1,7,6,2,0,2,0,1,3,3,1,3,2,3,No,25-34,"5-7 Years","6-10 Years",Upper-Middle,"11-20 Miles"
1085,41,Female,Married,2,"Technical Degree","Research & Development","Research Scientist",1,Travel_Rarely,No,7,509,43,3376,18863,13,0,10,10,6,0,8,1,3,2,4,3,3,3,3,No,35-44,"8-10 Years","6-10 Years",Lower-Middle,"6-10 Miles"
1088,38,Female,Married,1,"Life Sciences","Research & Development","Healthcare Representative",3,Travel_Rarely,No,17,330,65,8823,24608,18,1,20,19,9,1,9,0,4,3,2,3,1,2,3,No,35-44,"11+ Years","11-20 Years",Upper-Middle,"11-20 Miles"
1092,40,Male,Married,4,"Technical Degree","Research & Development","Healthcare Representative",3,Travel_Rarely,No,20,1492,61,10322,26542,20,1,14,11,10,11,1,4,6,1,3,4,4,3,4,No,35-44,"11+ Years","11-20 Years",High,"11-20 Miles"
1094,27,Male,Married,5,"Life Sciences","Research & Development","Laboratory Technician",1,Non-Travel,No,8,1277,87,4621,5869,19,3,3,3,2,1,2,1,4,1,1,3,4,3,3,No,25-34,"2-4 Years","3-5 Years",Lower-Middle,"6-10 Miles"
1096,55,Male,Married,1,"Life Sciences","Research & Development","Manufacturing Director",3,Travel_Frequently,No,2,1091,65,10976,15813,18,1,23,3,2,1,2,3,4,4,3,2,2,3,3,No,55+,"2-4 Years","21+ Years",High,"0-5 Miles"
1097,28,Female,Single,3,Other,"Research & Development","Research Scientist",2,Travel_Rarely,No,10,857,59,3660,7909,13,0,10,8,7,1,7,3,4,3,3,3,4,4,3,No,25-34,"8-10 Years","6-10 Years",Lower-Middle,"6-10 Miles"
1098,44,Male,Married,2,Medical,"Human Resources","Human Resources",3,Travel_Rarely,No,1,1376,91,10482,2326,14,1,24,20,6,3,6,9,1,2,2,1,4,3,3,Yes,35-44,"11+ Years","21+ Years",High,"0-5 Miles"
1099,33,Male,Divorced,3,"Life Sciences","Research & Development","Healthcare Representative",3,Travel_Rarely,No,5,654,34,7119,21214,15,1,9,3,2,1,2,4,2,4,2,4,3,3,3,No,25-34,"2-4 Years","6-10 Years",Upper-Middle,"0-5 Miles"
1100,35,Male,Single,3,"Technical Degree",Sales,"Sales Executive",3,Travel_Rarely,Yes,4,1204,86,9582,10333,22,0,9,8,7,4,7,0,2,4,3,1,1,3,4,Yes,35-44,"8-10 Years","6-10 Years",Upper-Middle,"0-5 Miles"
1101,33,Female,Single,4,Medical,"Research & Development","Research Scientist",2,Travel_Frequently,No,29,827,54,4508,3129,22,0,14,13,7,3,8,1,4,1,2,3,2,3,4,Yes,25-34,"11+ Years","11-20 Years",Lower-Middle,"21+ Miles"
1102,28,Male,Divorced,2,"Life Sciences","Research & Development","Laboratory Technician",1,Travel_Rarely,No,15,895,50,2207,22482,16,1,4,4,2,2,2,1,5,1,3,3,4,2,3,No,25-34,"2-4 Years","3-5 Years",Low,"11-20 Miles"
1103,34,Male,Single,1,"Life Sciences","Research & Development","Healthcare Representative",2,Travel_Frequently,No,3,618,45,7756,22266,17,0,7,6,2,0,4,0,1,1,3,4,3,2,3,No,25-34,"5-7 Years","6-10 Years",Upper-Middle,"0-5 Miles"
1105,37,Female,Divorced,4,"Life Sciences",Sales,"Sales Executive",2,Travel_Rarely,Yes,10,309,88,6694,24223,14,3,8,1,0,0,0,2,5,4,2,4,3,3,3,No,35-44,"<2 Years","6-10 Years",Upper-Middle,"6-10 Miles"
1106,25,Male,Married,1,"Technical Degree","Research & Development","Laboratory Technician",1,Travel_Rarely,Yes,4,1219,32,3691,4605,15,1,7,7,7,5,6,1,3,4,3,4,2,4,3,Yes,25-34,"5-7 Years","6-10 Years",Lower-Middle,"0-5 Miles"
1107,26,Male,Divorced,3,Medical,"Research & Development","Laboratory Technician",1,Travel_Rarely,No,21,1330,37,2377,19373,20,1,1,1,1,0,0,1,0,1,3,3,3,2,4,Yes,25-34,"<2 Years","0-2 Years",Low,"21+ Miles"
1108,33,Male,Single,3,Medical,"Research & Development","Research Scientist",1,Travel_Rarely,Yes,25,1017,55,2313,2993,20,0,5,2,2,2,2,4,0,1,2,2,2,3,4,Yes,25-34,"2-4 Years","3-5 Years",Low,"21+ Miles"
1109,42,Male,Married,2,Medical,"Research & Development",Manager,4,Travel_Rarely,No,2,469,35,17665,14399,17,1,23,22,6,13,7,0,3,4,3,1,4,3,3,No,35-44,"11+ Years","21+ Years",High,"0-5 Miles"
1111,28,Male,Divorced,3,Medical,"Research & Development","Laboratory Technician",1,Travel_Frequently,No,1,1009,45,2596,7160,15,2,1,1,0,0,0,1,2,1,2,2,1,3,3,Yes,25-34,"<2 Years","0-2 Years",Low,"0-5 Miles"
1113,50,Male,Single,4,Other,Sales,"Sales Executive",2,Travel_Frequently,Yes,1,959,81,4728,17251,14,0,5,0,0,0,0,3,4,4,3,3,4,3,3,Yes,45-54,"<2 Years","3-5 Years",Lower-Middle,"0-5 Miles"
1114,33,Female,Married,3,"Life Sciences",Sales,"Sales Executive",2,Travel_Frequently,No,7,970,30,4302,13401,17,1,4,3,2,0,2,0,3,4,3,2,3,3,3,No,25-34,"2-4 Years","3-5 Years",Lower-Middle,"6-10 Miles"
1115,34,Male,Married,4,"Life Sciences","Research & Development","Research Scientist",1,Non-Travel,No,3,697,40,2979,22478,17,3,6,0,0,0,0,3,2,3,2,4,4,3,3,No,25-34,"<2 Years","6-10 Years",Low,"0-5 Miles"
1116,48,Male,Single,4,Medical,"Research & Development",Manager,4,Non-Travel,No,1,1262,35,16885,16154,22,0,27,5,4,2,1,2,3,1,4,4,3,2,4,No,45-54,"5-7 Years","21+ Years",High,"0-5 Miles"
1117,45,Female,Married,4,"Life Sciences",Sales,"Sales Executive",2,Non-Travel,No,9,1050,65,5593,17970,13,1,15,15,10,4,12,1,2,2,2,3,4,3,3,No,45-54,"11+ Years","11-20 Years",Lower-Middle,"6-10 Miles"
1118,52,Male,Single,4,"Life Sciences","Research & Development","Healthcare Representative",3,Travel_Rarely,No,7,994,87,10445,15322,19,0,18,8,6,4,0,7,4,2,3,2,4,3,3,No,45-54,"8-10 Years","11-20 Years",High,"6-10 Miles"
1119,38,Male,Divorced,4,Marketing,Sales,"Sales Executive",3,Travel_Rarely,Yes,10,770,73,8740,5569,14,2,9,8,7,2,7,0,2,3,2,3,2,3,3,No,35-44,"8-10 Years","6-10 Years",Upper-Middle,"6-10 Miles"
1120,29,Female,Divorced,4,"Life Sciences","Research & Development","Research Scientist",1,Travel_Rarely,No,28,1107,93,2514,26968,22,1,11,7,5,1,7,4,1,3,3,4,1,3,4,No,25-34,"5-7 Years","11-20 Years",Low,"21+ Miles"
1121,28,Female,Divorced,3,Medical,"Research & Development","Manufacturing Director",3,Travel_Rarely,No,3,950,93,7655,8039,17,3,10,9,7,1,7,0,3,4,3,2,2,2,3,No,25-34,"8-10 Years","6-10 Years",Upper-Middle,"0-5 Miles"
1124,46,Male,Married,1,Marketing,Sales,Manager,4,Travel_Rarely,No,3,406,52,17465,15596,12,1,23,12,9,4,9,3,3,1,3,3,4,3,3,No,45-54,"11+ Years","21+ Years",High,"0-5 Miles"
1125,38,Male,Single,2,Marketing,Sales,"Sales Executive",3,Travel_Rarely,No,2,130,32,7351,20619,16,0,10,1,0,0,0,7,2,4,3,2,3,3,3,No,35-44,"<2 Years","6-10 Years",Upper-Middle,"0-5 Miles"
1126,43,Female,Married,3,"Life Sciences","Research & Development","Manufacturing Director",3,Travel_Frequently,No,27,1082,83,10820,11535,11,1,18,8,7,0,1,8,1,3,3,1,3,3,3,No,35-44,"8-10 Years","11-20 Years",High,"21+ Miles"
1127,39,Male,Divorced,3,"Life Sciences","Research & Development","Healthcare Representative",4,Travel_Frequently,No,2,203,84,12169,13547,11,3,21,18,7,11,5,7,4,1,3,4,4,3,3,Yes,35-44,"11+ Years","21+ Years",High,"0-5 Miles"
1128,40,Male,Single,3,Medical,"Research & Development","Research Director",5,Travel_Rarely,No,14,1308,44,19626,17544,14,0,21,20,7,4,9,1,2,3,2,3,1,4,3,No,35-44,"11+ Years","21+ Years",High,"11-20 Miles"
1131,21,Female,Single,1,"Technical Degree","Research & Development","Research Scientist",1,Travel_Rarely,Yes,1,984,70,2070,25326,11,0,2,2,2,2,2,1,6,4,2,2,3,4,3,No,"Under 25","2-4 Years","0-2 Years",Low,"0-5 Miles"
1132,39,Male,Single,3,"Life Sciences","Research & Development","Laboratory Technician",2,Non-Travel,No,9,439,70,6782,8770,15,0,9,5,4,0,3,9,2,3,3,2,3,2,3,No,35-44,"5-7 Years","6-10 Years",Upper-Middle,"6-10 Miles"
1133,36,Male,Single,4,"Life Sciences","Research & Development","Manufacturing Director",2,Non-Travel,No,18,217,78,7779,23238,20,0,18,11,9,0,9,2,0,1,3,4,1,3,4,No,35-44,"11+ Years","11-20 Years",Upper-Middle,"11-20 Miles"
1135,31,Male,Married,3,"Life Sciences",Sales,"Sales Representative",1,Travel_Frequently,No,20,793,67,2791,21981,12,1,3,2,2,2,2,0,4,3,4,4,1,3,3,No,25-34,"2-4 Years","3-5 Years",Low,"11-20 Miles"
1136,28,Male,Married,1,"Life Sciences","Research & Development","Research Scientist",1,Travel_Rarely,No,2,1451,67,3201,19911,17,0,6,5,3,0,4,0,2,1,2,2,1,1,3,No,25-34,"5-7 Years","6-10 Years",Lower-Middle,"0-5 Miles"
1137,35,Male,Divorced,2,Marketing,Sales,"Sales Executive",2,Travel_Frequently,No,11,1182,54,4968,18500,11,1,5,5,2,0,2,1,3,4,3,4,4,3,3,No,35-44,"5-7 Years","3-5 Years",Lower-Middle,"11-20 Miles"
1138,49,Male,Married,4,"Technical Degree",Sales,"Sales Executive",4,Travel_Rarely,No,8,174,56,13120,11879,17,1,22,9,8,2,3,6,3,4,2,2,2,3,3,No,45-54,"8-10 Years","21+ Years",High,"6-10 Miles"
1140,34,Male,Single,2,"Life Sciences","Research & Development","Manufacturing Director",2,Travel_Frequently,No,2,1003,95,4033,15834,11,0,5,3,2,0,2,2,3,4,3,3,4,2,3,No,25-34,"2-4 Years","3-5 Years",Lower-Middle,"0-5 Miles"
1143,29,Female,Divorced,3,"Life Sciences","Research & Development","Research Scientist",1,Travel_Frequently,No,10,490,61,3291,17940,14,2,8,7,5,1,1,0,2,4,3,2,4,2,3,No,25-34,"5-7 Years","6-10 Years",Lower-Middle,"6-10 Miles"
1148,42,Male,Single,3,Medical,"Research & Development","Laboratory Technician",2,Travel_Rarely,No,29,188,56,4272,9558,19,0,16,1,0,0,0,4,3,2,1,4,1,3,3,No,35-44,"<2 Years","11-20 Years",Lower-Middle,"21+ Miles"
1150,29,Male,Married,1,Medical,"Research & Development","Manufacturing Director",2,Travel_Rarely,Yes,8,718,79,5056,17689,15,1,10,10,7,1,2,1,2,2,2,4,3,2,3,No,25-34,"8-10 Years","6-10 Years",Lower-Middle,"6-10 Miles"
1152,38,Male,Married,3,"Human Resources","Human Resources","Human Resources",1,Travel_Rarely,No,1,433,37,2844,6004,13,1,7,7,6,5,0,1,2,3,4,3,4,4,3,No,35-44,"5-7 Years","6-10 Years",Low,"0-5 Miles"
1154,28,Male,Divorced,3,"Life Sciences","Research & Development","Research Scientist",1,Travel_Frequently,Yes,6,773,39,2703,22088,14,1,3,3,1,0,2,1,2,3,2,3,4,3,3,No,25-34,"2-4 Years","3-5 Years",Low,"6-10 Miles"
1156,18,Male,Single,1,Medical,"Research & Development","Laboratory Technician",1,Non-Travel,No,8,247,80,1904,13556,12,0,0,0,0,0,0,1,0,3,3,3,4,3,3,Yes,"Under 25","<2 Years","0-2 Years",Low,"6-10 Miles"
1157,33,Female,Single,4,Marketing,Sales,"Sales Executive",2,Travel_Rarely,Yes,9,603,77,8224,18385,17,0,6,5,2,0,3,0,3,1,3,1,1,3,3,Yes,25-34,"5-7 Years","6-10 Years",Upper-Middle,"6-10 Miles"
1158,41,Male,Married,4,"Life Sciences","Research & Development","Laboratory Technician",1,Travel_Rarely,Yes,12,167,46,4766,9051,11,1,6,1,0,0,0,3,4,2,3,4,1,3,3,No,35-44,"<2 Years","6-10 Years",Lower-Middle,"11-20 Miles"
1160,31,Male,Married,3,Medical,"Research & Development","Laboratory Technician",1,Travel_Frequently,No,15,874,72,2610,6233,12,1,2,2,2,2,2,1,5,3,3,3,3,2,3,Yes,25-34,"2-4 Years","0-2 Years",Low,"11-20 Miles"
1161,37,Female,Divorced,2,Medical,"Research & Development","Healthcare Representative",2,Travel_Rarely,No,25,367,52,5731,17171,13,2,9,6,2,1,3,7,2,3,2,4,3,3,3,No,35-44,"5-7 Years","6-10 Years",Lower-Middle,"21+ Miles"
1162,27,Male,Married,3,"Life Sciences","Research & Development","Research Scientist",1,Travel_Rarely,No,6,199,55,2539,7950,13,1,4,4,2,2,2,1,0,4,2,3,3,3,3,No,25-34,"2-4 Years","3-5 Years",Low,"6-10 Miles"
1163,34,Female,Married,1,"Life Sciences",Sales,"Sales Executive",2,Travel_Rarely,No,9,1400,70,5714,5829,20,0,6,6,5,1,3,1,3,2,3,3,1,2,4,No,25-34,"5-7 Years","6-10 Years",Lower-Middle,"6-10 Miles"
1164,35,Male,Single,4,"Technical Degree","Human Resources","Human Resources",1,Travel_Rarely,No,8,528,100,4323,7108,17,0,6,5,4,1,4,1,2,3,3,3,2,1,3,No,35-44,"5-7 Years","6-10 Years",Lower-Middle,"6-10 Miles"
1165,29,Female,Married,1,"Life Sciences",Sales,"Sales Executive",3,Travel_Rarely,No,23,408,45,7336,11162,13,1,11,11,8,3,10,1,3,4,2,1,1,1,3,Yes,25-34,"11+ Years","11-20 Years",Upper-Middle,"21+ Miles"
1166,40,Female,Single,4,Medical,"Research & Development","Research Director",3,Travel_Frequently,No,9,593,88,13499,13782,17,0,20,18,7,2,13,9,3,2,3,3,3,2,3,No,35-44,"11+ Years","11-20 Years",High,"6-10 Miles"
1167,42,Male,Single,3,"Life Sciences",Sales,"Sales Executive",4,Travel_Frequently,Yes,12,481,44,13758,2447,12,0,22,21,9,13,14,0,2,3,3,1,2,2,3,Yes,35-44,"11+ Years","21+ Years",High,"11-20 Miles"
1171,42,Male,Single,4,Marketing,Sales,"Sales Executive",2,Travel_Rarely,No,4,647,45,5155,2253,13,0,9,6,4,1,5,7,3,2,3,1,4,4,3,No,35-44,"5-7 Years","6-10 Years",Lower-Middle,"0-5 Miles"
1172,35,Male,Married,4,Medical,"Research & Development","Laboratory Technician",1,Travel_Rarely,No,1,982,58,2258,16340,12,1,10,8,0,1,7,6,2,4,2,3,2,3,3,No,35-44,"8-10 Years","6-10 Years",Low,"0-5 Miles"
1173,24,Male,Single,3,Medical,"Research & Development","Laboratory Technician",1,Travel_Rarely,No,24,477,49,3597,6409,22,0,6,4,3,1,2,8,2,4,3,2,4,3,4,No,"Under 25","2-4 Years","6-10 Years",Lower-Middle,"21+ Miles"
1175,28,Female,Married,1,"Life Sciences","Research & Development","Laboratory Technician",1,Travel_Rarely,Yes,12,1485,79,2515,22955,11,0,1,1,1,0,0,1,4,3,3,4,4,2,3,Yes,25-34,"<2 Years","0-2 Years",Low,"11-20 Miles"
1177,26,Male,Married,4,Medical,"Research & Development","Laboratory Technician",1,Travel_Rarely,No,3,1384,82,4420,13421,22,1,8,8,7,0,7,1,2,1,4,4,2,3,4,No,25-34,"8-10 Years","6-10 Years",Lower-Middle,"0-5 Miles"
1179,30,Male,Married,3,Marketing,Sales,"Sales Executive",2,Travel_Rarely,No,10,852,72,6578,2706,18,1,10,10,3,1,4,1,3,3,2,3,1,3,3,No,25-34,"8-10 Years","6-10 Years",Upper-Middle,"6-10 Miles"
1180,40,Female,Married,2,Medical,"Research & Development","Research Scientist",2,Travel_Frequently,Yes,26,902,92,4422,21203,13,1,16,1,1,0,0,3,3,3,2,4,4,1,3,No,35-44,"<2 Years","11-20 Years",Lower-Middle,"21+ Miles"
1182,35,Male,Divorced,3,"Life Sciences","Research & Development","Manufacturing Director",3,Travel_Rarely,No,2,819,44,10274,19588,18,1,15,7,7,6,4,2,2,3,2,2,2,4,3,No,35-44,"5-7 Years","11-20 Years",High,"0-5 Miles"
1184,34,Male,Single,3,Medical,"Research & Development","Healthcare Representative",2,Travel_Frequently,No,1,669,97,5343,25755,20,0,14,13,9,4,9,0,3,4,2,1,3,3,4,No,25-34,"11+ Years","11-20 Years",Lower-Middle,"0-5 Miles"
1185,35,Male,Married,4,Other,"Research & Development","Laboratory Technician",1,Travel_Frequently,No,4,636,47,2376,26537,13,1,2,2,2,2,2,1,2,4,2,4,2,4,3,No,35-44,"2-4 Years","0-2 Years",Low,"0-5 Miles"
1188,43,Female,Single,3,Marketing,Sales,"Sales Executive",2,Travel_Rarely,No,9,1372,85,5346,9489,13,0,7,4,3,1,3,8,2,1,1,3,2,2,3,Yes,35-44,"2-4 Years","6-10 Years",Lower-Middle,"6-10 Miles"
1190,32,Female,Divorced,1,"Life Sciences",Sales,"Sales Representative",1,Non-Travel,No,2,862,76,2827,14947,12,3,1,1,0,0,0,1,3,3,3,1,3,3,3,No,25-34,"<2 Years","0-2 Years",Low,"0-5 Miles"
1191,56,Female,Divorced,4,"Technical Degree","Research & Development",Manager,5,Travel_Rarely,No,4,718,92,19943,18575,13,1,28,5,2,4,2,4,2,4,3,1,4,3,3,No,55+,"5-7 Years","21+ Years",High,"0-5 Miles"
1192,29,Female,Married,1,Medical,"Research & Development","Laboratory Technician",1,Travel_Rarely,No,6,1401,54,3131,26342,13,1,10,10,8,0,8,1,5,2,3,4,1,3,3,No,25-34,"8-10 Years","6-10 Years",Lower-Middle,"6-10 Miles"
1193,19,Male,Single,2,"Life Sciences","Research & Development","Research Scientist",1,Travel_Rarely,No,9,645,54,2552,7172,25,0,1,1,1,0,0,1,4,3,3,1,3,3,4,No,"Under 25","<2 Years","0-2 Years",Low,"6-10 Miles"
1195,45,Female,Married,3,Medical,"Research & Development","Research Scientist",1,Travel_Rarely,Yes,7,1457,83,4477,20100,19,1,7,3,2,0,2,4,2,1,3,3,3,2,3,No,45-54,"2-4 Years","6-10 Years",Lower-Middle,"6-10 Miles"
1196,37,Female,Married,3,"Life Sciences","Research & Development","Manufacturing Director",2,Travel_Rarely,No,1,977,56,6474,9961,13,1,14,14,8,3,11,1,2,4,2,4,2,2,3,No,35-44,"11+ Years","11-20 Years",Upper-Middle,"0-5 Miles"
1198,20,Male,Single,3,"Life Sciences","Research & Development","Laboratory Technician",1,Travel_Rarely,No,3,805,87,3033,12828,12,0,2,2,2,1,2,1,2,1,2,3,1,2,3,No,"Under 25","2-4 Years","0-2 Years",Lower-Middle,"0-5 Miles"
1200,44,Male,Single,4,"Life Sciences","Research & Development","Research Scientist",1,Travel_Rarely,Yes,10,1097,96,2936,10826,11,0,6,6,4,0,2,1,4,3,3,3,3,3,3,Yes,35-44,"5-7 Years","6-10 Years",Low,"6-10 Miles"
1201,53,Female,Divorced,2,Medical,"Research & Development",Manager,5,Travel_Rarely,No,7,1223,50,18606,18640,18,1,26,7,7,4,7,3,6,4,3,3,2,3,3,No,45-54,"5-7 Years","21+ Years",High,"6-10 Miles"
1202,29,Female,Married,1,"Life Sciences","Research & Development","Research Scientist",1,Travel_Rarely,Yes,15,942,69,2168,26933,18,1,6,5,4,1,3,0,2,2,1,4,1,2,3,No,25-34,"5-7 Years","6-10 Years",Low,"11-20 Miles"
1203,22,Male,Married,4,"Life Sciences","Research & Development","Research Scientist",1,Travel_Frequently,Yes,3,1256,48,2853,4223,11,1,1,0,0,0,0,0,5,3,2,4,2,3,3,Yes,"Under 25","<2 Years","0-2 Years",Low,"0-5 Miles"
1204,46,Female,Married,3,Marketing,Sales,Manager,4,Travel_Rarely,No,2,1402,69,17048,24097,23,0,28,26,15,15,9,8,2,3,3,1,1,3,4,No,45-54,"11+ Years","21+ Years",High,"0-5 Miles"
1206,44,Male,Single,3,"Life Sciences","Research & Development","Research Scientist",1,Non-Travel,No,17,111,74,2290,4279,13,0,6,0,0,0,0,2,3,4,1,3,4,3,3,No,35-44,"<2 Years","6-10 Years",Low,"11-20 Miles"
1207,33,Male,Married,3,"Human Resources","Human Resources","Human Resources",1,Travel_Rarely,No,2,147,99,3600,8429,13,1,5,5,4,1,4,1,2,2,3,3,4,3,3,No,25-34,"5-7 Years","3-5 Years",Lower-Middle,"0-5 Miles"
1210,41,Male,Divorced,2,"Life Sciences","Research & Development","Research Scientist",1,Non-Travel,No,5,906,95,2107,20293,17,1,5,1,0,0,0,6,2,1,2,1,1,1,3,Yes,35-44,"<2 Years","3-5 Years",Low,"0-5 Miles"
1211,30,Male,Divorced,4,"Life Sciences",Sales,"Sales Executive",2,Travel_Rarely,No,29,1329,61,4115,13192,19,3,8,4,3,0,3,8,3,3,3,1,3,3,3,No,25-34,"2-4 Years","6-10 Years",Lower-Middle,"21+ Miles"
1212,40,Male,Married,4,Medical,Sales,"Sales Executive",2,Travel_Frequently,No,2,1184,62,4327,25440,12,3,5,0,0,0,0,5,2,2,3,2,4,3,3,No,35-44,"<2 Years","3-5 Years",Lower-Middle,"0-5 Miles"
1215,50,Female,Married,3,Medical,"Research & Development",Manager,4,Travel_Frequently,No,2,1421,30,17856,9490,22,1,32,2,2,2,2,2,3,4,3,1,3,3,4,No,45-54,"2-4 Years","21+ Years",High,"0-5 Miles"
1216,28,Male,Married,4,Medical,"Research & Development","Laboratory Technician",1,Travel_Rarely,No,19,1179,78,3196,12449,12,3,6,6,5,3,3,1,2,4,2,1,3,3,3,No,25-34,"5-7 Years","6-10 Years",Lower-Middle,"11-20 Miles"
1217,46,Male,Married,2,"Life Sciences","Research & Development","Research Director",5,Travel_Rarely,No,15,1450,52,19081,10849,11,1,25,4,2,0,3,5,2,4,3,2,1,3,3,No,45-54,"2-4 Years","21+ Years",High,"11-20 Miles"
1218,35,Male,Married,4,"Life Sciences",Sales,"Sales Executive",2,Travel_Rarely,Yes,17,1361,94,8966,21026,15,3,15,7,7,1,7,3,2,3,3,1,4,3,3,No,35-44,"5-7 Years","11-20 Years",Upper-Middle,"11-20 Miles"
1219,24,Female,Married,2,"Life Sciences","Research & Development","Laboratory Technician",1,Travel_Rarely,No,17,984,97,2210,3372,13,1,1,1,0,0,0,1,3,4,3,2,1,1,3,Yes,"Under 25","<2 Years","0-2 Years",Low,"11-20 Miles"
1220,33,Female,Married,3,Medical,Sales,"Sales Executive",2,Travel_Frequently,No,25,1146,82,4539,4905,12,1,10,10,7,0,1,1,3,2,3,3,1,2,3,No,25-34,"8-10 Years","6-10 Years",Lower-Middle,"21+ Miles"
1221,36,Male,Divorced,4,"Life Sciences","Research & Development","Laboratory Technician",1,Travel_Rarely,No,6,917,60,2741,6865,14,1,7,7,7,1,7,1,4,3,1,3,3,3,3,No,35-44,"5-7 Years","6-10 Years",Low,"6-10 Miles"
1224,30,Male,Divorced,4,"Life Sciences","Research & Development","Laboratory Technician",2,Travel_Rarely,No,7,853,49,3491,11309,13,3,10,10,7,8,9,1,4,3,3,3,1,2,3,No,25-34,"8-10 Years","6-10 Years",Lower-Middle,"6-10 Miles"
1225,44,Male,Single,4,Other,"Research & Development","Research Scientist",2,Travel_Rarely,No,29,200,32,4541,7744,25,0,20,20,11,13,17,1,3,4,3,4,2,3,4,No,35-44,"11+ Years","11-20 Years",Lower-Middle,"21+ Miles"
1226,20,Male,Single,3,Marketing,Sales,"Sales Representative",1,Travel_Rarely,No,21,654,43,2678,5050,17,0,2,2,1,2,2,1,2,3,4,4,4,3,3,No,"Under 25","2-4 Years","0-2 Years",Low,"21+ Miles"
1228,46,Male,Divorced,4,"Technical Degree","Research & Development","Manufacturing Director",2,Travel_Rarely,No,2,150,60,7379,17433,11,1,12,6,3,1,4,2,3,4,3,4,3,2,3,No,45-54,"5-7 Years","11-20 Years",Upper-Middle,"0-5 Miles"
1231,42,Male,Married,5,Medical,"Human Resources","Human Resources",2,Non-Travel,No,2,179,79,6272,12858,16,1,10,4,3,0,3,7,3,4,4,1,1,4,3,No,35-44,"2-4 Years","6-10 Years",Upper-Middle,"0-5 Miles"
1233,60,Male,Divorced,4,Marketing,Sales,"Sales Executive",2,Travel_Rarely,Yes,7,696,52,5220,10893,18,1,12,11,7,1,9,0,3,2,4,4,2,3,3,No,55+,"11+ Years","11-20 Years",Lower-Middle,"6-10 Miles"
1234,32,Female,Married,3,Other,"Research & Development","Laboratory Technician",1,Travel_Frequently,No,13,116,77,2743,7331,20,1,2,2,2,2,2,1,2,3,2,2,3,3,4,No,25-34,"2-4 Years","0-2 Years",Low,"11-20 Miles"
1235,32,Female,Single,2,"Life Sciences","Research & Development","Research Scientist",2,Travel_Frequently,Yes,2,1316,38,4998,2338,14,0,10,8,7,0,7,4,2,4,3,3,4,3,3,No,25-34,"8-10 Years","6-10 Years",Lower-Middle,"0-5 Miles"
1237,36,Female,Divorced,3,"Technical Degree","Research & Development","Manufacturing Director",3,Travel_Rarely,Yes,1,363,77,10252,4235,21,1,17,7,7,7,7,2,2,3,1,1,3,3,4,No,35-44,"5-7 Years","11-20 Years",High,"0-5 Miles"
1238,33,Male,Married,3,Medical,"Research & Development","Research Scientist",1,Travel_Rarely,No,9,117,60,2781,6311,13,1,15,14,10,4,10,0,5,1,3,4,2,3,3,No,25-34,"11+ Years","11-20 Years",Low,"6-10 Miles"
1239,40,Female,Divorced,3,"Technical Degree",Sales,"Sales Executive",2,Travel_Rarely,No,10,107,84,6852,11591,12,1,7,5,1,1,3,7,2,2,2,2,2,4,3,No,35-44,"5-7 Years","6-10 Years",Upper-Middle,"6-10 Miles"
1240,25,Male,Single,4,"Life Sciences",Sales,"Sales Executive",2,Travel_Rarely,No,10,1356,57,4950,20623,14,0,5,4,3,1,1,0,4,3,3,4,2,3,3,No,25-34,"2-4 Years","3-5 Years",Lower-Middle,"6-10 Miles"
1241,30,Male,Married,3,Medical,"Research & Development","Research Scientist",1,Travel_Rarely,Yes,1,1465,63,3579,9369,21,1,12,11,9,5,7,0,2,4,3,2,1,3,4,No,25-34,"11+ Years","11-20 Years",Lower-Middle,"0-5 Miles"
1242,42,Female,Married,5,Medical,"Research & Development","Research Director",3,Travel_Frequently,Yes,26,458,60,13191,23281,17,0,20,1,0,0,0,3,6,1,3,1,3,3,3,No,35-44,"<2 Years","11-20 Years",High,"21+ Miles"
1243,35,Female,Married,2,Marketing,Sales,"Sales Executive",3,Non-Travel,Yes,8,1212,78,10377,13755,11,1,16,13,2,4,12,4,6,3,2,4,2,2,3,No,35-44,"11+ Years","11-20 Years",High,"6-10 Miles"
1244,27,Male,Married,3,"Life Sciences","Research & Development","Research Scientist",1,Travel_Rarely,Yes,14,1103,42,2235,14377,14,2,9,9,7,6,8,1,3,1,3,1,4,2,3,No,25-34,"8-10 Years","6-10 Years",Low,"11-20 Miles"
1245,54,Female,Divorced,4,"Life Sciences","Research & Development","Manufacturing Director",3,Travel_Frequently,No,1,966,53,10502,9659,17,1,33,5,4,1,4,7,2,4,3,3,1,1,3,No,45-54,"5-7 Years","21+ Years",High,"0-5 Miles"
1246,44,Female,Married,1,"Life Sciences","Research & Development","Research Scientist",1,Travel_Rarely,No,2,1117,72,2011,19982,13,1,10,10,5,7,7,1,5,1,4,4,4,3,3,No,35-44,"8-10 Years","6-10 Years",Low,"0-5 Miles"
1248,19,Female,Single,3,Medical,"Research & Development","Research Scientist",1,Non-Travel,Yes,10,504,96,1859,6148,25,0,1,1,1,0,0,1,2,1,2,2,2,4,4,Yes,"Under 25","<2 Years","0-2 Years",Low,"6-10 Miles"
1249,29,Female,Divorced,3,"Life Sciences","Research & Development","Research Scientist",1,Travel_Rarely,No,1,1010,97,3760,5598,15,3,3,3,2,1,2,1,5,1,3,4,1,3,3,No,25-34,"2-4 Years","3-5 Years",Lower-Middle,"0-5 Miles"
1250,54,Male,Married,3,"Life Sciences","Research & Development","Research Director",4,Travel_Rarely,No,3,685,85,17779,23474,14,0,36,10,9,0,9,3,2,4,3,4,1,3,3,No,45-54,"8-10 Years","21+ Years",High,"0-5 Miles"
1251,31,Male,Married,2,Medical,"Research & Development","Healthcare Representative",2,Travel_Rarely,Yes,11,1332,80,6833,17089,12,0,6,6,5,0,1,1,2,3,3,1,4,2,3,No,25-34,"5-7 Years","6-10 Years",Upper-Middle,"11-20 Miles"
1252,31,Female,Single,3,Medical,"Research & Development","Healthcare Representative",2,Travel_Rarely,No,24,1062,96,6812,17198,19,0,10,10,9,1,8,1,2,3,2,1,2,3,3,No,25-34,"8-10 Years","6-10 Years",Upper-Middle,"21+ Miles"
1254,59,Female,Single,3,"Life Sciences",Sales,"Sales Executive",2,Travel_Rarely,No,3,326,48,5171,16490,17,0,13,6,1,0,5,5,2,3,2,4,4,3,3,No,55+,"5-7 Years","11-20 Years",Lower-Middle,"0-5 Miles"
1255,43,Male,Married,3,"Life Sciences","Research & Development","Research Director",5,Travel_Rarely,No,3,920,96,19740,18625,14,1,25,8,7,0,7,3,2,3,1,4,2,3,3,No,35-44,"8-10 Years","21+ Years",High,"0-5 Miles"
1256,49,Male,Married,2,Medical,"Research & Development",Manager,5,Travel_Rarely,No,4,1098,85,18711,12124,13,1,23,1,0,0,0,2,2,1,2,3,3,4,3,No,45-54,"<2 Years","21+ Years",High,"0-5 Miles"
1257,36,Male,Married,3,"Technical Degree","Research & Development","Research Scientist",1,Travel_Frequently,No,3,469,46,3692,9256,12,0,12,11,10,0,7,1,2,3,3,2,3,2,3,No,35-44,"11+ Years","11-20 Years",Lower-Middle,"0-5 Miles"
1258,48,Male,Single,2,"Technical Degree","Research & Development","Laboratory Technician",1,Travel_Rarely,No,2,969,76,2559,16620,11,0,7,1,0,0,0,5,4,4,4,2,3,2,3,No,45-54,"<2 Years","6-10 Years",Low,"0-5 Miles"
1259,27,Male,Divorced,2,"Life Sciences","Research & Development","Research Scientist",1,Travel_Rarely,No,4,1167,76,2517,3208,11,3,5,5,3,0,3,1,2,1,3,3,2,3,3,No,25-34,"5-7 Years","3-5 Years",Low,"0-5 Miles"
1260,29,Male,Divorced,3,"Life Sciences","Research & Development","Healthcare Representative",2,Travel_Rarely,Yes,7,1329,82,6623,4204,11,2,6,6,0,1,0,1,2,3,3,4,2,3,3,No,25-34,"5-7 Years","6-10 Years",Upper-Middle,"6-10 Miles"
1263,48,Male,Single,3,"Life Sciences","Research & Development","Research Director",5,Travel_Rarely,No,1,715,76,18265,8733,12,0,25,1,0,0,0,6,3,4,2,4,3,4,3,No,45-54,"<2 Years","21+ Years",High,"0-5 Miles"
1264,29,Female,Divorced,3,"Life Sciences","Research & Development","Research Director",4,Travel_Rarely,No,1,694,87,16124,3423,14,2,9,7,7,1,7,3,2,4,2,4,2,2,3,No,25-34,"5-7 Years","6-10 Years",High,"0-5 Miles"
1265,34,Female,Married,3,"Technical Degree","Research & Development","Research Scientist",1,Travel_Rarely,No,20,1320,89,2585,21643,17,0,2,1,0,0,0,0,5,3,4,3,4,2,3,No,25-34,"<2 Years","0-2 Years",Low,"11-20 Miles"
1267,44,Male,Married,3,Marketing,Sales,Manager,5,Travel_Rarely,No,5,1099,88,18213,8751,11,1,26,22,9,3,10,7,5,2,3,2,3,3,3,No,35-44,"11+ Years","21+ Years",High,"0-5 Miles"
1268,33,Male,Divorced,5,Marketing,Sales,"Sales Executive",3,Travel_Rarely,Yes,10,536,82,8380,21708,14,2,10,9,8,0,8,0,3,4,4,3,4,3,3,No,25-34,"8-10 Years","6-10 Years",Upper-Middle,"6-10 Miles"
1269,19,Female,Single,3,"Life Sciences","Research & Development","Research Scientist",1,Travel_Rarely,Yes,25,265,57,2994,21221,12,0,1,1,0,0,1,1,2,2,4,4,4,3,3,No,"Under 25","<2 Years","0-2 Years",Low,"21+ Miles"
1270,23,Male,Married,2,"Life Sciences","Research & Development","Research Scientist",1,Travel_Rarely,No,1,373,47,1223,16901,22,1,1,1,0,0,1,1,2,4,3,3,4,3,4,No,"Under 25","<2 Years","0-2 Years",Low,"0-5 Miles"
1273,25,Male,Single,1,"Life Sciences",Sales,"Sales Representative",1,Travel_Frequently,Yes,24,599,73,1118,8040,14,0,1,1,0,1,0,1,4,3,1,4,4,3,3,Yes,25-34,"<2 Years","0-2 Years",Low,"21+ Miles"
1275,26,Male,Single,2,"Life Sciences","Research & Development","Research Scientist",1,Travel_Rarely,Yes,4,583,53,2875,9973,20,0,8,8,5,2,2,1,2,3,3,4,2,2,4,No,25-34,"8-10 Years","6-10 Years",Low,"0-5 Miles"
1277,45,Female,Single,3,Marketing,Sales,Manager,5,Travel_Rarely,Yes,2,1449,94,18824,2493,16,0,26,24,10,1,11,2,2,1,1,2,1,3,3,Yes,45-54,"11+ Years","21+ Years",High,"0-5 Miles"
1278,55,Male,Divorced,1,Medical,"Research & Development","Healthcare Representative",4,Non-Travel,Yes,8,177,37,13577,25592,15,1,34,33,9,15,0,1,3,4,2,2,4,3,3,No,55+,"11+ Years","21+ Years",High,"6-10 Miles"
1279,21,Female,Single,2,"Life Sciences","Research & Development","Laboratory Technician",1,Travel_Frequently,No,10,251,45,2625,25308,20,0,2,2,2,2,2,1,2,1,2,3,3,1,4,Yes,"Under 25","2-4 Years","0-2 Years",Low,"6-10 Miles"
1280,46,Female,Married,2,Marketing,Sales,Manager,5,Travel_Rarely,No,4,168,33,18789,9946,14,1,26,11,4,0,8,2,2,4,2,2,3,3,3,No,45-54,"11+ Years","21+ Years",High,"0-5 Miles"
1281,34,Female,Single,3,Marketing,Sales,"Sales Executive",2,Travel_Rarely,Yes,2,131,86,4538,6039,12,0,4,3,2,0,2,0,3,3,3,1,4,3,3,No,25-34,"2-4 Years","3-5 Years",Lower-Middle,"0-5 Miles"
1282,51,Male,Divorced,3,"Life Sciences",Sales,Manager,5,Travel_Frequently,Yes,9,237,83,19847,19196,24,1,31,29,10,11,10,4,5,4,3,2,1,2,4,No,45-54,"11+ Years","21+ Years",High,"6-10 Miles"
1283,59,Male,Single,4,Medical,"Research & Development","Manufacturing Director",3,Travel_Rarely,No,18,1429,67,10512,20002,12,0,25,9,7,5,4,6,6,4,3,4,4,2,3,No,55+,"8-10 Years","21+ Years",High,"11-20 Miles"
1285,34,Female,Divorced,3,Medical,"Research & Development","Laboratory Technician",2,Travel_Frequently,No,19,135,46,4444,22534,13,2,15,11,8,5,10,4,2,3,3,2,3,4,3,No,25-34,"11+ Years","11-20 Years",Lower-Middle,"11-20 Miles"
1286,28,Male,Single,4,Medical,"Research & Development","Laboratory Technician",1,Travel_Frequently,Yes,1,791,44,2154,6842,11,0,5,4,2,0,2,0,2,4,3,3,3,2,3,No,25-34,"2-4 Years","3-5 Years",Low,"0-5 Miles"
1288,44,Male,Divorced,2,"Life Sciences","Research & Development",Manager,5,Travel_Rarely,No,4,1199,92,19190,17477,14,2,26,25,9,14,13,1,4,3,4,1,4,2,3,No,35-44,"11+ Years","21+ Years",High,"0-5 Miles"
1289,34,Male,Married,3,"Life Sciences","Human Resources","Human Resources",2,Travel_Frequently,No,11,648,56,4490,21833,11,2,14,10,9,1,8,4,5,3,2,2,4,4,3,No,25-34,"8-10 Years","11-20 Years",Lower-Middle,"11-20 Miles"
1291,35,Male,Married,1,"Life Sciences","Research & Development","Research Scientist",1,Travel_Rarely,Yes,6,735,66,3506,6020,14,0,4,3,2,2,2,0,3,3,3,3,4,3,3,No,35-44,"2-4 Years","3-5 Years",Lower-Middle,"6-10 Miles"
1292,42,Female,Married,4,Medical,"Research & Development","Research Scientist",2,Travel_Rarely,Yes,7,603,78,2372,5628,16,0,18,1,0,0,0,6,2,2,4,2,4,3,3,No,35-44,"<2 Years","11-20 Years",Low,"6-10 Miles"
1293,43,Female,Single,4,Marketing,Sales,"Sales Executive",3,Travel_Rarely,No,4,531,56,10231,20364,14,0,23,21,7,15,17,3,3,4,2,4,4,4,3,No,35-44,"11+ Years","21+ Years",High,"0-5 Miles"
1294,36,Female,Single,4,"Life Sciences","Research & Development","Manufacturing Director",2,Travel_Rarely,Yes,2,429,53,5410,2323,11,0,18,16,14,5,12,9,2,3,3,2,4,3,3,No,35-44,"11+ Years","11-20 Years",Lower-Middle,"0-5 Miles"
1295,44,Female,Married,3,Medical,"Research & Development","Healthcare Representative",3,Travel_Rarely,No,15,621,73,7978,14075,11,1,10,10,7,0,5,1,2,1,3,4,4,3,3,Yes,35-44,"8-10 Years","6-10 Years",Upper-Middle,"11-20 Miles"
1296,28,Male,Married,3,"Life Sciences","Research & Development","Laboratory Technician",1,Travel_Frequently,Yes,2,193,52,3867,14222,12,1,2,2,2,2,2,1,2,4,2,4,2,3,3,No,25-34,"2-4 Years","0-2 Years",Lower-Middle,"0-5 Miles"
1297,51,Female,Single,2,Medical,"Research & Development","Laboratory Technician",1,Travel_Frequently,No,6,968,40,2838,4257,14,0,8,7,0,7,7,0,6,2,2,3,2,2,3,No,45-54,"5-7 Years","6-10 Years",Low,"6-10 Miles"
1298,30,Female,Single,2,Medical,"Research & Development","Manufacturing Director",2,Non-Travel,Yes,9,879,72,4695,12858,18,0,10,8,4,1,7,7,3,3,3,3,3,3,3,No,25-34,"8-10 Years","6-10 Years",Lower-Middle,"6-10 Miles"
1299,29,Female,Divorced,3,"Technical Degree","Research & Development","Laboratory Technician",1,Travel_Rarely,Yes,7,806,39,3339,17285,13,2,10,7,7,7,7,3,2,2,3,3,1,3,3,Yes,25-34,"5-7 Years","6-10 Years",Lower-Middle,"6-10 Miles"
1301,28,Male,Single,3,"Technical Degree","Research & Development","Research Scientist",1,Travel_Rarely,No,1,640,84,2080,4732,11,0,5,3,2,1,2,2,2,4,3,1,2,2,3,No,25-34,"2-4 Years","3-5 Years",Low,"0-5 Miles"
1303,25,Female,Single,3,Medical,"Research & Development","Research Scientist",1,Travel_Rarely,No,1,266,40,2096,18830,18,0,2,2,2,2,1,1,3,4,3,2,4,2,3,No,25-34,"2-4 Years","0-2 Years",Low,"0-5 Miles"
1304,32,Male,Married,3,Medical,Sales,"Sales Executive",2,Travel_Rarely,No,8,604,56,6209,11693,15,2,10,10,7,0,8,1,4,3,4,4,3,4,3,No,25-34,"8-10 Years","6-10 Years",Upper-Middle,"6-10 Miles"
1306,45,Female,Single,3,Medical,"Research & Development",Manager,5,Travel_Frequently,No,25,364,83,18061,13035,22,0,22,0,0,0,0,3,4,2,3,2,3,3,4,No,45-54,"<2 Years","21+ Years",High,"21+ Miles"
1307,39,Female,Divorced,4,Medical,"Research & Development",Manager,4,Travel_Rarely,Yes,13,412,94,17123,17334,13,2,21,19,9,15,2,6,4,3,2,2,4,3,3,No,35-44,"11+ Years","21+ Years",High,"11-20 Miles"
1308,58,Male,Divorced,4,"Life Sciences","Research & Development","Research Scientist",1,Travel_Rarely,No,23,848,88,2372,26076,12,2,2,2,2,2,2,1,3,1,3,3,4,3,3,No,55+,"2-4 Years","0-2 Years",Low,"21+ Miles"
1309,32,Male,Married,2,"Life Sciences","Research & Development","Laboratory Technician",2,Travel_Rarely,No,7,1089,79,4883,22845,18,1,10,10,4,1,1,1,3,4,3,3,1,3,3,Yes,25-34,"8-10 Years","6-10 Years",Lower-Middle,"6-10 Miles"
1310,39,Male,Single,3,Medical,"Research & Development","Research Scientist",1,Travel_Rarely,No,23,360,93,3904,22154,13,0,6,5,2,0,3,0,2,3,3,1,1,3,3,Yes,35-44,"5-7 Years","6-10 Years",Lower-Middle,"21+ Miles"
1311,30,Female,Married,3,"Technical Degree","Research & Development","Laboratory Technician",2,Travel_Rarely,No,6,1138,48,4627,23631,12,1,10,9,2,6,7,0,6,1,2,4,1,3,3,No,25-34,"8-10 Years","6-10 Years",Lower-Middle,"6-10 Miles"
1312,36,Female,Married,4,"Technical Degree","Research & Development","Healthcare Representative",3,Travel_Rarely,No,10,325,63,7094,5747,12,0,10,7,7,1,7,3,0,4,3,3,1,3,3,No,35-44,"5-7 Years","6-10 Years",Upper-Middle,"6-10 Miles"
1314,46,Female,Single,2,"Life Sciences","Human Resources","Human Resources",1,Travel_Rarely,No,1,991,44,3423,22957,12,0,10,7,6,5,7,6,3,4,3,1,3,4,3,No,45-54,"5-7 Years","6-10 Years",Lower-Middle,"0-5 Miles"
1315,28,Female,Married,3,"Life Sciences","Research & Development","Laboratory Technician",2,Non-Travel,No,1,1476,55,6674,16392,11,3,10,9,8,7,5,0,6,3,1,4,1,3,3,No,25-34,"8-10 Years","6-10 Years",Upper-Middle,"0-5 Miles"
1317,50,Female,Married,3,"Life Sciences","Research & Development","Research Director",4,Travel_Rarely,Yes,28,1322,43,16880,22422,11,0,25,3,2,1,2,4,2,4,3,1,2,3,3,No,45-54,"2-4 Years","21+ Years",High,"21+ Miles"
1318,40,Male,Single,4,Marketing,Sales,"Sales Executive",3,Travel_Rarely,Yes,25,299,57,9094,17235,12,0,9,5,4,1,0,2,2,4,2,2,3,3,3,Yes,35-44,"5-7 Years","6-10 Years",Upper-Middle,"21+ Miles"
1319,52,Male,Single,3,"Life Sciences",Sales,"Sales Executive",3,Travel_Rarely,Yes,5,1030,64,8446,21534,19,0,10,8,7,7,7,9,2,2,3,2,3,2,3,Yes,45-54,"8-10 Years","6-10 Years",Upper-Middle,"0-5 Miles"
1321,30,Female,Married,4,Medical,"Research & Development",Manager,3,Travel_Rarely,Yes,17,634,95,11916,25927,23,2,9,9,1,0,8,1,2,2,3,1,4,3,4,No,25-34,"8-10 Years","6-10 Years",High,"11-20 Miles"
1322,39,Male,Single,2,"Life Sciences","Research & Development","Manufacturing Director",2,Travel_Rarely,No,18,524,32,4534,13352,11,0,9,8,7,1,7,0,6,1,3,3,1,3,3,No,35-44,"8-10 Years","6-10 Years",Lower-Middle,"11-20 Miles"
1324,31,Female,Divorced,4,"Life Sciences",Sales,"Sales Executive",3,Non-Travel,Yes,2,587,57,9852,8935,19,1,10,10,8,9,6,1,5,4,3,3,1,2,3,No,25-34,"8-10 Years","6-10 Years",Upper-Middle,"0-5 Miles"
1329,41,Male,Single,2,Medical,Sales,"Sales Executive",2,Non-Travel,No,10,256,40,6151,22074,13,0,19,19,2,11,9,1,4,3,1,2,1,3,3,No,35-44,"11+ Years","11-20 Years",Upper-Middle,"6-10 Miles"
1331,31,Female,Single,3,"Life Sciences",Sales,"Sales Representative",1,Travel_Frequently,Yes,1,1060,54,2302,8319,11,0,3,3,2,2,2,1,2,4,3,2,1,4,3,Yes,25-34,"2-4 Years","3-5 Years",Low,"0-5 Miles"
1333,44,Male,Married,3,"Life Sciences","Research & Development","Laboratory Technician",1,Travel_Rarely,No,3,935,89,2362,14669,12,0,10,3,2,1,2,4,4,1,3,1,3,4,3,Yes,35-44,"2-4 Years","6-10 Years",Low,"0-5 Miles"
1334,42,Male,Married,1,"Life Sciences","Research & Development",Manager,4,Non-Travel,Yes,2,495,37,17861,26582,13,0,21,20,8,2,10,0,3,3,3,3,4,2,3,No,35-44,"11+ Years","21+ Years",High,"0-5 Miles"
1336,55,Female,Married,2,Medical,"Research & Development",Manager,5,Travel_Rarely,No,2,282,58,19187,6992,14,1,23,19,9,9,11,4,5,4,1,3,4,3,3,No,55+,"11+ Years","21+ Years",High,"0-5 Miles"
1338,56,Male,Single,4,"Life Sciences","Human Resources",Manager,5,Travel_Rarely,No,8,206,99,19717,4022,14,0,36,7,3,7,7,6,4,4,3,2,1,3,3,No,55+,"5-7 Years","21+ Years",High,"6-10 Miles"
1340,40,Male,Divorced,2,"Life Sciences","Research & Development","Research Scientist",1,Non-Travel,No,16,458,74,3544,8532,16,1,6,4,2,0,0,9,0,3,3,3,2,3,3,No,35-44,"2-4 Years","6-10 Years",Lower-Middle,"11-20 Miles"
1344,34,Male,Divorced,3,"Life Sciences","Research & Development","Healthcare Representative",3,Travel_Rarely,No,9,943,86,8500,5494,11,1,10,9,7,1,6,0,0,4,3,4,4,2,3,No,25-34,"8-10 Years","6-10 Years",Upper-Middle,"6-10 Miles"
1346,40,Male,Single,3,"Life Sciences","Research & Development","Research Scientist",2,Travel_Rarely,No,2,523,98,4661,22455,13,0,9,9,8,8,8,1,4,3,3,4,3,3,3,No,35-44,"8-10 Years","6-10 Years",Lower-Middle,"0-5 Miles"
1349,41,Female,Divorced,3,Marketing,Sales,"Sales Executive",2,Travel_Frequently,No,1,1018,66,4103,4297,17,1,10,9,3,1,7,0,2,3,3,1,4,3,3,No,35-44,"8-10 Years","6-10 Years",Lower-Middle,"0-5 Miles"
1350,35,Male,Single,4,"Life Sciences","Research & Development","Research Scientist",2,Travel_Frequently,Yes,4,482,87,4249,2690,11,0,9,9,6,1,1,1,3,3,3,3,2,3,3,No,35-44,"8-10 Years","6-10 Years",Lower-Middle,"0-5 Miles"
1352,51,Male,Divorced,3,"Life Sciences","Human Resources",Manager,4,Travel_Rarely,Yes,5,770,84,14026,17588,11,1,33,33,9,0,10,1,2,3,3,2,2,3,3,No,45-54,"11+ Years","21+ Years",High,"0-5 Miles"
1355,38,Female,Divorced,2,"Life Sciences",Sales,"Sales Executive",2,Travel_Rarely,No,2,1009,31,6893,19461,15,1,11,7,7,1,7,3,3,2,3,1,4,3,3,No,35-44,"5-7 Years","11-20 Years",Upper-Middle,"0-5 Miles"
1356,34,Female,Single,2,Medical,Sales,"Sales Executive",2,Travel_Rarely,No,15,507,66,6125,23553,12,0,10,10,8,9,6,1,6,3,3,1,4,4,3,No,25-34,"8-10 Years","6-10 Years",Upper-Middle,"11-20 Miles"
1358,25,Male,Married,1,Medical,"Research & Development","Laboratory Technician",1,Travel_Rarely,No,19,882,67,3669,9075,11,3,7,3,2,1,2,3,6,4,3,4,3,2,3,No,25-34,"2-4 Years","6-10 Years",Lower-Middle,"11-20 Miles"
1360,58,Female,Married,4,Medical,"Research & Development","Manufacturing Director",3,Travel_Rarely,Yes,7,601,53,10008,12023,14,0,31,10,9,5,9,7,0,3,2,1,4,2,3,Yes,55+,"8-10 Years","21+ Years",High,"6-10 Miles"
1361,40,Male,Married,4,"Life Sciences","Research & Development","Laboratory Technician",1,Travel_Rarely,No,1,329,88,2387,6762,22,1,7,4,2,0,3,3,3,2,3,2,3,3,4,No,35-44,"2-4 Years","6-10 Years",Low,"0-5 Miles"
1362,36,Female,Married,3,Marketing,Sales,"Sales Executive",2,Travel_Frequently,No,7,607,83,4639,2261,16,1,17,15,7,6,13,2,2,1,4,1,4,2,3,No,35-44,"11+ Years","11-20 Years",Lower-Middle,"6-10 Miles"
1363,48,Male,Single,3,"Life Sciences","Research & Development","Manufacturing Director",3,Travel_Rarely,No,4,855,54,7898,18706,11,0,11,10,9,0,8,1,2,4,3,4,3,3,3,No,45-54,"8-10 Years","11-20 Years",Upper-Middle,"0-5 Miles"
1364,27,Female,Married,3,Medical,Sales,"Sales Representative",1,Travel_Rarely,No,11,1291,98,2534,6527,14,1,5,1,0,0,0,8,4,3,4,4,2,3,3,No,25-34,"<2 Years","3-5 Years",Low,"11-20 Miles"
1367,51,Female,Single,2,"Technical Degree","Research & Development","Manufacturing Director",4,Travel_Rarely,No,11,1405,82,13142,24439,16,0,29,5,2,0,3,3,1,4,2,2,2,2,3,No,45-54,"5-7 Years","21+ Years",High,"11-20 Miles"
1368,18,Female,Single,3,"Life Sciences","Research & Development","Laboratory Technician",1,Non-Travel,No,1,1124,97,1611,19305,15,0,0,0,0,0,0,1,5,4,3,4,3,4,3,No,"Under 25","<2 Years","0-2 Years",Low,"0-5 Miles"
1369,35,Female,Married,3,Medical,"Research & Development","Laboratory Technician",2,Travel_Rarely,No,1,817,60,5363,10846,12,1,10,9,7,0,0,0,0,4,2,4,2,3,3,No,35-44,"8-10 Years","6-10 Years",Lower-Middle,"0-5 Miles"
1371,27,Male,Single,1,"Life Sciences",Sales,"Sales Executive",2,Travel_Frequently,No,2,793,43,5071,20392,20,0,8,6,2,0,0,3,3,4,1,4,2,3,4,No,25-34,"5-7 Years","6-10 Years",Lower-Middle,"0-5 Miles"
1372,55,Male,Single,4,Marketing,Sales,"Sales Executive",4,Travel_Rarely,Yes,13,267,85,13695,9277,17,0,24,19,7,3,8,6,2,1,4,3,3,2,3,Yes,55+,"11+ Years","21+ Years",High,"11-20 Miles"
1373,56,Male,Married,3,"Life Sciences","Research & Development","Manufacturing Director",4,Travel_Rarely,Yes,23,1369,68,13402,18235,12,1,33,19,16,15,9,4,0,4,3,2,1,3,3,No,55+,"11+ Years","21+ Years",High,"21+ Miles"
1374,34,Female,Divorced,1,"Technical Degree","Research & Development","Research Scientist",1,Non-Travel,No,26,999,92,2029,15891,20,3,5,5,4,0,0,1,2,1,2,3,3,3,4,No,25-34,"5-7 Years","3-5 Years",Low,"21+ Miles"
1375,40,Female,Divorced,1,Medical,"Research & Development","Healthcare Representative",2,Travel_Rarely,No,2,1202,89,6377,13888,20,3,15,12,11,11,8,5,0,2,4,3,2,3,4,No,35-44,"11+ Years","11-20 Years",Upper-Middle,"0-5 Miles"
1377,34,Male,Married,3,Medical,"Research & Development","Laboratory Technician",2,Travel_Rarely,No,29,285,86,5429,17491,13,2,10,8,7,7,7,4,1,2,3,3,1,3,3,No,25-34,"8-10 Years","6-10 Years",Lower-Middle,"21+ Miles"
1379,31,Female,Single,3,"Life Sciences",Sales,"Sales Representative",1,Travel_Frequently,No,2,703,90,2785,11882,14,0,3,1,0,0,0,7,3,3,2,4,3,4,3,Yes,25-34,"<2 Years","3-5 Years",Low,"0-5 Miles"
1380,35,Female,Married,4,Marketing,Sales,"Sales Executive",2,Travel_Frequently,Yes,18,662,67,4614,23288,18,1,5,4,2,3,2,0,0,4,3,3,3,2,3,Yes,35-44,"2-4 Years","3-5 Years",Lower-Middle,"11-20 Miles"
1382,38,Male,Divorced,3,"Life Sciences","Research & Development","Research Scientist",1,Travel_Frequently,No,7,693,57,2610,15748,11,3,4,4,2,0,3,1,2,4,4,3,4,3,3,No,35-44,"2-4 Years","3-5 Years",Low,"6-10 Miles"
1383,34,Female,Single,4,"Technical Degree","Research & Development","Healthcare Representative",2,Travel_Rarely,No,2,404,98,6687,6163,11,0,14,14,11,4,11,1,2,3,3,4,4,4,3,No,25-34,"11+ Years","11-20 Years",Upper-Middle,"0-5 Miles"
1387,28,Male,Married,3,"Life Sciences",Sales,"Sales Executive",2,Travel_Rarely,No,26,736,48,4724,24232,11,1,5,5,3,0,4,1,0,3,2,1,3,3,3,No,25-34,"5-7 Years","3-5 Years",Lower-Middle,"21+ Miles"
1389,31,Male,Married,4,Medical,"Research & Development","Manufacturing Director",2,Travel_Rarely,Yes,22,330,98,6179,21057,15,2,10,10,2,6,7,1,3,4,3,3,4,2,3,Yes,25-34,"8-10 Years","6-10 Years",Upper-Middle,"21+ Miles"
1390,39,Male,Married,4,"Life Sciences",Sales,"Sales Executive",2,Travel_Rarely,Yes,21,1498,44,6120,3567,12,2,8,5,4,1,4,3,2,1,2,4,4,4,3,No,35-44,"5-7 Years","6-10 Years",Upper-Middle,"21+ Miles"
1391,51,Male,Married,3,Marketing,Sales,"Sales Executive",3,Travel_Frequently,No,2,541,52,10596,15395,11,0,14,4,2,3,2,2,5,2,3,2,2,3,3,No,45-54,"2-4 Years","11-20 Years",High,"0-5 Miles"
1392,41,Female,Divorced,3,"Life Sciences","Research & Development","Research Scientist",2,Travel_Frequently,Yes,22,1200,75,5467,13953,14,2,12,6,2,3,3,3,4,4,3,4,1,2,3,No,35-44,"5-7 Years","11-20 Years",Lower-Middle,"21+ Miles"
1394,37,Male,Married,1,"Life Sciences","Research & Development","Research Scientist",1,Travel_Rarely,Yes,4,1439,54,2996,5182,15,0,8,6,4,1,3,7,2,3,3,3,4,3,3,No,35-44,"5-7 Years","6-10 Years",Low,"0-5 Miles"
1395,33,Male,Married,1,"Life Sciences",Sales,"Sales Executive",2,Travel_Frequently,No,5,1111,61,9998,19293,13,0,8,5,4,1,2,6,2,2,3,4,1,4,3,No,25-34,"5-7 Years","6-10 Years",Upper-Middle,"0-5 Miles"
1396,32,Male,Married,1,Marketing,Sales,"Sales Executive",2,Travel_Rarely,Yes,2,499,36,4078,20497,13,3,4,3,2,1,2,0,3,3,3,2,1,2,3,No,25-34,"2-4 Years","3-5 Years",Lower-Middle,"0-5 Miles"
1397,39,Male,Married,2,"Life Sciences","Research & Development","Healthcare Representative",3,Non-Travel,No,25,1485,71,10920,3449,21,1,13,6,4,0,5,3,2,3,3,3,2,3,4,No,35-44,"5-7 Years","11-20 Years",High,"21+ Miles"
1399,25,Male,Married,1,"Life Sciences",Sales,"Sales Executive",2,Travel_Rarely,No,18,1372,93,6232,12477,11,0,6,3,2,1,2,2,3,1,4,3,2,2,3,No,25-34,"2-4 Years","6-10 Years",Upper-Middle,"11-20 Miles"
1401,52,Female,Married,2,Medical,"Research & Development","Manufacturing Director",4,Travel_Frequently,Yes,28,322,59,13247,9731,11,1,24,5,3,0,2,2,3,4,4,3,2,2,3,No,45-54,"5-7 Years","21+ Years",High,"21+ Miles"
1402,43,Female,Single,3,Medical,"Research & Development","Research Scientist",2,Travel_Rarely,Yes,6,930,73,4081,20003,14,0,20,20,7,1,8,1,3,1,2,3,1,1,3,No,35-44,"11+ Years","11-20 Years",Lower-Middle,"6-10 Miles"
1403,27,Female,Married,3,Marketing,Sales,"Sales Executive",2,Travel_Rarely,Yes,10,205,98,5769,7100,11,0,6,6,2,4,4,1,3,4,2,4,4,3,3,No,25-34,"5-7 Years","6-10 Years",Lower-Middle,"6-10 Miles"
1405,27,Female,Single,4,"Life Sciences","Research & Development","Research Scientist",1,Travel_Rarely,Yes,17,135,51,2394,25681,13,0,8,8,2,7,7,1,2,4,3,3,4,3,3,Yes,25-34,"8-10 Years","6-10 Years",Low,"11-20 Miles"
1407,26,Male,Single,1,Medical,"Research & Development","Research Scientist",1,Travel_Rarely,No,2,683,36,3904,4050,12,0,5,4,3,1,1,0,2,1,2,4,4,3,3,No,25-34,"2-4 Years","3-5 Years",Lower-Middle,"0-5 Miles"
1408,42,Female,Married,3,"Human Resources","Human Resources",Manager,4,Travel_Rarely,No,10,1147,31,16799,16616,14,1,21,20,7,0,9,0,5,3,3,1,3,3,3,No,35-44,"11+ Years","21+ Years",High,"6-10 Miles"
1409,52,Female,Married,4,Other,"Research & Development","Laboratory Technician",1,Travel_Rarely,No,8,258,54,2950,17363,13,0,12,5,4,0,4,9,2,3,3,1,3,1,3,No,45-54,"5-7 Years","11-20 Years",Low,"6-10 Miles"
1411,37,Female,Single,3,Medical,"Research & Development","Laboratory Technician",1,Travel_Rarely,No,11,1462,94,3629,19106,18,0,8,3,2,0,2,4,6,1,3,3,1,3,3,No,35-44,"2-4 Years","6-10 Years",Lower-Middle,"11-20 Miles"
1412,35,Male,Single,2,"Life Sciences","Research & Development","Manufacturing Director",3,Travel_Frequently,No,18,200,60,9362,19944,11,0,10,2,2,2,2,2,2,3,3,4,3,3,3,No,35-44,"2-4 Years","6-10 Years",Upper-Middle,"11-20 Miles"
1415,25,Male,Married,3,"Technical Degree","Research & Development","Laboratory Technician",1,Travel_Rarely,No,1,949,81,3229,4910,11,1,7,3,2,0,2,4,2,1,3,4,2,2,3,No,25-34,"2-4 Years","6-10 Years",Lower-Middle,"0-5 Miles"
1417,26,Male,Single,3,Other,"Research & Development","Laboratory Technician",1,Travel_Rarely,No,7,652,100,3578,23577,12,0,8,7,7,0,7,0,2,3,4,1,4,3,3,No,25-34,"5-7 Years","6-10 Years",Lower-Middle,"6-10 Miles"
1419,29,Male,Single,3,Other,"Human Resources","Human Resources",3,Travel_Rarely,No,17,332,51,7988,9769,13,0,10,10,9,0,9,1,3,2,2,1,1,2,3,No,25-34,"8-10 Years","6-10 Years",Upper-Middle,"11-20 Miles"
1420,49,Male,Single,2,"Life Sciences","Research & Development","Laboratory Technician",2,Travel_Frequently,No,28,1475,97,4284,22710,20,0,20,4,3,1,3,3,2,1,2,1,1,3,4,Yes,45-54,"2-4 Years","11-20 Years",Lower-Middle,"21+ Miles"
1421,29,Female,Single,1,Other,"Research & Development","Healthcare Representative",3,Travel_Frequently,Yes,14,337,84,7553,22930,12,0,9,8,7,7,7,0,1,3,3,4,1,3,3,Yes,25-34,"8-10 Years","6-10 Years",Upper-Middle,"11-20 Miles"
1422,54,Female,Single,3,Medical,"Research & Development","Research Director",4,Travel_Rarely,No,1,971,54,17328,5652,19,0,29,20,7,12,7,6,3,4,3,4,4,2,3,No,45-54,"11+ Years","21+ Years",High,"0-5 Miles"
1423,58,Female,Married,3,Medical,"Research & Development","Research Director",5,Travel_Rarely,Yes,1,1055,76,19701,22456,21,1,32,9,8,1,5,3,3,4,3,1,3,3,4,No,55+,"8-10 Years","21+ Years",High,"0-5 Miles"
1424,55,Male,Divorced,4,Medical,"Research & Development","Research Director",4,Travel_Rarely,No,1,1136,81,14732,12414,13,2,31,7,7,0,0,2,4,2,4,4,4,4,3,No,55+,"5-7 Years","21+ Years",High,"0-5 Miles"
1425,36,Female,Single,4,Marketing,Sales,"Sales Executive",2,Travel_Rarely,Yes,3,1174,99,9278,20763,16,0,15,5,4,0,1,3,3,1,3,2,4,3,3,No,35-44,"5-7 Years","11-20 Years",Upper-Middle,"0-5 Miles"
1427,31,Female,Single,4,"Life Sciences",Sales,"Sales Representative",1,Travel_Frequently,No,1,667,50,1359,16154,12,0,1,1,0,0,0,1,3,2,1,3,2,3,3,Yes,25-34,"<2 Years","0-2 Years",Low,"0-5 Miles"
1428,30,Female,Divorced,4,Marketing,Sales,"Sales Executive",2,Travel_Rarely,No,7,855,73,4779,12761,14,2,8,3,2,0,2,7,3,4,3,1,2,3,3,No,25-34,"2-4 Years","6-10 Years",Lower-Middle,"6-10 Miles"
1430,31,Female,Single,5,"Life Sciences","Research & Development","Research Director",4,Travel_Rarely,No,8,182,93,16422,8847,11,0,9,3,2,1,0,3,3,1,3,2,3,4,3,No,25-34,"2-4 Years","6-10 Years",High,"6-10 Miles"
1431,34,Male,Divorced,4,Other,"Research & Development","Research Scientist",1,Travel_Frequently,No,1,560,91,2996,20284,14,2,10,4,3,1,3,5,2,4,3,1,3,3,3,No,25-34,"2-4 Years","6-10 Years",Low,"0-5 Miles"
1433,31,Female,Single,3,"Life Sciences","Research & Development","Research Scientist",1,Travel_Rarely,No,8,202,34,1261,22262,12,0,1,1,0,0,0,1,3,1,2,2,3,4,3,Yes,25-34,"<2 Years","0-2 Years",Low,"6-10 Miles"
1434,27,Male,Married,1,"Life Sciences","Research & Development","Laboratory Technician",1,Travel_Rarely,No,11,1377,91,2099,7679,14,0,6,5,0,1,4,0,3,2,3,1,2,4,3,No,25-34,"5-7 Years","6-10 Years",Low,"11-20 Miles"
1435,36,Male,Single,4,"Life Sciences","Research & Development","Laboratory Technician",2,Travel_Rarely,No,4,172,37,5810,22604,16,0,10,10,4,1,8,1,2,1,2,4,3,2,3,No,35-44,"8-10 Years","6-10 Years",Lower-Middle,"0-5 Miles"
1436,36,Female,Married,4,Marketing,Sales,"Sales Executive",2,Travel_Rarely,No,16,329,98,5647,13494,13,2,11,3,2,0,2,4,3,3,2,1,1,2,3,No,35-44,"2-4 Years","11-20 Years",Lower-Middle,"11-20 Miles"
1438,47,Male,Married,3,"Technical Degree","Research & Development","Research Scientist",1,Travel_Rarely,No,1,465,74,3420,10205,12,1,17,6,5,1,2,7,2,1,3,4,3,2,3,No,45-54,"5-7 Years","11-20 Years",Lower-Middle,"0-5 Miles"
1439,25,Male,Married,2,"Life Sciences",Sales,"Sales Representative",1,Travel_Rarely,No,9,383,68,4400,15182,12,0,6,3,2,2,2,3,2,1,2,1,1,3,3,Yes,25-34,"2-4 Years","6-10 Years",Lower-Middle,"6-10 Miles"
1440,37,Male,Single,2,"Technical Degree","Research & Development","Laboratory Technician",1,Non-Travel,No,5,1413,84,3500,25470,14,0,7,6,5,1,3,0,2,3,4,3,1,1,3,No,35-44,"5-7 Years","6-10 Years",Lower-Middle,"0-5 Miles"
1441,56,Female,Married,2,"Life Sciences","Research & Development","Research Scientist",1,Travel_Rarely,No,1,1255,90,2066,10494,22,1,5,3,2,1,0,2,3,1,3,1,4,4,4,No,55+,"2-4 Years","3-5 Years",Low,"0-5 Miles"
1443,47,Female,Married,4,Medical,"Research & Development","Research Director",4,Travel_Rarely,No,2,359,82,17169,26703,19,2,26,20,17,5,6,3,2,1,3,3,2,4,3,No,45-54,"11+ Years","21+ Years",High,"0-5 Miles"
1445,24,Female,Married,1,Medical,Sales,"Sales Executive",2,Travel_Rarely,Yes,4,1476,42,4162,15211,12,2,5,5,4,0,3,1,3,4,3,3,3,3,3,No,"Under 25","5-7 Years","3-5 Years",Lower-Middle,"0-5 Miles"
1446,32,Male,Married,5,Marketing,Sales,"Sales Executive",2,Travel_Rarely,No,7,601,97,9204,23343,12,1,7,4,3,0,3,4,3,4,3,4,3,2,3,No,25-34,"2-4 Years","6-10 Years",Upper-Middle,"6-10 Miles"
1447,34,Female,Married,3,"Life Sciences","Research & Development","Laboratory Technician",1,Travel_Rarely,No,1,401,86,3294,3708,17,1,7,5,4,0,2,5,2,4,2,2,1,2,3,No,25-34,"5-7 Years","6-10 Years",Lower-Middle,"0-5 Miles"
1448,41,Male,Married,5,Medical,"Research & Development","Research Scientist",1,Travel_Rarely,Yes,5,1283,90,2127,5561,12,0,7,4,2,0,3,2,5,2,4,3,1,2,3,No,35-44,"2-4 Years","6-10 Years",Low,"0-5 Miles"
1449,40,Male,Divorced,4,Other,"Research & Development","Laboratory Technician",2,Non-Travel,No,9,663,81,3975,23099,11,2,11,8,7,0,7,3,2,3,3,3,3,4,3,No,35-44,"8-10 Years","11-20 Years",Lower-Middle,"6-10 Miles"
1453,31,Male,Divorced,2,"Life Sciences",Sales,"Sales Executive",3,Travel_Rarely,No,8,326,31,10793,8386,18,1,13,13,7,9,9,1,5,1,3,4,1,3,3,No,25-34,"11+ Years","11-20 Years",High,"6-10 Miles"
1457,46,Male,Divorced,3,Marketing,Sales,"Sales Executive",3,Travel_Rarely,No,9,377,52,10096,15986,11,1,28,7,7,4,3,4,1,1,3,4,1,4,3,Yes,45-54,"5-7 Years","21+ Years",High,"6-10 Miles"
1458,39,Female,Single,3,"Life Sciences","Research & Development","Laboratory Technician",1,Non-Travel,Yes,2,592,54,3646,17181,23,0,11,1,0,0,0,2,2,1,2,1,2,4,4,Yes,35-44,"<2 Years","11-20 Years",Lower-Middle,"0-5 Miles"
1459,31,Female,Single,5,"Life Sciences","Research & Development","Manufacturing Director",3,Travel_Frequently,No,1,1445,100,7446,8931,11,0,10,10,8,4,7,1,2,3,4,2,1,3,3,Yes,25-34,"8-10 Years","6-10 Years",Upper-Middle,"0-5 Miles"
1460,45,Male,Divorced,3,Medical,"Research & Development","Healthcare Representative",3,Travel_Rarely,Yes,20,1038,95,10851,19863,18,1,24,7,7,0,7,2,2,2,1,1,2,3,3,No,45-54,"5-7 Years","21+ Years",High,"11-20 Miles"
1461,31,Female,Single,2,Medical,"Human Resources","Human Resources",1,Travel_Rarely,No,8,1398,96,2109,24609,18,0,8,3,2,0,2,9,3,4,4,2,4,3,3,No,25-34,"2-4 Years","6-10 Years",Low,"6-10 Miles"
1464,31,Male,Married,3,"Life Sciences","Research & Development","Laboratory Technician",1,Travel_Frequently,Yes,2,523,94,3722,21081,13,1,7,2,2,2,2,6,2,2,3,4,3,1,3,Yes,25-34,"2-4 Years","6-10 Years",Lower-Middle,"0-5 Miles"
1465,45,Male,Married,3,"Technical Degree","Research & Development","Manufacturing Director",3,Travel_Rarely,Yes,29,1448,55,9380,14720,18,2,10,3,1,1,2,4,4,2,3,4,4,4,3,No,45-54,"2-4 Years","6-10 Years",Upper-Middle,"21+ Miles"
1466,48,Male,Divorced,3,Marketing,Sales,"Sales Executive",2,Travel_Rarely,No,7,1221,96,5486,24795,11,3,15,2,2,2,2,4,3,3,3,1,1,3,3,No,45-54,"2-4 Years","11-20 Years",Lower-Middle,"6-10 Miles"
1467,34,Female,Married,4,"Technical Degree","Human Resources","Human Resources",1,Travel_Rarely,No,9,1107,52,2742,3072,15,0,2,2,2,2,2,1,0,1,3,3,4,3,3,Yes,25-34,"2-4 Years","0-2 Years",Low,"6-10 Miles"
1468,40,Male,Divorced,1,Medical,"Research & Development","Research Director",3,Non-Travel,No,8,218,55,13757,25178,11,1,16,9,8,4,8,2,5,4,2,2,3,3,3,No,35-44,"8-10 Years","11-20 Years",High,"6-10 Miles"
1469,28,Male,Single,3,Medical,Sales,"Sales Executive",2,Travel_Rarely,No,5,866,84,8463,23490,18,0,6,5,4,1,3,0,4,4,3,1,4,3,3,No,25-34,"5-7 Years","6-10 Years",Upper-Middle,"0-5 Miles"
1471,44,Male,Single,3,"Life Sciences","Research & Development","Laboratory Technician",1,Non-Travel,No,5,981,90,3162,7973,14,0,7,5,2,0,3,3,5,3,2,3,4,3,3,No,35-44,"5-7 Years","6-10 Years",Lower-Middle,"0-5 Miles"
1472,53,Male,Single,3,Medical,"Research & Development","Research Director",4,Travel_Rarely,No,2,447,39,16598,19764,12,0,35,9,8,8,8,4,2,4,4,2,2,2,3,No,45-54,"8-10 Years","21+ Years",High,"0-5 Miles"
1473,49,Male,Married,4,"Technical Degree","Research & Development","Healthcare Representative",2,Travel_Rarely,No,5,1495,96,6651,21534,14,1,20,3,2,1,2,2,0,1,3,3,2,2,3,No,45-54,"2-4 Years","11-20 Years",Upper-Middle,"0-5 Miles"
1474,40,Male,Divorced,3,Medical,"Research & Development","Research Scientist",1,Travel_Rarely,No,2,896,68,2345,8045,14,1,8,3,1,1,2,2,3,3,3,3,3,4,3,No,35-44,"2-4 Years","6-10 Years",Low,"0-5 Miles"
1475,44,Male,Single,3,"Life Sciences","Research & Development","Research Scientist",1,Travel_Rarely,No,20,1467,49,3420,21158,13,0,6,5,2,1,3,1,3,4,3,2,3,2,3,No,35-44,"5-7 Years","6-10 Years",Lower-Middle,"11-20 Miles"
1477,33,Male,Married,3,Medical,Sales,"Sales Executive",2,Travel_Frequently,No,7,430,54,4373,17456,14,2,5,4,3,0,3,0,2,4,3,1,1,3,3,No,25-34,"2-4 Years","3-5 Years",Lower-Middle,"6-10 Miles"
1478,34,Male,Single,3,Other,Sales,"Sales Executive",2,Travel_Rarely,No,3,1326,81,4759,15891,18,0,15,13,9,3,12,3,2,4,1,1,4,3,3,No,25-34,"11+ Years","11-20 Years",Lower-Middle,"0-5 Miles"
1479,30,Male,Married,1,"Life Sciences",Sales,"Sales Executive",2,Travel_Rarely,No,16,1358,96,5301,2939,15,2,4,2,1,2,2,8,2,4,3,3,3,2,3,No,25-34,"2-4 Years","3-5 Years",Lower-Middle,"11-20 Miles"
1480,42,Female,Single,2,Medical,"Research & Development","Laboratory Technician",1,Travel_Frequently,No,9,748,74,3673,16458,13,0,12,12,9,5,8,1,3,1,3,4,3,3,3,No,35-44,"11+ Years","11-20 Years",Lower-Middle,"6-10 Miles"
1481,44,Female,Married,5,Marketing,Sales,"Sales Executive",2,Travel_Frequently,No,1,383,79,4768,9282,12,1,11,1,0,0,0,7,4,1,3,3,3,2,3,No,35-44,"<2 Years","11-20 Years",Lower-Middle,"0-5 Miles"
1482,30,Male,Divorced,3,"Technical Degree","Research & Development","Research Scientist",1,Non-Travel,No,7,990,64,1274,7152,13,2,1,1,0,0,0,1,2,3,3,3,2,2,3,No,25-34,"<2 Years","0-2 Years",Low,"6-10 Miles"
1483,57,Male,Married,2,"Life Sciences","Research & Development","Research Scientist",2,Travel_Rarely,No,1,405,93,4900,2721,24,1,13,12,9,2,8,0,2,2,4,3,1,2,4,No,55+,"11+ Years","11-20 Years",Lower-Middle,"0-5 Miles"
1484,49,Male,Divorced,4,"Life Sciences","Research & Development","Healthcare Representative",3,Travel_Rarely,No,7,1490,35,10466,20948,14,2,29,8,7,0,7,3,3,3,3,2,2,3,3,No,45-54,"8-10 Years","21+ Years",High,"6-10 Miles"
1485,34,Male,Divorced,3,Medical,"Research & Development","Research Director",4,Travel_Frequently,No,15,829,71,17007,11929,14,2,16,14,8,6,9,7,3,2,3,1,4,2,3,No,25-34,"11+ Years","11-20 Years",High,"11-20 Miles"
1486,28,Male,Married,3,"Technical Degree",Sales,"Sales Representative",1,Travel_Frequently,No,1,1496,92,2909,15747,15,1,5,3,2,1,2,3,3,1,3,3,4,4,3,Yes,25-34,"2-4 Years","3-5 Years",Low,"0-5 Miles"
1487,29,Female,Single,3,"Technical Degree",Sales,"Sales Executive",2,Travel_Frequently,No,13,115,51,5765,17485,11,0,7,5,3,0,0,5,4,1,3,2,1,1,3,Yes,25-34,"5-7 Years","6-10 Years",Lower-Middle,"11-20 Miles"
1489,34,Female,Single,4,Medical,Sales,"Sales Executive",2,Travel_Rarely,Yes,24,790,40,4599,7815,23,0,16,15,9,10,10,0,2,1,2,2,3,4,4,Yes,25-34,"11+ Years","11-20 Years",Lower-Middle,"21+ Miles"
1492,35,Male,Married,1,"Life Sciences",Sales,"Sales Representative",1,Travel_Rarely,No,7,660,76,2404,16192,13,1,1,1,0,0,0,1,3,4,3,3,1,3,3,No,35-44,"<2 Years","0-2 Years",Low,"6-10 Miles"
1494,24,Male,Single,3,Medical,"Research & Development","Laboratory Technician",1,Travel_Frequently,Yes,9,381,89,3172,16998,11,0,4,0,0,0,0,2,2,2,3,1,3,2,3,Yes,"Under 25","<2 Years","3-5 Years",Lower-Middle,"6-10 Miles"
1495,24,Female,Married,2,"Life Sciences",Sales,"Sales Representative",1,Non-Travel,No,13,830,78,2033,7103,13,1,1,1,0,0,0,1,2,4,3,2,3,3,3,No,"Under 25","<2 Years","0-2 Years",Low,"11-20 Miles"
1496,44,Male,Single,1,Medical,"Research & Development","Manufacturing Director",3,Travel_Frequently,Yes,2,1193,86,10209,19719,18,0,16,2,2,2,2,5,2,2,3,3,2,2,3,No,35-44,"2-4 Years","11-20 Years",High,"0-5 Miles"
1497,29,Male,Divorced,3,"Life Sciences",Sales,"Sales Executive",2,Travel_Rarely,No,19,1246,77,8620,23757,14,2,10,10,7,0,4,1,3,3,2,3,3,3,3,No,25-34,"8-10 Years","6-10 Years",Upper-Middle,"11-20 Miles"
1499,30,Male,Divorced,3,"Life Sciences","Human Resources","Human Resources",1,Travel_Rarely,No,1,330,46,2064,15428,21,1,6,5,3,1,3,0,3,3,3,3,1,4,4,No,25-34,"5-7 Years","6-10 Years",Low,"0-5 Miles"
1501,55,Male,Married,4,"Life Sciences","Research & Development","Healthcare Representative",2,Travel_Rarely,Yes,4,1229,30,4035,16143,16,0,4,3,2,1,2,0,2,4,3,3,2,3,3,No,55+,"2-4 Years","3-5 Years",Lower-Middle,"0-5 Miles"
1502,33,Female,Married,4,Medical,"Research & Development","Laboratory Technician",1,Travel_Rarely,No,4,1099,82,3838,8192,11,0,8,5,4,0,2,8,5,1,2,2,4,3,3,No,25-34,"5-7 Years","6-10 Years",Lower-Middle,"0-5 Miles"
1503,47,Female,Married,3,Medical,Sales,"Sales Executive",2,Travel_Rarely,Yes,14,571,78,4591,24200,17,1,11,5,4,1,2,3,4,3,3,3,3,2,3,No,45-54,"5-7 Years","11-20 Years",Lower-Middle,"11-20 Miles"
1504,28,Male,Single,2,Medical,"Research & Development","Laboratory Technician",1,Travel_Frequently,No,2,289,38,2561,5355,11,0,8,0,0,0,0,7,2,3,2,1,3,2,3,Yes,25-34,"<2 Years","6-10 Years",Low,"0-5 Miles"
1506,28,Male,Divorced,3,"Life Sciences","Research & Development","Research Scientist",1,Travel_Rarely,No,1,1423,72,1563,12530,14,1,1,1,0,0,0,1,2,1,2,3,4,1,3,No,25-34,"<2 Years","0-2 Years",Low,"0-5 Miles"
1507,28,Male,Single,3,"Life Sciences",Sales,"Sales Executive",2,Travel_Frequently,No,7,467,55,4898,11827,14,0,5,4,2,1,3,0,5,3,3,1,4,3,3,No,25-34,"2-4 Years","3-5 Years",Lower-Middle,"6-10 Miles"
1509,49,Female,Married,2,Medical,"Research & Development","Laboratory Technician",2,Travel_Rarely,No,3,271,43,4789,23070,25,1,10,3,2,1,2,4,3,3,2,1,1,3,4,No,45-54,"2-4 Years","6-10 Years",Lower-Middle,"0-5 Miles"
1513,29,Female,Married,1,"Life Sciences","Research & Development","Laboratory Technician",1,Travel_Frequently,No,2,410,97,3180,4668,13,3,4,3,2,0,2,0,3,4,3,2,3,3,3,No,25-34,"2-4 Years","3-5 Years",Lower-Middle,"0-5 Miles"
1514,28,Male,Married,1,"Life Sciences","Research & Development","Manufacturing Director",2,Travel_Rarely,No,29,1083,96,6549,3173,14,2,8,8,6,1,7,1,2,3,1,2,2,2,3,No,25-34,"8-10 Years","6-10 Years",Upper-Middle,"21+ Miles"
1515,33,Male,Single,5,"Life Sciences","Research & Development","Healthcare Representative",2,Travel_Rarely,Yes,8,516,69,6388,22049,17,0,14,0,0,0,0,2,6,4,3,3,1,3,3,No,25-34,"<2 Years","11-20 Years",Upper-Middle,"6-10 Miles"
1516,32,Male,Single,3,Medical,"Research & Development",Manager,3,Travel_Rarely,No,10,495,64,11244,21072,25,0,10,5,2,0,0,2,5,3,3,4,2,4,4,No,25-34,"5-7 Years","6-10 Years",High,"6-10 Miles"
1520,54,Female,Divorced,4,Medical,"Research & Development",Manager,4,Travel_Frequently,No,11,1050,87,16032,24456,20,1,26,14,9,1,12,3,2,2,3,4,1,3,4,No,45-54,"11+ Years","21+ Years",High,"11-20 Miles"
1522,29,Male,Single,4,"Technical Degree","Research & Development","Research Scientist",1,Travel_Rarely,No,1,224,100,2362,7568,13,0,11,9,7,0,7,6,2,1,2,1,3,1,3,Yes,25-34,"8-10 Years","11-20 Years",Low,"0-5 Miles"
1523,44,Male,Married,3,"Life Sciences","Research & Development","Research Director",4,Travel_Rarely,No,28,136,32,16328,22074,13,1,24,20,6,14,17,3,1,4,3,1,3,4,3,No,35-44,"11+ Years","21+ Years",High,"21+ Miles"
1525,39,Female,Single,3,"Life Sciences","Research & Development","Manufacturing Director",3,Travel_Rarely,No,6,1089,32,8376,9150,18,0,9,2,0,2,2,4,3,2,3,2,4,3,3,No,35-44,"2-4 Years","6-10 Years",Upper-Middle,"6-10 Miles"
1527,46,Female,Married,3,"Life Sciences",Sales,Manager,4,Travel_Rarely,No,3,228,51,16606,11380,12,1,23,13,12,5,1,8,2,3,3,2,4,4,3,No,45-54,"11+ Years","21+ Years",High,"0-5 Miles"
1529,35,Female,Single,3,"Life Sciences","Research & Development","Healthcare Representative",3,Travel_Rarely,No,16,1029,91,8606,21195,19,0,11,11,8,3,3,1,3,4,2,2,4,1,3,No,35-44,"11+ Years","11-20 Years",Upper-Middle,"11-20 Miles"
1533,23,Male,Single,1,"Life Sciences","Research & Development","Laboratory Technician",2,Travel_Rarely,No,20,507,97,2272,24812,14,0,5,4,3,1,2,0,2,1,3,3,2,3,3,No,"Under 25","2-4 Years","3-5 Years",Low,"11-20 Miles"
1534,40,Male,Single,4,"Life Sciences","Research & Development","Laboratory Technician",1,Travel_Rarely,No,9,676,86,2018,21831,14,0,15,5,4,1,0,3,3,4,3,1,2,1,3,Yes,35-44,"5-7 Years","11-20 Years",Low,"6-10 Miles"
1535,34,Male,Married,3,"Technical Degree",Sales,"Sales Executive",3,Travel_Rarely,Yes,1,971,64,7083,12288,14,0,10,10,9,8,6,1,3,4,2,3,4,3,3,No,25-34,"8-10 Years","6-10 Years",Upper-Middle,"0-5 Miles"
1537,31,Female,Single,3,"Life Sciences","Research & Development","Research Scientist",1,Travel_Frequently,No,3,561,33,4084,4156,12,0,7,7,2,7,7,1,2,4,3,3,1,1,3,Yes,25-34,"5-7 Years","6-10 Years",Lower-Middle,"0-5 Miles"
1539,50,Male,Single,5,Medical,"Research & Development","Research Director",4,Travel_Frequently,Yes,22,333,88,14411,24450,13,0,32,32,6,13,9,1,2,3,1,4,4,3,3,No,45-54,"11+ Years","21+ Years",High,"21+ Miles"
1541,34,Male,Married,2,"Technical Degree",Sales,"Sales Representative",1,Travel_Rarely,Yes,7,1440,55,2308,4944,25,1,12,11,10,5,7,0,4,2,3,3,2,3,4,No,25-34,"11+ Years","11-20 Years",Low,"6-10 Miles"
1542,42,Male,Married,3,Medical,"Research & Development","Laboratory Technician",1,Travel_Rarely,No,2,1210,68,4841,24052,14,1,4,1,0,0,0,4,3,3,2,2,2,3,3,No,35-44,"<2 Years","3-5 Years",Lower-Middle,"0-5 Miles"
1543,37,Male,Married,3,Medical,"Research & Development","Research Scientist",2,Travel_Rarely,No,13,674,47,4285,3031,17,0,10,10,8,3,7,1,2,1,3,4,1,3,3,No,35-44,"8-10 Years","6-10 Years",Lower-Middle,"11-20 Miles"
1544,29,Female,Married,1,Other,"Research & Development","Healthcare Representative",2,Travel_Rarely,No,8,441,39,9715,7288,13,1,9,7,7,0,7,3,3,3,1,1,3,3,3,No,25-34,"5-7 Years","6-10 Years",Upper-Middle,"6-10 Miles"
1545,33,Male,Single,3,"Life Sciences","Research & Development","Manufacturing Director",2,Travel_Rarely,No,25,575,44,4320,24152,13,0,5,5,3,0,2,1,2,4,2,2,4,3,3,No,25-34,"5-7 Years","3-5 Years",Lower-Middle,"21+ Miles"
1546,45,Male,Married,3,"Technical Degree","Research & Development","Research Scientist",1,Travel_Rarely,No,28,950,97,2132,4585,20,1,8,5,4,0,3,4,3,4,3,4,4,3,4,No,45-54,"5-7 Years","6-10 Years",Low,"21+ Miles"
1547,42,Male,Married,3,"Life Sciences","Research & Development","Healthcare Representative",3,Travel_Frequently,Yes,2,288,40,10124,18611,14,1,24,20,8,13,9,2,3,4,3,4,3,1,3,No,35-44,"11+ Years","21+ Years",High,"0-5 Miles"
1548,40,Male,Married,2,Medical,Sales,"Sales Executive",2,Travel_Rarely,No,9,1342,47,5473,19345,12,0,9,8,4,7,1,0,5,1,3,1,4,4,3,No,35-44,"8-10 Years","6-10 Years",Lower-Middle,"6-10 Miles"
1549,33,Male,Married,4,"Life Sciences","Research & Development","Laboratory Technician",2,Travel_Rarely,Yes,28,589,79,5207,22949,12,1,15,15,14,5,7,1,3,2,3,3,2,3,3,No,25-34,"11+ Years","11-20 Years",Lower-Middle,"21+ Miles"
1550,40,Male,Single,2,Medical,"Human Resources",Manager,4,Travel_Rarely,Yes,6,898,38,16437,17381,21,0,21,21,7,7,7,1,2,3,3,4,4,3,4,No,35-44,"11+ Years","21+ Years",High,"6-10 Miles"
1551,24,Male,Divorced,2,"Technical Degree","Research & Development","Laboratory Technician",1,Travel_Rarely,No,21,350,57,2296,10036,14,3,2,1,1,0,0,0,3,3,2,1,2,3,3,No,"Under 25","<2 Years","0-2 Years",Low,"21+ Miles"
1552,40,Male,Divorced,2,"Life Sciences","Research & Development","Healthcare Representative",2,Non-Travel,Yes,8,1142,72,4069,8841,18,0,8,2,2,2,2,3,2,4,3,4,3,3,3,No,35-44,"2-4 Years","6-10 Years",Lower-Middle,"6-10 Miles"
1553,45,Male,Divorced,4,"Technical Degree","Research & Development","Healthcare Representative",3,Travel_Rarely,No,1,538,66,7441,20933,12,3,10,10,8,7,7,1,4,1,3,2,1,3,3,No,45-54,"8-10 Years","6-10 Years",Upper-Middle,"0-5 Miles"
1554,35,Female,Married,4,"Life Sciences",Sales,"Sales Representative",1,Travel_Rarely,No,28,1402,98,2430,26204,23,2,6,5,3,4,2,0,5,2,2,3,1,3,4,No,35-44,"5-7 Years","6-10 Years",Low,"21+ Miles"
1555,32,Female,Married,2,"Life Sciences","Research & Development","Research Scientist",2,Travel_Rarely,No,5,824,67,5878,15624,12,1,12,7,1,2,5,3,2,4,2,2,1,3,3,No,25-34,"5-7 Years","11-20 Years",Lower-Middle,"0-5 Miles"
1556,36,Male,Single,4,"Life Sciences",Sales,"Sales Representative",1,Travel_Rarely,Yes,2,1157,70,2644,17001,21,0,7,3,2,1,2,3,3,3,3,4,4,2,4,No,35-44,"2-4 Years","6-10 Years",Low,"0-5 Miles"
1557,48,Female,Divorced,4,"Life Sciences",Sales,"Sales Executive",2,Travel_Rarely,No,16,492,96,6439,13693,14,1,18,8,7,7,7,8,2,3,3,3,3,3,3,No,45-54,"8-10 Years","11-20 Years",Upper-Middle,"11-20 Miles"
1558,29,Male,Married,3,"Life Sciences","Research & Development","Research Scientist",1,Travel_Rarely,No,9,598,91,2451,22376,18,2,5,1,0,0,0,6,2,3,4,3,1,2,3,No,25-34,"<2 Years","3-5 Years",Low,"6-10 Miles"
1560,33,Male,Married,4,"Life Sciences",Sales,"Sales Executive",2,Travel_Rarely,No,8,1242,46,6392,10589,13,1,8,2,2,2,2,2,6,1,3,1,4,1,3,No,25-34,"2-4 Years","6-10 Years",Upper-Middle,"6-10 Miles"
1562,30,Male,Married,3,"Life Sciences",Sales,"Sales Executive",2,Travel_Rarely,No,1,740,64,9714,5323,11,1,10,10,8,6,7,1,4,2,2,1,4,3,3,Yes,25-34,"8-10 Years","6-10 Years",Upper-Middle,"0-5 Miles"
1563,38,Male,Married,4,"Human Resources","Human Resources","Human Resources",2,Travel_Frequently,No,10,888,71,6077,14814,11,0,10,6,3,1,2,3,2,3,3,3,3,3,3,No,35-44,"5-7 Years","6-10 Years",Upper-Middle,"6-10 Miles"
1564,35,Male,Single,3,Medical,"Research & Development","Laboratory Technician",1,Travel_Rarely,No,1,992,68,2450,21731,19,0,3,3,0,1,2,1,3,4,2,1,2,3,3,No,35-44,"2-4 Years","3-5 Years",Low,"0-5 Miles"
1568,30,Male,Married,4,"Technical Degree",Sales,"Sales Executive",3,Travel_Rarely,No,29,1288,33,9250,17799,12,1,9,4,2,1,3,3,3,3,3,2,2,3,3,No,25-34,"2-4 Years","6-10 Years",Upper-Middle,"21+ Miles"
1569,35,Female,Divorced,3,"Life Sciences","Research & Development","Laboratory Technician",1,Travel_Rarely,Yes,2,104,69,2074,26619,12,1,1,1,0,0,0,1,2,1,3,1,4,3,3,Yes,35-44,"<2 Years","0-2 Years",Low,"0-5 Miles"
1572,53,Female,Married,5,"Technical Degree","Research & Development","Manufacturing Director",3,Travel_Rarely,No,2,607,78,10169,14618,16,1,34,33,7,1,9,0,4,3,2,4,2,3,3,Yes,45-54,"11+ Years","21+ Years",High,"0-5 Miles"
1573,38,Male,Married,3,Medical,"Research & Development","Manufacturing Director",2,Travel_Rarely,No,2,903,81,4855,7653,11,2,7,5,2,1,4,4,2,3,3,2,1,3,3,Yes,35-44,"5-7 Years","6-10 Years",Lower-Middle,"0-5 Miles"
1574,32,Male,Married,4,"Technical Degree","Research & Development","Research Scientist",2,Non-Travel,No,1,1200,62,4087,25174,14,1,9,6,5,1,2,4,3,4,3,1,2,2,3,No,25-34,"5-7 Years","6-10 Years",Lower-Middle,"0-5 Miles"
1576,48,Female,Married,4,Other,"Research & Development","Research Scientist",1,Travel_Rarely,No,15,1108,65,2367,16530,12,1,10,8,2,7,6,8,3,3,3,1,4,2,3,No,45-54,"8-10 Years","6-10 Years",Low,"11-20 Miles"
1577,34,Male,Single,4,Medical,"Research & Development","Research Scientist",1,Travel_Rarely,No,7,479,35,2972,22061,13,0,1,1,0,0,0,1,4,1,3,4,3,1,3,No,25-34,"<2 Years","0-2 Years",Low,"6-10 Miles"
1578,55,Male,Married,5,Marketing,Sales,Manager,5,Travel_Rarely,No,26,685,60,19586,23037,21,1,36,36,6,2,13,1,3,3,2,4,3,3,4,No,55+,"11+ Years","21+ Years",High,"21+ Miles"
1580,34,Male,Married,4,"Life Sciences","Research & Development","Research Scientist",2,Travel_Rarely,No,1,1351,45,5484,13008,17,1,9,2,2,2,1,9,3,2,3,4,2,2,3,No,25-34,"2-4 Years","6-10 Years",Lower-Middle,"0-5 Miles"
1581,26,Female,Married,3,"Life Sciences","Research & Development","Research Scientist",1,Travel_Rarely,No,3,474,89,2061,11133,21,0,1,1,0,0,0,1,5,1,3,4,1,3,4,No,25-34,"<2 Years","0-2 Years",Low,"0-5 Miles"
1582,38,Male,Married,3,"Life Sciences",Sales,"Sales Executive",2,Travel_Rarely,No,14,1245,80,9924,12355,11,1,10,9,8,7,7,0,3,3,3,2,4,3,3,No,35-44,"8-10 Years","6-10 Years",Upper-Middle,"11-20 Miles"
1583,38,Female,Single,3,"Life Sciences",Sales,"Sales Executive",2,Travel_Rarely,No,16,437,90,4198,16379,12,0,8,3,2,1,2,2,5,2,3,2,2,4,3,No,35-44,"2-4 Years","6-10 Years",Lower-Middle,"11-20 Miles"
1585,36,Female,Single,4,"Life Sciences",Sales,"Sales Executive",2,Travel_Rarely,No,1,884,73,6815,21447,13,0,15,1,0,0,0,6,5,2,3,3,1,3,3,No,35-44,"<2 Years","11-20 Years",Upper-Middle,"0-5 Miles"
1586,29,Male,Single,1,Medical,"Research & Development","Laboratory Technician",1,Travel_Rarely,Yes,3,1370,87,4723,16213,18,0,10,10,9,1,5,1,3,2,3,1,4,3,3,No,25-34,"8-10 Years","6-10 Years",Lower-Middle,"0-5 Miles"
1587,35,Female,Single,4,Medical,"Research & Development","Healthcare Representative",2,Travel_Rarely,Yes,10,670,51,6142,4223,16,0,10,5,2,0,4,3,4,1,3,3,3,3,3,No,35-44,"5-7 Years","6-10 Years",Upper-Middle,"6-10 Miles"
1588,39,Male,Married,3,Medical,Sales,"Sales Executive",3,Travel_Rarely,No,6,1462,38,8237,4658,11,1,11,7,6,7,6,2,3,4,4,3,1,3,3,No,35-44,"5-7 Years","11-20 Years",Upper-Middle,"6-10 Miles"
1590,29,Male,Divorced,1,"Life Sciences","Research & Development","Healthcare Representative",2,Travel_Frequently,No,2,995,87,8853,24483,19,1,6,6,4,1,3,1,0,1,3,4,4,4,3,No,25-34,"5-7 Years","6-10 Years",Upper-Middle,"0-5 Miles"
1591,50,Male,Married,3,Marketing,Sales,Manager,5,Travel_Rarely,Yes,9,264,59,19331,19519,16,1,27,1,0,0,0,4,2,3,3,3,3,3,3,No,45-54,"<2 Years","21+ Years",High,"6-10 Miles"
1592,23,Male,Married,3,"Technical Degree","Research & Development","Research Scientist",1,Travel_Rarely,No,10,977,45,2073,12826,16,1,4,2,2,2,2,2,2,4,4,3,4,3,3,No,"Under 25","2-4 Years","3-5 Years",Low,"6-10 Miles"
1594,36,Male,Married,4,"Life Sciences","Research & Development","Laboratory Technician",2,Travel_Frequently,Yes,6,1302,80,5562,19711,13,1,9,3,2,0,2,3,3,1,4,1,4,3,3,No,35-44,"2-4 Years","6-10 Years",Lower-Middle,"6-10 Miles"
1595,42,Male,Single,2,Other,"Research & Development",Manager,5,Travel_Rarely,No,9,1059,93,19613,26362,22,0,24,1,0,0,1,8,2,4,2,4,4,3,4,No,35-44,"<2 Years","21+ Years",High,"6-10 Miles"
1596,35,Male,Married,3,"Life Sciences","Research & Development","Laboratory Technician",2,Travel_Rarely,No,28,750,46,3407,25348,17,2,10,10,9,6,8,1,3,2,4,3,4,2,3,No,35-44,"8-10 Years","6-10 Years",Lower-Middle,"21+ Miles"
1597,34,Male,Married,4,"Technical Degree","Research & Development","Healthcare Representative",2,Travel_Frequently,No,10,653,92,5063,15332,14,1,8,8,2,7,7,1,3,4,2,3,2,2,3,No,25-34,"8-10 Years","6-10 Years",Lower-Middle,"6-10 Miles"
1598,40,Female,Married,2,"Life Sciences",Sales,"Sales Executive",2,Travel_Rarely,No,14,118,84,4639,11262,15,1,5,5,4,1,2,1,2,4,3,1,3,3,3,No,35-44,"5-7 Years","3-5 Years",Lower-Middle,"11-20 Miles"
1599,43,Male,Divorced,3,"Technical Degree","Research & Development","Laboratory Technician",1,Travel_Rarely,No,27,990,87,4876,5855,12,1,8,6,4,0,2,5,0,4,4,2,3,3,3,No,35-44,"5-7 Years","6-10 Years",Lower-Middle,"21+ Miles"
1601,35,Male,Married,2,"Life Sciences","Research & Development","Laboratory Technician",1,Travel_Rarely,No,7,1349,63,2690,7713,18,1,1,1,0,0,1,1,5,3,2,4,4,2,3,No,35-44,"<2 Years","0-2 Years",Low,"6-10 Miles"
1602,46,Male,Single,4,"Life Sciences",Sales,Manager,4,Travel_Rarely,No,1,563,56,17567,3156,15,0,27,26,0,0,12,1,5,4,4,1,2,1,3,No,45-54,"11+ Years","21+ Years",High,"0-5 Miles"
1604,28,Male,Married,3,Medical,"Research & Development","Laboratory Technician",1,Travel_Rarely,Yes,24,329,51,2408,7324,17,3,1,1,1,0,0,1,3,3,3,2,3,3,3,Yes,25-34,"<2 Years","0-2 Years",Low,"21+ Miles"
1605,22,Female,Married,2,Other,"Research & Development","Research Scientist",1,Non-Travel,Yes,26,457,85,2814,10293,14,0,4,4,2,1,3,1,2,2,2,3,2,2,3,No,"Under 25","2-4 Years","3-5 Years",Low,"21+ Miles"
1606,50,Male,Married,5,Medical,"Research & Development","Healthcare Representative",4,Travel_Frequently,Yes,20,1234,41,11245,20689,15,1,32,30,8,12,13,2,3,2,3,3,3,3,3,No,45-54,"11+ Years","21+ Years",High,"11-20 Miles"
1607,32,Female,Married,4,Other,"Research & Development","Research Scientist",1,Travel_Rarely,No,5,634,35,3312,18783,17,2,6,3,2,0,2,3,3,2,4,4,4,3,3,No,25-34,"2-4 Years","6-10 Years",Lower-Middle,"0-5 Miles"
1608,44,Female,Divorced,3,Medical,"Research & Development","Research Director",5,Travel_Rarely,Yes,7,1313,31,19049,3549,14,1,23,22,7,1,10,0,4,2,3,4,4,2,3,No,35-44,"11+ Years","21+ Years",High,"6-10 Miles"
1609,30,Male,Married,3,Medical,"Research & Development","Research Scientist",1,Travel_Rarely,No,7,241,48,2141,5348,12,1,6,6,4,1,1,1,3,2,2,2,2,2,3,No,25-34,"5-7 Years","6-10 Years",Low,"6-10 Miles"
1611,45,Female,Single,5,Medical,"Research & Development","Laboratory Technician",2,Travel_Rarely,Yes,5,1015,50,5769,23447,14,0,10,10,7,1,4,1,3,3,1,1,1,3,3,No,45-54,"8-10 Years","6-10 Years",Lower-Middle,"0-5 Miles"
1612,45,Male,Married,3,Marketing,Sales,"Sales Executive",2,Non-Travel,No,26,336,52,4385,24162,15,1,10,10,7,4,5,1,2,1,2,1,1,3,3,No,45-54,"8-10 Years","6-10 Years",Lower-Middle,"21+ Miles"
1613,31,Male,Single,4,Other,Sales,"Sales Executive",2,Travel_Frequently,No,2,715,54,5332,21602,13,0,10,5,2,0,3,7,3,4,3,1,4,3,3,No,25-34,"5-7 Years","6-10 Years",Lower-Middle,"0-5 Miles"
1614,36,Female,Married,4,"Life Sciences","Research & Development","Manufacturing Director",2,Travel_Rarely,Yes,12,559,76,4663,12421,12,2,7,3,2,1,1,9,2,3,3,3,2,3,3,No,35-44,"2-4 Years","6-10 Years",Lower-Middle,"11-20 Miles"
1615,34,Male,Divorced,4,"Life Sciences","Research & Development","Manufacturing Director",2,Travel_Frequently,No,10,426,42,4724,17000,13,1,9,9,7,7,2,1,3,3,4,4,1,3,3,No,25-34,"8-10 Years","6-10 Years",Lower-Middle,"6-10 Miles"
1617,49,Female,Married,4,"Life Sciences","Research & Development","Laboratory Technician",1,Travel_Rarely,No,25,722,84,3211,22102,14,1,10,9,6,1,4,1,3,3,3,1,4,2,3,No,45-54,"8-10 Years","6-10 Years",Lower-Middle,"21+ Miles"
1618,39,Male,Married,5,Medical,"Research & Development","Manufacturing Director",2,Travel_Rarely,No,10,1387,76,5377,3835,13,3,10,7,7,7,7,2,3,2,3,1,4,3,3,No,35-44,"5-7 Years","6-10 Years",Lower-Middle,"6-10 Miles"
1619,27,Male,Divorced,3,Other,"Research & Development","Laboratory Technician",1,Travel_Rarely,No,19,1302,67,4066,16290,11,2,7,7,7,0,7,1,3,4,2,1,1,3,3,No,25-34,"5-7 Years","6-10 Years",Lower-Middle,"11-20 Miles"
1621,35,Male,Married,5,"Life Sciences","Research & Development","Research Scientist",2,Travel_Rarely,No,18,819,48,5208,26312,11,0,16,16,15,1,10,1,2,2,4,1,4,3,3,No,35-44,"11+ Years","11-20 Years",Lower-Middle,"11-20 Miles"
1622,28,Female,Divorced,3,Medical,"Research & Development","Manufacturing Director",2,Travel_Rarely,No,27,580,39,4877,20460,21,1,6,5,3,0,0,0,5,2,1,1,2,2,4,No,25-34,"5-7 Years","6-10 Years",Lower-Middle,"21+ Miles"
1623,21,Male,Single,1,Medical,"Research & Development","Research Scientist",1,Travel_Rarely,No,5,546,97,3117,26009,18,0,3,2,2,2,2,1,2,3,3,4,3,3,3,No,"Under 25","2-4 Years","3-5 Years",Lower-Middle,"0-5 Miles"
1624,18,Female,Single,2,Medical,Sales,"Sales Representative",1,Travel_Frequently,Yes,3,544,70,1569,18420,12,0,0,0,0,0,0,1,2,2,3,4,3,4,3,Yes,"Under 25","<2 Years","0-2 Years",Low,"0-5 Miles"
1625,47,Female,Married,4,"Life Sciences","Human Resources",Manager,5,Travel_Rarely,No,26,1176,98,19658,5220,11,1,27,5,2,1,0,3,2,4,3,3,3,3,3,No,45-54,"5-7 Years","21+ Years",High,"21+ Miles"
1627,39,Male,Divorced,2,Medical,"Research & Development","Laboratory Technician",2,Travel_Rarely,No,3,170,76,3069,10302,15,1,11,10,8,0,7,0,3,3,2,3,4,3,3,No,35-44,"8-10 Years","11-20 Years",Lower-Middle,"0-5 Miles"
1628,40,Female,Married,3,"Life Sciences","Research & Development","Manufacturing Director",3,Travel_Rarely,No,15,884,80,10435,25800,13,2,18,18,15,14,12,1,2,1,2,3,4,3,3,No,35-44,"11+ Years","11-20 Years",High,"11-20 Miles"
1630,35,Female,Married,4,"Life Sciences","Research & Development","Healthcare Representative",2,Non-Travel,No,8,208,52,4148,12250,12,1,15,14,11,2,9,1,5,3,3,3,4,3,3,No,35-44,"11+ Years","11-20 Years",Lower-Middle,"6-10 Miles"
1631,37,Male,Married,3,"Life Sciences","Research & Development","Manufacturing Director",2,Travel_Rarely,No,19,671,85,5768,26493,17,3,9,4,3,0,2,3,2,3,3,3,1,2,3,No,35-44,"2-4 Years","6-10 Years",Lower-Middle,"11-20 Miles"
1633,39,Female,Single,3,Medical,"Research & Development","Manufacturing Director",2,Travel_Frequently,No,4,711,81,5042,3140,13,0,10,9,2,3,8,0,2,1,3,3,4,1,3,No,35-44,"8-10 Years","6-10 Years",Lower-Middle,"0-5 Miles"
1635,45,Female,Divorced,2,Other,"Research & Development","Manufacturing Director",2,Travel_Rarely,No,2,1329,59,5770,5388,19,2,10,10,7,3,9,1,3,4,2,4,1,3,3,No,45-54,"8-10 Years","6-10 Years",Lower-Middle,"0-5 Miles"
1638,38,Female,Married,2,Medical,"Research & Development","Manufacturing Director",3,Travel_Rarely,Yes,2,397,54,7756,14199,19,1,10,5,4,0,2,3,6,4,2,3,4,4,3,No,35-44,"5-7 Years","6-10 Years",Upper-Middle,"0-5 Miles"
1639,35,Male,Married,3,Medical,Sales,"Sales Executive",3,Travel_Rarely,No,10,737,55,10306,21530,17,0,15,13,12,6,0,9,3,4,2,1,3,3,3,Yes,35-44,"11+ Years","11-20 Years",High,"6-10 Miles"
1640,37,Female,Married,3,Medical,"Research & Development","Research Scientist",1,Travel_Rarely,No,10,1470,71,3936,9953,11,1,8,8,4,7,7,1,2,2,3,2,1,1,3,No,35-44,"8-10 Years","6-10 Years",Lower-Middle,"6-10 Miles"
1641,40,Female,Single,3,"Life Sciences","Research & Development","Manufacturing Director",3,Travel_Rarely,Yes,16,448,84,7945,19948,15,0,18,4,2,3,3,6,2,3,3,4,4,2,3,No,35-44,"2-4 Years","11-20 Years",Upper-Middle,"11-20 Miles"
1642,44,Male,Married,5,"Human Resources","Human Resources","Human Resources",2,Travel_Frequently,Yes,1,602,37,5743,10503,11,0,14,10,7,0,2,4,3,1,3,4,3,3,3,No,35-44,"8-10 Years","11-20 Years",Lower-Middle,"0-5 Miles"
1644,48,Male,Married,5,Medical,"Research & Development",Manager,4,Travel_Frequently,No,4,365,89,15202,5602,25,1,23,2,2,2,2,2,3,3,2,4,2,3,4,No,45-54,"2-4 Years","21+ Years",High,"0-5 Miles"
1645,35,Male,Divorced,2,Medical,Sales,"Sales Executive",2,Travel_Rarely,Yes,15,763,59,5440,22098,14,2,7,2,2,2,2,6,2,1,1,4,4,2,3,Yes,35-44,"2-4 Years","6-10 Years",Lower-Middle,"11-20 Miles"
1646,24,Female,Single,1,"Technical Degree","Research & Development","Research Scientist",1,Travel_Frequently,Yes,2,567,32,3760,17218,13,0,6,6,3,1,3,1,2,1,3,4,3,3,3,No,"Under 25","5-7 Years","6-10 Years",Lower-Middle,"0-5 Miles"
1647,27,Female,Married,3,Medical,"Research & Development","Research Scientist",1,Travel_Rarely,No,8,486,86,3517,22490,17,0,5,3,2,0,2,7,0,2,4,3,1,3,3,No,25-34,"2-4 Years","3-5 Years",Lower-Middle,"6-10 Miles"
1648,27,Male,Single,3,Medical,"Research & Development","Research Scientist",1,Travel_Frequently,No,2,591,87,2580,6297,13,0,6,4,2,1,2,2,0,4,3,4,3,2,3,No,25-34,"2-4 Years","6-10 Years",Low,"0-5 Miles"
1649,40,Male,Single,3,"Life Sciences","Research & Development","Laboratory Technician",1,Travel_Rarely,Yes,7,1329,73,2166,3339,14,0,10,4,2,0,3,3,3,1,3,1,2,1,3,Yes,35-44,"2-4 Years","6-10 Years",Low,"6-10 Miles"
1650,29,Male,Single,3,Medical,Sales,"Sales Executive",2,Travel_Rarely,No,10,469,42,5869,23413,11,0,8,5,2,1,4,9,2,3,2,3,3,3,3,No,25-34,"5-7 Years","6-10 Years",Lower-Middle,"6-10 Miles"
1651,36,Female,Married,4,"Life Sciences","Research & Development","Healthcare Representative",3,Travel_Rarely,No,5,711,42,8008,22792,12,2,9,3,2,0,2,4,6,2,3,1,3,3,3,No,35-44,"2-4 Years","6-10 Years",Upper-Middle,"0-5 Miles"
1653,25,Male,Divorced,1,"Life Sciences","Research & Development","Manufacturing Director",2,Travel_Frequently,No,2,772,77,5206,4973,17,2,7,7,7,0,7,1,6,4,4,3,3,3,3,No,25-34,"5-7 Years","6-10 Years",Lower-Middle,"0-5 Miles"
1654,39,Male,Married,3,Medical,"Research & Development","Manufacturing Director",2,Travel_Rarely,No,12,492,66,5295,7693,21,0,7,5,4,1,0,4,3,4,3,2,3,3,4,No,35-44,"5-7 Years","6-10 Years",Lower-Middle,"11-20 Miles"
1655,49,Female,Married,4,Other,"Research & Development","Research Director",4,Travel_Rarely,No,22,301,72,16413,3498,16,2,27,4,2,1,2,3,2,1,3,2,2,3,3,No,45-54,"2-4 Years","21+ Years",High,"21+ Miles"
1656,50,Female,Divorced,5,"Life Sciences","Research & Development","Research Director",3,Travel_Rarely,No,17,813,50,13269,21981,15,3,19,14,11,1,11,5,3,4,2,1,3,3,3,No,45-54,"11+ Years","11-20 Years",High,"11-20 Miles"
1657,20,Female,Single,3,Medical,Sales,"Sales Representative",1,Travel_Rarely,No,2,1141,31,2783,13251,19,0,2,2,2,2,2,1,3,3,3,3,1,3,3,No,"Under 25","2-4 Years","0-2 Years",Low,"0-5 Miles"
1658,34,Female,Divorced,3,"Life Sciences","Research & Development","Research Scientist",2,Travel_Rarely,No,3,1130,66,5433,19332,12,1,11,11,8,7,9,1,2,4,3,2,3,3,3,No,25-34,"11+ Years","11-20 Years",Lower-Middle,"0-5 Miles"
1659,36,Male,Single,3,"Life Sciences","Research & Development","Laboratory Technician",1,Travel_Rarely,No,7,311,77,2013,10950,11,0,15,4,3,1,3,2,4,1,3,2,3,3,3,No,35-44,"2-4 Years","11-20 Years",Low,"6-10 Miles"
1661,49,Female,Married,1,"Life Sciences","Research & Development","Healthcare Representative",4,Travel_Rarely,Yes,6,465,41,13966,11652,19,1,30,15,11,2,12,2,3,3,2,3,2,3,3,No,45-54,"11+ Years","21+ Years",High,"6-10 Miles"
1662,36,Female,Married,4,Medical,"Research & Development","Manufacturing Director",2,Non-Travel,No,1,894,33,4374,15411,15,0,4,3,2,1,2,0,6,4,2,3,3,3,3,No,35-44,"2-4 Years","3-5 Years",Lower-Middle,"0-5 Miles"
1664,36,Male,Divorced,2,"Life Sciences","Research & Development","Healthcare Representative",2,Travel_Rarely,No,3,1040,79,6842,26308,20,1,13,5,4,0,4,6,3,4,4,1,1,3,4,No,35-44,"5-7 Years","11-20 Years",Upper-Middle,"0-5 Miles"
1665,54,Female,Married,5,Medical,"Research & Development",Manager,4,Travel_Rarely,No,22,584,91,17426,18685,25,1,36,10,8,4,7,3,6,2,3,3,3,3,4,No,45-54,"8-10 Years","21+ Years",High,"21+ Miles"
1666,43,Male,Married,2,"Life Sciences","Research & Development","Research Director",4,Travel_Rarely,No,15,1291,65,17603,3525,24,1,14,14,10,6,11,1,3,3,2,3,1,3,4,No,35-44,"11+ Years","11-20 Years",High,"11-20 Miles"
1667,35,Male,Single,4,Other,Sales,"Sales Executive",2,Travel_Frequently,Yes,12,880,36,4581,10414,24,0,13,11,9,6,7,3,2,4,3,4,1,4,4,Yes,35-44,"11+ Years","11-20 Years",Lower-Middle,"11-20 Miles"
1668,38,Male,Married,3,"Life Sciences","Research & Development","Research Scientist",2,Travel_Frequently,No,1,1189,90,4735,9867,15,2,19,13,11,2,9,7,4,4,3,4,4,4,3,No,35-44,"11+ Years","11-20 Years",Lower-Middle,"0-5 Miles"
1669,29,Male,Divorced,3,Medical,Sales,"Sales Executive",2,Travel_Rarely,Yes,5,991,43,4187,3356,13,1,10,10,0,0,9,1,3,1,2,2,2,2,3,No,25-34,"8-10 Years","6-10 Years",Lower-Middle,"0-5 Miles"
1670,33,Male,Divorced,4,Medical,Sales,"Sales Executive",2,Travel_Rarely,No,2,392,93,5505,3921,14,2,6,6,2,0,4,1,5,4,3,4,3,3,3,No,25-34,"5-7 Years","6-10 Years",Lower-Middle,"0-5 Miles"
1671,32,Male,Divorced,3,Medical,"Research & Development","Research Scientist",2,Travel_Rarely,No,2,977,45,5470,25518,13,2,10,9,5,1,6,0,4,4,3,2,3,2,3,No,25-34,"8-10 Years","6-10 Years",Lower-Middle,"0-5 Miles"
1673,31,Female,Married,4,"Life Sciences",Sales,"Sales Executive",2,Travel_Rarely,No,5,1112,67,5476,22589,11,2,10,10,0,0,2,1,2,1,3,4,1,3,3,No,25-34,"8-10 Years","6-10 Years",Lower-Middle,"0-5 Miles"
1674,49,Female,Divorced,3,Medical,"Research & Development","Laboratory Technician",1,Travel_Rarely,Yes,16,464,74,2587,24941,16,1,17,2,2,2,2,4,2,4,3,1,2,2,3,No,45-54,"2-4 Years","11-20 Years",Low,"11-20 Miles"
1675,38,Female,Single,3,Medical,"Research & Development","Laboratory Technician",1,Travel_Frequently,No,2,148,42,2440,23826,22,0,4,4,3,3,3,1,3,4,2,2,2,3,4,No,35-44,"2-4 Years","3-5 Years",Low,"0-5 Miles"
1676,47,Female,Divorced,4,"Life Sciences",Sales,Manager,4,Travel_Rarely,No,2,1225,47,15972,21086,14,3,29,3,2,1,2,6,2,2,4,2,3,3,3,No,45-54,"2-4 Years","21+ Years",High,"0-5 Miles"
1677,49,Male,Single,3,"Life Sciences","Research & Development",Manager,4,Travel_Rarely,No,1,809,36,15379,22384,14,0,23,8,7,0,0,4,2,3,3,3,1,3,3,No,45-54,"8-10 Years","21+ Years",High,"0-5 Miles"
1678,41,Male,Single,2,"Life Sciences",Sales,"Sales Executive",3,Travel_Rarely,Yes,23,1206,80,7082,11591,16,0,21,2,0,0,2,3,2,4,3,3,4,3,3,No,35-44,"2-4 Years","21+ Years",Upper-Middle,"21+ Miles"
1680,20,Male,Single,1,"Life Sciences",Sales,"Sales Representative",1,Travel_Rarely,No,9,727,54,2728,21082,11,0,2,2,2,0,2,1,3,4,3,1,1,3,3,No,"Under 25","2-4 Years","0-2 Years",Low,"6-10 Miles"
1681,33,Female,Divorced,3,"Life Sciences",Sales,"Sales Executive",2,Non-Travel,Yes,16,530,36,5368,16130,25,1,7,6,5,1,2,1,2,3,3,4,3,3,4,No,25-34,"5-7 Years","6-10 Years",Lower-Middle,"11-20 Miles"
1682,36,Male,Married,4,"Life Sciences","Research & Development","Healthcare Representative",2,Travel_Rarely,No,26,1351,80,5347,7419,14,2,10,3,2,0,2,6,2,1,3,3,2,2,3,No,35-44,"2-4 Years","6-10 Years",Lower-Middle,"21+ Miles"
1683,44,Female,Divorced,3,"Life Sciences","Human Resources","Human Resources",1,Travel_Rarely,Yes,1,528,44,3195,4167,18,3,8,2,2,2,2,4,2,3,3,4,1,3,3,No,35-44,"2-4 Years","6-10 Years",Lower-Middle,"0-5 Miles"
1684,23,Male,Single,1,Medical,"Research & Development","Laboratory Technician",1,Travel_Rarely,Yes,8,1320,93,3989,20586,11,0,5,5,4,1,2,1,2,4,2,3,1,3,3,Yes,"Under 25","5-7 Years","3-5 Years",Lower-Middle,"6-10 Miles"
1687,38,Female,Married,2,Medical,"Research & Development","Laboratory Technician",1,Travel_Rarely,No,4,1495,87,3306,26176,19,1,7,0,0,0,0,7,5,4,3,3,4,2,3,No,35-44,"<2 Years","6-10 Years",Lower-Middle,"0-5 Miles"
1689,53,Male,Married,4,Medical,"Research & Development","Healthcare Representative",3,Travel_Rarely,No,24,1395,48,7005,3458,15,0,11,4,3,1,2,3,2,2,4,4,3,3,3,No,45-54,"2-4 Years","11-20 Years",Upper-Middle,"21+ Miles"
1691,48,Female,Married,2,Medical,Sales,"Sales Representative",1,Travel_Frequently,Yes,7,708,95,2655,11740,11,2,19,9,7,7,7,2,3,4,3,3,3,3,3,Yes,45-54,"8-10 Years","11-20 Years",Low,"6-10 Miles"
1692,32,Male,Single,4,"Life Sciences","Research & Development","Laboratory Technician",1,Travel_Rarely,No,2,1259,95,1393,24852,12,0,1,1,0,0,0,1,2,4,3,2,1,3,3,Yes,25-34,"<2 Years","0-2 Years",Low,"0-5 Miles"
1693,26,Male,Single,3,Medical,"Research & Development","Laboratory Technician",1,Non-Travel,No,7,786,76,2570,11925,20,0,7,7,7,5,7,1,5,4,3,4,3,3,4,No,25-34,"5-7 Years","6-10 Years",Low,"6-10 Miles"
1694,55,Male,Divorced,3,"Technical Degree","Research & Development","Research Scientist",1,Travel_Rarely,No,22,1441,94,3537,23737,12,1,8,4,2,1,2,5,1,1,2,2,4,3,3,No,55+,"2-4 Years","6-10 Years",Lower-Middle,"21+ Miles"
1696,34,Male,Married,2,Medical,"Research & Development","Laboratory Technician",2,Travel_Rarely,No,5,1157,57,3986,11912,14,1,15,15,10,4,13,1,3,2,2,4,3,4,3,No,25-34,"11+ Years","11-20 Years",Lower-Middle,"0-5 Miles"
1697,60,Male,Divorced,4,Medical,"Research & Development","Healthcare Representative",3,Travel_Rarely,No,1,370,92,10883,20467,20,1,19,1,0,0,0,3,2,3,1,4,3,4,4,No,55+,"<2 Years","11-20 Years",High,"0-5 Miles"
1698,33,Male,Married,3,Medical,"Research & Development","Laboratory Technician",1,Travel_Rarely,No,21,267,79,2028,13637,18,3,14,14,11,2,13,1,6,2,4,2,4,3,3,No,25-34,"11+ Years","11-20 Years",Low,"21+ Miles"
1700,37,Male,Divorced,4,Medical,Sales,"Sales Executive",2,Travel_Frequently,No,1,1278,31,9525,7677,14,2,6,6,3,1,3,1,2,3,1,4,3,2,3,No,35-44,"5-7 Years","6-10 Years",Upper-Middle,"0-5 Miles"
1701,34,Female,Married,3,"Life Sciences","Research & Development","Research Scientist",1,Travel_Rarely,No,19,678,35,2929,20338,12,0,10,10,9,8,7,1,3,2,2,4,2,3,3,No,25-34,"8-10 Years","6-10 Years",Low,"11-20 Miles"
1702,23,Male,Divorced,3,"Life Sciences",Sales,"Sales Representative",1,Travel_Rarely,Yes,7,427,99,2275,25103,21,1,3,3,2,0,2,1,2,3,3,4,2,3,4,Yes,"Under 25","2-4 Years","3-5 Years",Low,"6-10 Miles"
1703,44,Female,Married,3,"Life Sciences","Research & Development","Healthcare Representative",3,Travel_Rarely,Yes,2,921,96,7879,14810,19,1,9,8,7,6,7,1,2,3,4,4,2,3,3,No,35-44,"8-10 Years","6-10 Years",Upper-Middle,"0-5 Miles"
1704,35,Male,Single,4,Medical,"Research & Development","Research Scientist",1,Travel_Frequently,Yes,2,146,79,4930,13970,14,0,6,5,4,1,4,0,2,1,2,4,3,4,3,No,35-44,"5-7 Years","6-10 Years",Lower-Middle,"0-5 Miles"
1706,43,Male,Married,3,Medical,Sales,"Sales Executive",2,Travel_Rarely,Yes,2,1179,73,7847,6069,17,1,10,10,9,8,8,1,3,4,3,4,1,3,3,No,35-44,"8-10 Years","6-10 Years",Upper-Middle,"0-5 Miles"
1707,24,Male,Married,3,Medical,"Research & Development","Research Scientist",1,Travel_Rarely,No,9,581,62,4401,17616,16,1,5,5,3,0,4,1,1,3,4,3,4,3,3,No,"Under 25","5-7 Years","3-5 Years",Lower-Middle,"6-10 Miles"
1708,41,Male,Single,3,Marketing,Sales,"Sales Executive",3,Travel_Rarely,No,6,918,35,9241,15869,12,0,10,10,8,8,7,1,3,4,3,3,2,3,3,No,35-44,"8-10 Years","6-10 Years",Upper-Middle,"6-10 Miles"
1709,29,Female,Married,4,Medical,"Research & Development","Laboratory Technician",1,Travel_Rarely,No,9,1082,43,2974,25412,17,1,9,5,3,1,2,9,2,4,3,3,3,3,3,No,25-34,"5-7 Years","6-10 Years",Low,"6-10 Miles"
1710,36,Female,Single,4,"Life Sciences",Sales,"Sales Representative",2,Travel_Rarely,No,2,530,51,4502,7439,15,0,17,13,7,6,7,3,2,3,3,4,3,2,3,No,35-44,"11+ Years","11-20 Years",Lower-Middle,"0-5 Miles"
1712,45,Male,Married,1,"Life Sciences","Research & Development","Healthcare Representative",3,Non-Travel,No,1,1238,74,10748,3395,23,1,25,23,15,14,4,3,3,3,2,3,4,2,4,No,45-54,"11+ Years","21+ Years",High,"0-5 Miles"
1714,24,Male,Married,1,"Human Resources","Human Resources","Human Resources",1,Travel_Rarely,No,22,240,58,1555,11585,11,1,1,1,0,0,0,1,2,4,1,3,3,3,3,Yes,"Under 25","<2 Years","0-2 Years",Low,"21+ Miles"
1716,47,Male,Married,3,"Life Sciences",Sales,"Sales Executive",4,Travel_Frequently,No,9,1093,82,12936,24164,11,0,25,23,5,14,10,7,3,3,1,3,3,1,3,Yes,45-54,"11+ Years","21+ Years",High,"6-10 Miles"
1718,26,Male,Married,4,Medical,"Research & Development","Laboratory Technician",1,Travel_Rarely,No,17,390,62,2305,6217,15,3,3,3,2,0,2,1,3,4,1,3,3,4,3,No,25-34,"2-4 Years","3-5 Years",Low,"11-20 Miles"
1719,45,Female,Single,2,"Technical Degree","Research & Development","Research Director",4,Travel_Rarely,No,28,1005,48,16704,17119,11,0,21,21,6,8,6,1,2,4,2,2,3,3,3,No,45-54,"11+ Years","21+ Years",High,"21+ Miles"
1720,32,Male,Married,3,"Life Sciences","Research & Development","Research Scientist",1,Travel_Frequently,No,10,585,56,3433,17360,13,1,10,5,2,1,3,6,3,1,3,3,1,2,3,No,25-34,"5-7 Years","6-10 Years",Lower-Middle,"6-10 Miles"
1721,31,Male,Married,4,"Life Sciences","Research & Development","Laboratory Technician",1,Travel_Rarely,No,2,741,69,3477,18103,14,1,6,5,2,0,3,1,2,2,3,3,4,4,3,No,25-34,"5-7 Years","6-10 Years",Lower-Middle,"0-5 Miles"
1722,41,Male,Married,3,"Human Resources","Human Resources","Human Resources",2,Non-Travel,No,4,552,60,6430,20794,19,1,10,3,2,1,2,6,4,3,1,2,2,3,3,No,35-44,"2-4 Years","6-10 Years",Upper-Middle,"0-5 Miles"
1724,40,Female,Married,2,"Life Sciences","Research & Development","Manufacturing Director",2,Travel_Rarely,Yes,8,369,92,6516,5041,16,1,18,1,0,0,0,2,3,2,3,1,2,3,3,No,35-44,"<2 Years","11-20 Years",Upper-Middle,"6-10 Miles"
1725,24,Male,Divorced,1,Medical,"Research & Development","Laboratory Technician",1,Travel_Rarely,No,29,506,91,3907,3622,13,3,6,6,2,1,2,1,2,2,3,1,2,4,3,No,"Under 25","5-7 Years","6-10 Years",Lower-Middle,"21+ Miles"
1727,46,Male,Single,4,"Life Sciences","Research & Development","Healthcare Representative",2,Travel_Rarely,No,13,717,34,5562,9697,14,0,19,10,7,0,9,6,3,3,3,2,4,3,3,No,45-54,"8-10 Years","11-20 Years",Lower-Middle,"11-20 Miles"
1728,35,Male,Married,4,"Life Sciences","Research & Development","Manufacturing Director",2,Travel_Rarely,No,27,1370,49,6883,5151,16,1,17,7,7,0,7,2,3,4,3,3,2,3,3,No,35-44,"5-7 Years","11-20 Years",Upper-Middle,"21+ Miles"
1729,30,Male,Married,1,"Life Sciences","Research & Development","Research Scientist",1,Travel_Rarely,No,16,793,33,2862,3811,12,1,10,10,0,0,8,1,2,2,3,4,2,2,3,No,25-34,"8-10 Years","6-10 Years",Low,"11-20 Miles"
1731,47,Male,Married,4,Marketing,Sales,"Sales Executive",2,Non-Travel,No,2,543,87,4978,3536,11,1,4,1,0,0,0,7,3,3,3,2,4,1,3,No,45-54,"<2 Years","3-5 Years",Lower-Middle,"0-5 Miles"
1732,46,Male,Divorced,3,"Life Sciences",Sales,"Sales Executive",3,Travel_Rarely,Yes,2,1277,74,10368,5596,12,1,13,10,6,0,3,4,5,3,3,4,2,2,3,No,45-54,"8-10 Years","11-20 Years",High,"0-5 Miles"
1733,36,Male,Divorced,5,Marketing,Sales,"Sales Executive",2,Travel_Rarely,Yes,13,1456,96,6134,8658,13,3,16,2,2,2,2,5,3,2,2,1,2,3,3,Yes,35-44,"2-4 Years","11-20 Years",Upper-Middle,"11-20 Miles"
1734,32,Male,Single,2,"Life Sciences",Sales,"Sales Executive",2,Travel_Rarely,No,1,964,34,6735,12147,15,0,10,0,0,0,0,6,2,1,1,2,2,3,3,Yes,25-34,"<2 Years","6-10 Years",Upper-Middle,"0-5 Miles"
1735,23,Female,Single,1,Medical,"Research & Development","Laboratory Technician",1,Travel_Rarely,No,4,160,51,3295,12862,13,0,3,3,2,1,2,1,3,3,3,2,3,1,3,No,"Under 25","2-4 Years","3-5 Years",Lower-Middle,"0-5 Miles"
1736,31,Female,Single,1,"Technical Degree","Research & Development","Manufacturing Director",2,Travel_Frequently,No,24,163,30,5238,6670,20,0,9,5,4,1,4,2,3,4,3,4,4,2,4,No,25-34,"5-7 Years","6-10 Years",Lower-Middle,"21+ Miles"
1737,39,Male,Married,3,"Life Sciences","Research & Development","Laboratory Technician",2,Non-Travel,Yes,1,792,77,6472,8989,15,1,9,9,8,5,8,1,2,4,3,4,4,3,3,No,35-44,"8-10 Years","6-10 Years",Upper-Middle,"0-5 Miles"
1739,32,Male,Married,3,"Life Sciences",Sales,"Sales Executive",3,Travel_Rarely,No,19,371,80,9610,3840,13,1,10,4,3,0,2,3,2,4,1,3,3,1,3,No,25-34,"2-4 Years","6-10 Years",Upper-Middle,"11-20 Miles"
1740,40,Male,Single,4,Medical,Sales,Manager,5,Travel_Rarely,No,7,611,88,19833,4349,14,0,21,21,8,12,8,1,3,2,3,2,2,2,3,No,35-44,"11+ Years","21+ Years",High,"6-10 Miles"
1744,45,Female,Married,3,"Life Sciences","Human Resources","Human Resources",3,Travel_Rarely,No,4,176,56,9756,6595,21,2,9,5,0,0,3,4,2,3,1,3,3,4,4,No,45-54,"5-7 Years","6-10 Years",Upper-Middle,"0-5 Miles"
1745,30,Female,Single,4,"Technical Degree","Research & Development","Research Scientist",1,Travel_Frequently,No,2,1312,78,4968,26427,16,0,10,9,7,0,7,0,2,4,2,1,4,3,3,No,25-34,"8-10 Years","6-10 Years",Lower-Middle,"0-5 Miles"
1746,24,Male,Married,3,Medical,"Human Resources","Human Resources",1,Travel_Frequently,No,10,897,59,2145,2097,14,1,3,2,2,2,1,0,2,1,3,4,4,3,3,No,"Under 25","2-4 Years","3-5 Years",Low,"6-10 Miles"
1747,30,Female,Divorced,3,"Human Resources","Human Resources","Human Resources",1,Travel_Frequently,No,8,600,66,2180,9732,11,1,6,4,2,1,2,6,0,3,2,4,3,2,3,Yes,25-34,"2-4 Years","6-10 Years",Low,"6-10 Miles"
1749,31,Male,Married,3,"Technical Degree",Sales,"Sales Executive",2,Travel_Rarely,No,5,1003,51,8346,20943,19,1,6,5,2,0,2,1,3,1,3,3,3,3,3,No,25-34,"5-7 Years","6-10 Years",Upper-Middle,"0-5 Miles"
1751,27,Female,Single,3,Medical,"Research & Development","Research Scientist",1,Travel_Rarely,No,8,1054,67,3445,6152,11,0,6,6,2,1,4,1,5,3,3,4,3,2,3,No,25-34,"5-7 Years","6-10 Years",Lower-Middle,"6-10 Miles"
1752,29,Female,Single,3,Marketing,Sales,"Sales Representative",1,Travel_Rarely,No,9,428,52,2760,14630,13,0,2,2,2,2,2,1,3,2,1,2,3,3,3,Yes,25-34,"2-4 Years","0-2 Years",Low,"6-10 Miles"
1753,29,Male,Single,3,"Life Sciences","Research & Development","Healthcare Representative",2,Travel_Frequently,Yes,1,461,70,6294,23060,12,0,10,3,2,0,2,8,5,4,4,3,4,4,3,No,25-34,"2-4 Years","6-10 Years",Upper-Middle,"0-5 Miles"
1754,30,Male,Divorced,2,Marketing,Sales,"Sales Executive",3,Travel_Rarely,No,15,979,94,7140,3088,11,1,12,7,7,1,7,2,2,3,2,1,1,3,3,No,25-34,"5-7 Years","11-20 Years",Upper-Middle,"11-20 Miles"
1755,34,Male,Married,4,Medical,"Research & Development","Research Scientist",1,Travel_Rarely,Yes,2,181,97,2932,5586,14,3,6,5,0,1,2,0,3,4,4,4,1,3,3,No,25-34,"5-7 Years","6-10 Years",Low,"0-5 Miles"
1756,33,Female,Single,3,Marketing,Sales,"Sales Executive",2,Non-Travel,No,2,1283,62,5147,10697,15,0,13,11,7,1,7,8,2,4,3,2,4,2,3,No,25-34,"11+ Years","11-20 Years",Lower-Middle,"0-5 Miles"
1757,49,Female,Single,4,Marketing,Sales,"Sales Executive",2,Travel_Rarely,No,11,1313,80,4507,8191,12,0,8,5,1,0,4,3,1,4,3,4,3,4,3,No,45-54,"5-7 Years","6-10 Years",Lower-Middle,"11-20 Miles"
1758,33,Female,Single,3,"Life Sciences",Sales,"Sales Executive",3,Travel_Rarely,Yes,16,211,74,8564,10092,20,0,11,0,0,0,0,2,2,1,3,1,3,2,4,Yes,25-34,"<2 Years","11-20 Years",Upper-Middle,"11-20 Miles"
1760,38,Female,Married,2,Medical,"Research & Development","Laboratory Technician",1,Travel_Frequently,No,2,594,75,2468,15963,14,1,9,6,1,0,5,4,4,3,2,2,2,2,3,No,35-44,"5-7 Years","6-10 Years",Low,"0-5 Miles"
1761,31,Male,Married,4,Marketing,Sales,"Sales Executive",3,Travel_Rarely,No,16,1079,70,8161,19002,13,3,10,1,0,0,0,2,2,1,3,3,1,3,3,Yes,25-34,"<2 Years","6-10 Years",Upper-Middle,"11-20 Miles"
1762,29,Female,Divorced,3,"Technical Degree","Research & Development","Research Scientist",1,Travel_Rarely,No,4,590,91,2109,10007,13,1,1,1,0,0,0,1,2,4,2,1,3,3,3,No,25-34,"<2 Years","0-2 Years",Low,"0-5 Miles"
1763,30,Male,Married,3,"Life Sciences","Research & Development","Healthcare Representative",2,Travel_Rarely,No,16,305,58,5294,9128,16,1,10,7,0,1,7,3,3,3,4,3,3,3,3,No,25-34,"5-7 Years","6-10 Years",Lower-Middle,"11-20 Miles"
1764,32,Male,Single,4,"Technical Degree","Research & Development","Research Scientist",1,Non-Travel,No,5,953,65,2718,17674,14,0,12,7,7,0,7,2,3,2,3,2,2,3,3,No,25-34,"5-7 Years","11-20 Years",Low,"0-5 Miles"
1766,38,Male,Married,3,Medical,"Research & Development","Healthcare Representative",2,Travel_Rarely,Yes,18,833,60,5811,24539,16,1,15,1,0,1,0,3,2,2,1,4,3,3,3,No,35-44,"<2 Years","11-20 Years",Lower-Middle,"11-20 Miles"
1767,43,Male,Married,3,"Technical Degree","Research & Development","Research Scientist",1,Travel_Frequently,Yes,17,807,38,2437,15587,16,1,6,1,0,0,0,9,4,3,2,3,4,3,3,Yes,35-44,"<2 Years","6-10 Years",Low,"11-20 Miles"
1768,42,Male,Divorced,3,Medical,"Research & Development","Laboratory Technician",1,Travel_Rarely,No,12,855,57,2766,8952,22,3,7,5,3,0,4,8,6,2,3,2,2,2,4,No,35-44,"5-7 Years","6-10 Years",Low,"11-20 Miles"
1770,55,Male,Married,3,Medical,"Research & Development","Research Director",5,Travel_Rarely,No,2,478,60,19038,19805,12,3,34,1,0,0,0,8,2,3,2,1,2,3,3,No,55+,"<2 Years","21+ Years",High,"0-5 Miles"
1771,33,Male,Divorced,3,"Technical Degree","Research & Development","Research Scientist",2,Non-Travel,No,4,775,90,3055,6194,15,2,11,9,8,1,7,5,2,4,3,2,4,2,3,No,25-34,"8-10 Years","11-20 Years",Lower-Middle,"0-5 Miles"
1772,41,Male,Divorced,4,"Life Sciences","Research & Development","Laboratory Technician",1,Travel_Rarely,No,9,548,94,2289,20520,20,2,5,5,3,0,4,1,2,3,3,1,2,3,4,No,35-44,"5-7 Years","3-5 Years",Low,"6-10 Miles"
1774,34,Male,Divorced,3,"Life Sciences",Sales,"Sales Executive",2,Non-Travel,Yes,10,1375,87,4001,12313,14,1,15,15,14,0,7,1,3,4,3,3,3,3,3,No,25-34,"11+ Years","11-20 Years",Lower-Middle,"6-10 Miles"
1775,53,Female,Married,4,Medical,"Research & Development","Manufacturing Director",4,Non-Travel,Yes,1,661,60,12965,22308,20,3,27,3,2,0,2,4,2,1,2,3,4,2,4,No,45-54,"2-4 Years","21+ Years",High,"0-5 Miles"
1778,43,Male,Single,3,"Life Sciences","Human Resources","Human Resources",1,Travel_Rarely,No,2,244,97,3539,5033,13,0,10,9,7,1,8,0,5,2,3,4,2,3,3,No,35-44,"8-10 Years","6-10 Years",Lower-Middle,"0-5 Miles"
1779,34,Female,Single,2,"Life Sciences",Sales,"Sales Executive",2,Travel_Rarely,No,3,511,32,6029,25353,12,0,6,2,2,2,2,5,3,4,1,4,1,3,3,No,25-34,"2-4 Years","6-10 Years",Upper-Middle,"0-5 Miles"
1780,21,Male,Single,1,Marketing,Sales,"Sales Representative",1,Travel_Rarely,No,7,337,31,2679,4567,13,0,1,1,0,1,0,1,3,2,3,2,2,3,3,Yes,"Under 25","<2 Years","0-2 Years",Low,"6-10 Miles"
1782,38,Female,Married,2,Other,"Research & Development","Laboratory Technician",1,Travel_Rarely,No,6,1153,40,3702,16376,11,1,5,5,4,0,4,1,3,4,2,3,2,3,3,No,35-44,"5-7 Years","3-5 Years",Lower-Middle,"6-10 Miles"
1783,22,Female,Married,1,Medical,"Research & Development","Laboratory Technician",1,Travel_Rarely,Yes,8,1294,79,2398,15999,17,0,1,1,0,0,0,1,6,3,3,1,3,3,3,Yes,"Under 25","<2 Years","0-2 Years",Low,"6-10 Miles"
1784,31,Female,Married,4,Marketing,Sales,"Sales Executive",2,Travel_Rarely,No,29,196,91,5468,13402,14,2,13,12,7,5,7,1,3,1,2,4,1,3,3,No,25-34,"11+ Years","11-20 Years",Lower-Middle,"21+ Miles"
1786,51,Female,Married,3,"Technical Degree","Research & Development",Manager,3,Travel_Rarely,No,3,942,53,13116,22984,11,0,15,2,2,2,2,2,2,1,3,3,4,3,3,No,45-54,"2-4 Years","11-20 Years",High,"0-5 Miles"
1787,37,Male,Married,2,Marketing,Sales,"Sales Executive",2,Travel_Rarely,No,9,589,46,4189,8800,14,2,5,5,2,0,3,1,2,2,2,2,1,3,3,No,35-44,"5-7 Years","3-5 Years",Lower-Middle,"6-10 Miles"
1789,46,Male,Divorced,4,Medical,"Research & Development","Research Director",5,Travel_Rarely,Yes,2,734,46,19328,14218,17,1,24,2,1,2,2,7,3,3,3,4,3,3,3,No,45-54,"2-4 Years","21+ Years",High,"0-5 Miles"
1790,36,Male,Married,3,"Life Sciences","Research & Development","Healthcare Representative",3,Travel_Rarely,Yes,10,1383,90,8321,25949,13,1,15,12,8,5,7,7,1,4,3,1,4,3,3,No,35-44,"11+ Years","11-20 Years",Upper-Middle,"6-10 Miles"
1792,44,Male,Divorced,2,Medical,"Research & Development","Research Scientist",1,Travel_Frequently,Yes,1,429,99,2342,11092,12,3,6,5,3,2,3,1,2,3,3,2,3,2,3,Yes,35-44,"5-7 Years","6-10 Years",Low,"0-5 Miles"
1794,37,Male,Divorced,2,Other,"Human Resources","Human Resources",2,Travel_Rarely,No,8,1239,89,4071,12832,13,0,19,10,0,4,7,2,4,3,3,2,3,2,3,No,35-44,"8-10 Years","11-20 Years",Lower-Middle,"6-10 Miles"
1797,35,Male,Single,3,"Life Sciences",Sales,"Sales Executive",2,Travel_Rarely,Yes,27,303,84,5813,13492,18,0,10,10,7,7,7,1,2,3,3,4,4,3,3,Yes,35-44,"8-10 Years","6-10 Years",Lower-Middle,"21+ Miles"
1798,33,Male,Married,4,"Life Sciences","Research & Development","Research Scientist",1,Travel_Rarely,No,8,867,90,3143,6076,19,1,14,10,8,7,6,6,1,4,4,1,2,3,3,No,25-34,"8-10 Years","11-20 Years",Lower-Middle,"6-10 Miles"
1799,28,Male,Married,3,"Life Sciences","Research & Development","Research Scientist",1,Travel_Rarely,No,1,1181,82,2044,5531,11,1,5,5,3,0,3,1,6,3,3,4,3,4,3,No,25-34,"5-7 Years","3-5 Years",Low,"0-5 Miles"
1800,39,Male,Single,1,Medical,"Research & Development","Research Director",3,Travel_Rarely,No,10,1253,65,13464,7914,21,0,9,4,3,2,2,7,3,3,3,3,3,3,4,No,35-44,"2-4 Years","6-10 Years",High,"6-10 Miles"
1801,46,Male,Single,2,"Life Sciences",Sales,"Sales Executive",2,Non-Travel,No,26,849,98,7991,25166,15,0,6,2,2,2,2,8,3,2,2,2,3,3,3,No,45-54,"2-4 Years","6-10 Years",Upper-Middle,"21+ Miles"
1802,40,Female,Married,2,"Life Sciences","Research & Development","Laboratory Technician",1,Travel_Rarely,No,2,616,99,3377,25605,17,1,7,4,3,0,2,4,5,3,3,1,4,2,3,No,35-44,"2-4 Years","6-10 Years",Lower-Middle,"0-5 Miles"
1803,42,Male,Married,3,Medical,"Research & Development","Healthcare Representative",2,Travel_Rarely,No,13,1128,95,5538,5696,18,2,10,0,0,0,0,5,2,2,4,1,3,2,3,No,35-44,"<2 Years","6-10 Years",Lower-Middle,"11-20 Miles"
1804,35,Male,Divorced,2,Medical,"Research & Development","Manufacturing Director",2,Non-Travel,No,2,1180,90,5762,24442,14,1,15,7,7,1,7,2,6,2,3,4,3,3,3,No,35-44,"5-7 Years","11-20 Years",Lower-Middle,"0-5 Miles"
1805,38,Male,Divorced,3,"Human Resources","Human Resources","Human Resources",1,Non-Travel,No,2,1336,100,2592,7129,13,3,13,11,10,3,8,5,3,1,3,2,4,3,3,No,35-44,"11+ Years","11-20 Years",Low,"0-5 Miles"
1807,34,Male,Married,4,"Life Sciences","Research & Development","Laboratory Technician",2,Travel_Frequently,No,9,234,93,5346,6208,17,1,11,7,1,0,7,4,3,4,3,1,3,2,3,Yes,25-34,"5-7 Years","11-20 Years",Lower-Middle,"6-10 Miles"
1809,37,Male,Single,4,Medical,"Research & Development","Manufacturing Director",2,Travel_Rarely,No,10,370,58,4213,4992,15,0,10,10,3,0,8,1,4,4,3,1,2,1,3,Yes,35-44,"8-10 Years","6-10 Years",Lower-Middle,"6-10 Miles"
1812,39,Male,Divorced,3,"Life Sciences",Sales,"Sales Executive",2,Travel_Frequently,No,20,766,83,4127,19188,18,1,7,2,1,2,2,2,6,3,3,4,4,3,3,No,35-44,"2-4 Years","6-10 Years",Lower-Middle,"11-20 Miles"
1813,43,Male,Single,3,"Life Sciences","Research & Development","Research Scientist",1,Non-Travel,No,9,343,52,2438,24978,13,0,7,3,2,1,2,4,2,1,3,3,3,2,3,No,35-44,"2-4 Years","6-10 Years",Low,"6-10 Miles"
1814,41,Male,Single,3,"Life Sciences","Research & Development","Healthcare Representative",2,Travel_Rarely,No,5,447,85,6870,15530,12,0,11,3,2,1,2,3,3,2,4,2,1,1,3,No,35-44,"2-4 Years","11-20 Years",Upper-Middle,"0-5 Miles"
1815,41,Female,Divorced,1,Marketing,Sales,"Sales Executive",3,Travel_Rarely,Yes,4,796,81,10447,26458,13,1,23,22,14,13,5,0,3,3,3,3,4,4,3,No,35-44,"11+ Years","21+ Years",High,"0-5 Miles"
1816,30,Female,Single,3,Medical,"Research & Development","Manufacturing Director",3,Travel_Rarely,No,10,1092,64,9667,2739,14,0,9,7,7,0,2,9,3,1,3,3,2,3,3,No,25-34,"5-7 Years","6-10 Years",Upper-Middle,"6-10 Miles"
1818,26,Female,Married,2,Medical,"Human Resources","Human Resources",1,Travel_Rarely,Yes,20,920,69,2148,6889,11,0,6,5,1,1,4,0,3,4,3,2,3,3,3,Yes,25-34,"5-7 Years","6-10 Years",Low,"11-20 Miles"
1821,46,Female,Married,2,Medical,"Research & Development","Healthcare Representative",2,Travel_Rarely,No,21,261,66,8926,10842,22,1,13,9,7,3,7,4,2,4,3,2,4,4,4,Yes,45-54,"8-10 Years","11-20 Years",Upper-Middle,"21+ Miles"
1822,40,Female,Divorced,3,"Life Sciences","Research & Development","Healthcare Representative",2,Travel_Rarely,No,1,1194,52,6513,9060,17,1,12,5,3,0,3,4,3,3,3,4,4,3,3,No,35-44,"5-7 Years","11-20 Years",Upper-Middle,"0-5 Miles"
1823,34,Male,Married,2,"Technical Degree",Sales,"Sales Executive",2,Travel_Rarely,No,8,810,92,6799,22128,21,2,10,10,8,4,8,1,5,2,4,3,3,3,4,No,25-34,"8-10 Years","6-10 Years",Upper-Middle,"6-10 Miles"
1824,58,Male,Divorced,3,Medical,Sales,Manager,4,Non-Travel,No,2,350,52,16291,22577,22,1,37,16,9,14,14,4,0,2,3,2,4,2,4,No,55+,"11+ Years","21+ Years",High,"0-5 Miles"
1826,35,Male,Married,4,Medical,"Research & Development","Laboratory Technician",1,Travel_Rarely,No,23,185,91,2705,9696,16,1,6,5,4,0,3,0,2,2,1,3,2,4,3,No,35-44,"5-7 Years","6-10 Years",Low,"21+ Miles"
1827,47,Female,Divorced,3,"Life Sciences","Research & Development","Manufacturing Director",3,Travel_Rarely,Yes,4,1001,92,10333,19271,12,1,28,22,11,14,10,8,4,3,2,2,3,3,3,No,45-54,"11+ Years","21+ Years",High,"0-5 Miles"
1829,40,Female,Divorced,3,"Life Sciences","Research & Development","Healthcare Representative",2,Travel_Rarely,No,12,750,47,4448,10748,12,1,15,7,4,7,7,2,3,2,3,1,2,3,3,No,35-44,"5-7 Years","11-20 Years",Lower-Middle,"11-20 Miles"
1830,54,Female,Married,4,Medical,"Research & Development","Research Scientist",2,Travel_Rarely,No,7,431,68,6854,15696,15,1,14,7,1,1,7,4,2,4,3,4,2,2,3,No,45-54,"5-7 Years","11-20 Years",Upper-Middle,"6-10 Miles"
1833,31,Female,Married,4,Marketing,Sales,"Sales Executive",3,Travel_Frequently,No,7,1125,68,9637,8277,14,2,9,3,2,2,2,2,3,1,3,1,4,3,3,No,25-34,"2-4 Years","6-10 Years",Upper-Middle,"6-10 Miles"
1834,28,Female,Married,3,Medical,"Research & Development","Research Scientist",1,Travel_Rarely,No,1,1217,67,3591,12719,25,1,3,3,2,1,2,1,3,3,3,1,3,3,4,No,25-34,"2-4 Years","3-5 Years",Lower-Middle,"0-5 Miles"
1835,38,Female,Married,4,Marketing,Sales,"Sales Representative",2,Travel_Rarely,Yes,2,723,77,5405,4244,20,2,20,4,2,0,3,2,4,2,1,4,1,2,4,No,35-44,"2-4 Years","11-20 Years",Lower-Middle,"0-5 Miles"
1836,26,Male,Single,3,Medical,Sales,"Sales Executive",2,Travel_Rarely,No,10,572,46,4684,9125,13,0,5,5,3,1,2,1,4,3,3,4,1,3,3,No,25-34,"5-7 Years","3-5 Years",Lower-Middle,"6-10 Miles"
1837,58,Male,Married,4,"Life Sciences","Research & Development","Research Director",4,Travel_Frequently,Yes,15,1216,87,15787,21624,14,0,23,2,2,2,2,2,3,1,3,3,2,3,3,No,55+,"2-4 Years","21+ Years",High,"11-20 Miles"
1839,18,Female,Single,3,Medical,"Research & Development","Research Scientist",1,Non-Travel,No,14,1431,33,1514,8018,16,0,0,0,0,0,0,1,4,2,3,3,3,1,3,No,"Under 25","<2 Years","0-2 Years",Low,"11-20 Miles"
1842,31,Male,Married,5,"Human Resources","Human Resources","Human Resources",1,Travel_Rarely,No,18,359,89,2956,21495,17,0,2,1,0,0,0,0,4,4,4,1,3,3,3,Yes,25-34,"<2 Years","0-2 Years",Low,"11-20 Miles"
1844,29,Male,Divorced,3,"Human Resources","Human Resources","Human Resources",1,Travel_Rarely,Yes,13,350,56,2335,3157,15,3,4,2,2,2,0,4,3,1,2,1,4,3,3,Yes,25-34,"2-4 Years","3-5 Years",Low,"11-20 Miles"
1845,45,Female,Married,4,"Life Sciences",Sales,"Sales Executive",2,Non-Travel,No,2,589,67,5154,19665,22,2,10,8,7,5,7,4,3,3,3,3,2,4,4,No,45-54,"8-10 Years","6-10 Years",Lower-Middle,"0-5 Miles"
1847,36,Female,Married,4,Other,"Research & Development","Research Scientist",2,Travel_Rarely,Yes,2,430,73,6962,19573,22,1,15,1,0,0,0,4,2,4,3,2,4,3,4,No,35-44,"<2 Years","11-20 Years",Upper-Middle,"0-5 Miles"
1849,43,Male,Married,4,"Life Sciences",Sales,"Sales Executive",2,Travel_Frequently,No,2,1422,92,5675,19246,20,1,7,7,7,7,7,1,5,1,3,4,3,3,4,No,35-44,"5-7 Years","6-10 Years",Lower-Middle,"0-5 Miles"
1850,27,Female,Single,2,"Life Sciences","Research & Development","Laboratory Technician",1,Travel_Frequently,Yes,5,1297,53,2379,19826,14,0,6,5,4,0,2,0,3,4,3,4,3,2,3,No,25-34,"5-7 Years","6-10 Years",Low,"0-5 Miles"
1852,29,Male,Married,1,Medical,"Research & Development","Laboratory Technician",1,Travel_Frequently,No,20,574,40,3812,7003,13,0,11,11,8,3,10,1,3,4,3,4,2,4,3,No,25-34,"11+ Years","11-20 Years",Lower-Middle,"11-20 Miles"
1853,32,Male,Single,4,Marketing,Sales,"Sales Executive",2,Travel_Frequently,No,10,1318,79,4648,26075,13,0,4,0,0,0,0,8,2,4,3,4,3,4,3,No,25-34,"<2 Years","3-5 Years",Lower-Middle,"6-10 Miles"
1854,42,Male,Married,4,"Technical Degree","Research & Development","Research Scientist",1,Non-Travel,No,10,355,38,2936,6161,22,2,10,6,3,3,3,3,1,3,3,3,2,2,4,No,35-44,"5-7 Years","6-10 Years",Low,"6-10 Miles"
1856,47,Female,Single,4,"Life Sciences","Research & Development","Laboratory Technician",1,Travel_Rarely,No,9,207,64,2105,5411,12,0,7,2,2,2,0,4,2,2,3,3,3,3,3,No,45-54,"2-4 Years","6-10 Years",Low,"6-10 Miles"
1857,46,Male,Divorced,2,"Life Sciences","Research & Development","Manufacturing Director",3,Travel_Rarely,No,2,706,82,8578,19989,14,1,12,9,8,4,7,3,4,4,3,4,3,2,3,No,45-54,"8-10 Years","11-20 Years",Upper-Middle,"0-5 Miles"
1858,28,Male,Divorced,2,"Life Sciences","Human Resources","Human Resources",1,Non-Travel,No,1,280,43,2706,10494,15,1,3,3,2,2,2,1,2,3,3,4,2,3,3,No,25-34,"2-4 Years","3-5 Years",Low,"0-5 Miles"
1859,29,Male,Divorced,1,"Life Sciences","Research & Development","Healthcare Representative",2,Travel_Rarely,No,29,726,93,6384,21143,17,2,11,7,0,1,6,8,3,4,1,3,4,3,3,No,25-34,"5-7 Years","11-20 Years",Upper-Middle,"21+ Miles"
1860,42,Male,Single,3,"Life Sciences","Research & Development","Laboratory Technician",1,Travel_Rarely,No,8,1142,81,3968,13624,13,0,8,0,0,0,0,4,3,4,3,3,4,3,3,No,35-44,"<2 Years","6-10 Years",Lower-Middle,"6-10 Miles"
1862,32,Male,Single,4,Marketing,Sales,"Sales Executive",2,Travel_Rarely,Yes,2,414,82,9907,26186,12,0,7,2,2,2,2,7,3,3,2,2,3,2,3,Yes,25-34,"2-4 Years","6-10 Years",Upper-Middle,"0-5 Miles"
1863,46,Female,Divorced,3,"Technical Degree",Sales,"Sales Executive",4,Travel_Rarely,No,3,1319,45,13225,7739,12,1,25,19,17,2,8,2,5,1,4,1,4,3,3,No,45-54,"11+ Years","21+ Years",High,"0-5 Miles"
1864,27,Female,Married,1,Medical,Sales,"Sales Representative",2,Travel_Rarely,No,23,728,36,3540,7018,21,1,9,9,8,5,8,1,5,2,2,3,4,3,4,No,25-34,"8-10 Years","6-10 Years",Lower-Middle,"21+ Miles"
1865,29,Male,Married,1,Medical,"Human Resources","Human Resources",1,Travel_Rarely,No,6,352,87,2804,15434,11,0,1,1,0,0,0,1,3,4,2,2,4,3,3,No,25-34,"<2 Years","0-2 Years",Low,"6-10 Miles"
1866,43,Female,Married,3,Medical,"Research & Development",Manager,5,Travel_Rarely,No,6,823,81,19392,22539,13,0,21,16,12,6,14,7,2,1,2,3,4,3,3,No,35-44,"11+ Years","21+ Years",High,"6-10 Miles"
1867,48,Male,Married,3,"Life Sciences","Research & Development","Research Director",5,Travel_Rarely,No,10,1224,91,19665,13583,12,0,29,22,10,12,9,4,3,4,2,2,4,3,3,No,45-54,"11+ Years","21+ Years",High,"6-10 Miles"
1868,29,Male,Single,2,"Life Sciences","Research & Development","Research Scientist",1,Travel_Frequently,Yes,24,459,73,2439,14753,24,0,1,1,0,1,0,1,3,4,2,4,2,2,4,Yes,25-34,"<2 Years","0-2 Years",Low,"21+ Miles"
1869,46,Female,Married,3,"Life Sciences",Sales,"Sales Executive",3,Travel_Rarely,No,10,1254,64,7314,14011,21,3,14,8,7,0,7,5,2,3,3,2,3,3,4,Yes,45-54,"8-10 Years","11-20 Years",Upper-Middle,"6-10 Miles"
1870,27,Female,Married,3,"Life Sciences","Research & Development","Research Scientist",1,Travel_Frequently,No,15,1131,77,4774,23844,19,1,8,7,6,7,3,0,2,4,2,1,4,2,3,No,25-34,"5-7 Years","6-10 Years",Lower-Middle,"11-20 Miles"
1871,39,Male,Divorced,4,Other,"Research & Development","Research Scientist",2,Travel_Rarely,No,19,835,41,3902,5141,14,3,7,2,2,2,2,8,2,4,3,4,2,3,3,No,35-44,"2-4 Years","6-10 Years",Lower-Middle,"11-20 Miles"
1873,55,Male,Married,4,"Technical Degree","Research & Development","Research Scientist",1,Travel_Rarely,No,2,836,98,2662,7975,20,1,19,5,2,0,4,8,2,2,2,4,2,4,4,No,55+,"5-7 Years","11-20 Years",Low,"0-5 Miles"
1875,28,Female,Married,3,Medical,Sales,"Sales Representative",1,Travel_Rarely,No,3,1172,78,2856,3692,19,1,1,1,0,0,0,1,3,2,3,2,4,3,3,No,25-34,"<2 Years","0-2 Years",Low,"0-5 Miles"
1876,30,Male,Single,3,Medical,Sales,"Sales Representative",1,Travel_Rarely,No,9,945,89,1081,16019,13,0,1,1,0,0,0,1,3,2,3,4,3,2,3,Yes,25-34,"<2 Years","0-2 Years",Low,"6-10 Miles"
1878,22,Male,Single,1,"Life Sciences","Research & Development","Research Scientist",1,Travel_Rarely,Yes,7,391,75,2472,26092,23,0,1,1,0,0,0,1,2,4,3,2,1,3,4,Yes,"Under 25","<2 Years","0-2 Years",Low,"6-10 Miles"
1880,36,Female,Married,4,"Technical Degree",Sales,"Sales Executive",2,Travel_Rarely,Yes,10,1266,63,5673,6060,13,1,10,10,9,1,7,1,4,2,2,3,1,3,3,No,35-44,"8-10 Years","6-10 Years",Lower-Middle,"6-10 Miles"
1881,31,Male,Divorced,3,"Life Sciences","Research & Development","Laboratory Technician",2,Travel_Rarely,No,20,311,89,4197,18624,11,1,10,10,8,0,2,1,2,2,3,3,1,3,3,No,25-34,"8-10 Years","6-10 Years",Lower-Middle,"11-20 Miles"
1882,34,Male,Married,3,"Life Sciences",Sales,"Sales Executive",3,Travel_Rarely,Yes,4,1480,64,9713,24444,13,3,9,5,3,1,0,2,3,3,3,4,4,3,3,No,25-34,"5-7 Years","6-10 Years",Upper-Middle,"0-5 Miles"
1883,29,Male,Single,3,"Life Sciences","Research & Development","Laboratory Technician",1,Travel_Rarely,No,7,592,59,2062,19384,14,0,11,3,2,1,2,3,2,4,3,1,2,3,3,No,25-34,"2-4 Years","11-20 Years",Low,"6-10 Miles"
1885,37,Male,Married,4,Medical,"Research & Development","Research Scientist",2,Travel_Rarely,Yes,7,783,78,4284,13588,22,1,16,5,3,0,4,5,2,4,3,1,3,3,4,No,35-44,"5-7 Years","11-20 Years",Lower-Middle,"6-10 Miles"
1886,35,Female,Married,2,Other,"Research & Development","Manufacturing Director",2,Travel_Rarely,Yes,16,219,44,4788,25388,11,0,4,3,2,0,2,0,2,4,2,2,4,3,3,No,35-44,"2-4 Years","3-5 Years",Lower-Middle,"11-20 Miles"
1888,45,Female,Married,2,"Life Sciences","Research & Development","Manufacturing Director",2,Travel_Rarely,No,25,556,93,5906,23888,13,2,10,9,8,3,8,0,2,2,2,4,4,2,3,No,45-54,"8-10 Years","6-10 Years",Lower-Middle,"21+ Miles"
1890,36,Male,Single,1,"Human Resources","Human Resources","Human Resources",2,Travel_Frequently,No,2,1213,94,3886,4223,21,0,10,10,1,0,8,1,2,2,2,4,4,2,4,No,35-44,"8-10 Years","6-10 Years",Lower-Middle,"0-5 Miles"
1892,40,Male,Divorced,4,"Life Sciences","Research & Development",Manager,4,Travel_Rarely,No,1,1137,98,16823,18991,11,1,22,19,7,11,16,2,3,1,3,1,1,3,3,No,35-44,"11+ Years","21+ Years",High,"0-5 Miles"
1893,26,Female,Married,2,"Life Sciences","Research & Development","Research Scientist",1,Travel_Rarely,Yes,1,482,90,2933,14908,13,1,1,1,0,1,0,1,3,2,2,3,3,2,3,No,25-34,"<2 Years","0-2 Years",Low,"0-5 Miles"
1898,27,Female,Single,2,Medical,Sales,"Sales Executive",2,Travel_Rarely,No,2,511,89,6500,26997,14,0,9,8,7,0,7,0,5,1,4,3,2,2,3,No,25-34,"8-10 Years","6-10 Years",Upper-Middle,"0-5 Miles"
1900,48,Female,Divorced,3,Medical,"Research & Development",Manager,4,Travel_Frequently,No,22,117,58,17174,2437,11,1,24,22,17,4,7,3,3,4,3,4,2,3,3,No,45-54,"11+ Years","21+ Years",High,"21+ Miles"
1903,44,Male,Married,4,"Life Sciences","Research & Development","Healthcare Representative",2,Travel_Rarely,No,1,170,78,5033,9364,15,1,10,2,0,2,2,2,5,2,4,1,4,3,3,No,35-44,"2-4 Years","6-10 Years",Lower-Middle,"0-5 Miles"
1905,34,Male,Married,4,"Technical Degree","Research & Development","Research Scientist",1,Non-Travel,Yes,16,967,85,2307,14460,23,1,5,5,2,3,0,1,2,4,1,1,2,3,4,Yes,25-34,"5-7 Years","3-5 Years",Low,"11-20 Miles"
1907,56,Male,Single,2,"Life Sciences","Research & Development","Laboratory Technician",1,Travel_Rarely,No,24,1162,97,2587,10261,16,0,5,4,2,1,0,1,3,1,3,4,4,3,3,Yes,55+,"2-4 Years","3-5 Years",Low,"21+ Miles"
1908,36,Male,Married,2,Marketing,Sales,"Sales Executive",2,Travel_Rarely,No,17,335,33,5507,16822,16,2,12,4,2,1,3,2,1,3,2,2,3,1,3,No,35-44,"2-4 Years","11-20 Years",Lower-Middle,"11-20 Miles"
1909,41,Female,Married,3,Marketing,Sales,"Sales Executive",2,Travel_Rarely,No,8,337,54,4393,26841,21,1,14,5,4,1,4,5,3,3,3,2,3,3,4,No,35-44,"5-7 Years","11-20 Years",Lower-Middle,"6-10 Miles"
1911,42,Male,Married,3,Medical,"Research & Development","Research Director",3,Travel_Rarely,No,6,1396,83,13348,14842,13,1,18,13,7,5,7,9,3,3,3,1,2,4,3,No,35-44,"11+ Years","11-20 Years",High,"6-10 Miles"
1912,31,Female,Divorced,2,Medical,Sales,"Sales Executive",2,Travel_Rarely,Yes,10,1079,86,6583,20115,11,1,8,5,2,1,4,2,2,3,3,4,4,3,3,No,25-34,"5-7 Years","6-10 Years",Upper-Middle,"6-10 Miles"
1915,34,Female,Married,1,Medical,Sales,"Sales Executive",2,Travel_Rarely,Yes,3,735,75,8103,16495,12,0,9,4,2,0,1,3,3,4,2,4,3,2,3,No,25-34,"2-4 Years","6-10 Years",Upper-Middle,"0-5 Miles"
1916,31,Female,Divorced,3,Medical,"Research & Development","Laboratory Technician",1,Travel_Rarely,No,4,471,62,3978,16031,12,1,4,2,2,2,2,8,0,1,4,3,2,2,3,No,25-34,"2-4 Years","3-5 Years",Lower-Middle,"0-5 Miles"
1918,26,Male,Married,3,Other,"Research & Development","Laboratory Technician",1,Travel_Frequently,No,6,1096,61,2544,7102,18,1,8,7,7,7,7,0,3,3,4,4,1,3,3,No,25-34,"5-7 Years","6-10 Years",Low,"6-10 Miles"
1922,45,Male,Single,4,Medical,"Research & Development","Healthcare Representative",2,Travel_Frequently,No,1,1297,44,5399,14511,12,0,12,4,2,0,3,4,3,2,3,3,3,3,3,No,45-54,"2-4 Years","11-20 Years",Lower-Middle,"0-5 Miles"
1924,33,Male,Single,4,Marketing,Sales,"Sales Executive",2,Travel_Rarely,No,10,217,43,5487,10410,14,0,10,10,4,0,9,1,2,2,3,3,2,2,3,No,25-34,"8-10 Years","6-10 Years",Lower-Middle,"6-10 Miles"
1927,28,Male,Married,2,"Life Sciences",Sales,"Sales Executive",2,Travel_Frequently,Yes,1,783,42,6834,19255,12,1,7,7,7,0,7,1,2,3,2,4,3,3,3,No,25-34,"5-7 Years","6-10 Years",Upper-Middle,"0-5 Miles"
1928,29,Male,Single,3,"Technical Degree",Sales,"Sales Representative",1,Travel_Frequently,No,24,746,45,1091,10642,17,0,1,1,0,0,0,1,3,3,4,1,4,3,3,Yes,25-34,"<2 Years","0-2 Years",Low,"21+ Miles"
1929,39,Female,Married,4,"Life Sciences",Sales,"Sales Executive",2,Non-Travel,No,21,1251,32,5736,3987,19,1,10,3,2,1,2,6,1,1,1,3,3,3,3,No,35-44,"2-4 Years","6-10 Years",Lower-Middle,"21+ Miles"
1931,27,Male,Married,4,"Technical Degree","Research & Development","Research Scientist",1,Travel_Rarely,No,2,1354,41,2226,6073,11,1,6,5,3,1,2,1,3,2,3,2,3,2,3,No,25-34,"5-7 Years","6-10 Years",Low,"0-5 Miles"
1932,34,Male,Married,4,Other,"Research & Development","Research Scientist",2,Travel_Frequently,Yes,22,735,86,5747,26496,15,0,16,15,10,6,11,1,3,3,2,4,2,3,3,No,25-34,"11+ Years","11-20 Years",Lower-Middle,"21+ Miles"
1933,28,Female,Single,2,Marketing,Sales,"Sales Executive",2,Travel_Rarely,Yes,13,1475,84,9854,23352,11,0,6,2,0,2,2,3,0,4,3,3,4,3,3,Yes,25-34,"2-4 Years","6-10 Years",Upper-Middle,"11-20 Miles"
1934,47,Male,Married,4,"Technical Degree","Research & Development","Research Scientist",2,Non-Travel,No,14,1169,64,5467,2125,18,1,16,8,7,1,7,8,4,3,3,2,3,4,3,No,45-54,"8-10 Years","11-20 Years",Lower-Middle,"11-20 Miles"
1935,56,Female,Married,5,Marketing,Sales,"Sales Executive",2,Travel_Rarely,No,11,1443,89,5380,20328,16,1,6,0,0,0,0,4,3,4,2,1,3,3,3,No,55+,"<2 Years","6-10 Years",Lower-Middle,"11-20 Miles"
1936,39,Male,Married,2,Medical,"Research & Development","Manufacturing Director",2,Travel_Rarely,No,9,867,87,5151,12315,25,1,10,10,0,7,9,1,3,1,3,1,4,3,4,No,35-44,"8-10 Years","6-10 Years",Lower-Middle,"6-10 Miles"
1937,38,Female,Divorced,3,Medical,"Research & Development","Research Scientist",2,Travel_Frequently,Yes,8,1394,58,2133,18115,16,1,20,20,11,0,7,1,3,4,2,2,3,3,3,No,35-44,"11+ Years","11-20 Years",Low,"6-10 Miles"
1938,58,Female,Married,3,"Life Sciences",Sales,Manager,4,Travel_Rarely,Yes,21,605,72,17875,11761,13,1,29,1,0,0,0,4,2,4,3,4,3,2,3,No,55+,"<2 Years","21+ Years",High,"21+ Miles"
1939,32,Female,Single,2,"Life Sciences","Research & Development","Research Scientist",1,Travel_Frequently,Yes,5,238,47,2432,15318,14,0,8,4,1,0,3,3,2,1,4,3,1,3,3,Yes,25-34,"2-4 Years","6-10 Years",Low,"0-5 Miles"
1940,38,Male,Divorced,2,"Life Sciences","Research & Development","Research Scientist",1,Travel_Rarely,No,9,1206,71,4771,14293,19,2,10,5,2,0,3,2,0,2,3,4,4,4,3,No,35-44,"5-7 Years","6-10 Years",Lower-Middle,"6-10 Miles"
1941,49,Male,Married,1,"Life Sciences","Research & Development","Research Director",5,Travel_Frequently,No,2,1064,42,19161,13738,15,0,28,5,4,4,3,3,3,2,3,4,4,3,3,No,45-54,"5-7 Years","21+ Years",High,"0-5 Miles"
1943,42,Male,Divorced,4,Marketing,Sales,"Sales Executive",2,Travel_Rarely,Yes,12,419,77,5087,2900,12,2,14,0,0,0,0,3,4,2,3,4,3,3,3,No,35-44,"<2 Years","11-20 Years",Lower-Middle,"11-20 Miles"
1944,27,Female,Married,3,"Human Resources","Human Resources","Human Resources",1,Travel_Frequently,No,22,1337,58,2863,19555,12,0,1,1,0,0,0,1,2,1,2,2,1,3,3,Yes,25-34,"<2 Years","0-2 Years",Low,"21+ Miles"
1945,35,Male,Married,4,Medical,Sales,"Sales Executive",2,Travel_Rarely,No,18,682,71,5561,15975,16,1,6,5,3,0,4,0,2,2,3,1,4,1,3,No,35-44,"5-7 Years","6-10 Years",Lower-Middle,"11-20 Miles"
1947,28,Male,Single,3,Medical,"Research & Development","Research Scientist",1,Non-Travel,No,16,1103,49,2144,2122,14,0,5,5,3,1,4,1,3,3,3,3,3,2,3,No,25-34,"5-7 Years","3-5 Years",Low,"11-20 Miles"
1948,31,Male,Divorced,2,Medical,"Research & Development","Research Scientist",1,Non-Travel,Yes,3,976,48,3065,3995,13,1,4,4,2,2,3,1,3,3,3,1,4,4,3,No,25-34,"2-4 Years","3-5 Years",Lower-Middle,"0-5 Miles"
1949,36,Male,Married,4,"Life Sciences","Research & Development","Laboratory Technician",1,Non-Travel,No,9,1351,66,2810,9238,22,0,5,5,4,0,2,1,3,1,4,2,2,3,4,No,35-44,"5-7 Years","3-5 Years",Low,"6-10 Miles"
1950,34,Male,Single,3,Marketing,Sales,"Sales Executive",3,Travel_Rarely,No,1,937,32,9888,6770,21,0,14,14,8,2,1,1,3,1,3,4,1,2,4,No,25-34,"11+ Years","11-20 Years",Upper-Middle,"0-5 Miles"
1951,34,Male,Divorced,4,Medical,Sales,"Sales Executive",3,Travel_Rarely,No,13,1239,39,8628,22914,18,1,9,8,7,1,1,1,2,4,3,3,3,2,3,No,25-34,"8-10 Years","6-10 Years",Upper-Middle,"11-20 Miles"
1952,26,Male,Single,3,Medical,"Research & Development","Laboratory Technician",1,Travel_Rarely,No,1,157,95,2867,20006,13,0,8,7,7,7,6,0,6,3,3,1,4,2,3,No,25-34,"5-7 Years","6-10 Years",Low,"0-5 Miles"
1954,29,Male,Married,3,"Life Sciences","Research & Development","Healthcare Representative",2,Travel_Rarely,No,1,136,89,5373,6225,12,1,6,5,3,0,2,0,5,1,3,1,1,2,3,No,25-34,"5-7 Years","6-10 Years",Lower-Middle,"0-5 Miles"
1955,32,Female,Divorced,4,Medical,"Research & Development","Healthcare Representative",2,Non-Travel,No,15,1146,34,6667,16542,18,1,9,5,1,1,2,5,6,3,3,4,2,3,3,No,25-34,"5-7 Years","6-10 Years",Upper-Middle,"11-20 Miles"
1956,31,Male,Married,3,"Life Sciences","Research & Development","Research Scientist",2,Travel_Frequently,No,1,1125,48,5003,5771,21,0,10,10,8,8,7,1,6,4,1,1,2,3,4,No,25-34,"8-10 Years","6-10 Years",Lower-Middle,"0-5 Miles"
1960,28,Male,Divorced,3,"Technical Degree","Research & Development","Laboratory Technician",1,Travel_Rarely,No,17,1404,32,2367,18779,12,1,6,4,1,0,3,5,2,3,2,4,1,2,3,Yes,25-34,"2-4 Years","6-10 Years",Low,"11-20 Miles"
1961,38,Male,Single,3,"Life Sciences",Sales,"Sales Representative",1,Travel_Rarely,No,1,1404,59,2858,11473,14,0,20,1,0,0,0,4,3,1,2,1,1,2,3,No,35-44,"<2 Years","11-20 Years",Low,"0-5 Miles"
1962,35,Female,Married,4,"Life Sciences",Sales,"Sales Executive",2,Travel_Rarely,Yes,7,1224,55,5204,13586,11,0,10,10,8,0,9,1,2,3,3,4,4,3,3,No,35-44,"8-10 Years","6-10 Years",Lower-Middle,"6-10 Miles"
1965,27,Male,Single,3,Marketing,Sales,"Sales Executive",2,Travel_Rarely,No,9,954,44,4105,5099,14,0,7,7,7,0,7,1,5,4,3,4,1,3,3,No,25-34,"5-7 Years","6-10 Years",Lower-Middle,"6-10 Miles"
1966,32,Male,Single,4,"Life Sciences","Research & Development","Manufacturing Director",2,Travel_Rarely,No,5,1373,56,9679,10138,24,0,8,1,0,0,0,8,1,4,2,4,2,3,4,No,25-34,"<2 Years","6-10 Years",Upper-Middle,"0-5 Miles"
1967,31,Male,Married,4,Marketing,Sales,"Sales Executive",2,Travel_Frequently,Yes,26,754,63,5617,21075,11,0,10,10,7,0,8,1,4,1,3,4,3,3,3,Yes,25-34,"8-10 Years","6-10 Years",Lower-Middle,"21+ Miles"
1968,53,Male,Single,4,"Life Sciences",Sales,"Sales Executive",3,Travel_Rarely,Yes,24,1168,66,10448,5843,13,0,15,2,2,2,2,6,2,1,3,1,2,2,3,Yes,45-54,"2-4 Years","11-20 Years",High,"21+ Miles"
1969,54,Female,Married,2,"Life Sciences","Research & Development","Research Scientist",2,Travel_Rarely,No,9,155,67,2897,22474,11,2,9,4,3,2,3,3,6,1,3,3,3,2,3,No,45-54,"2-4 Years","6-10 Years",Low,"6-10 Miles"
1970,33,Male,Divorced,2,"Life Sciences","Research & Development","Healthcare Representative",2,Travel_Frequently,No,7,1303,36,5968,18079,20,3,9,9,7,2,8,1,2,4,3,3,3,3,4,No,25-34,"8-10 Years","6-10 Years",Lower-Middle,"6-10 Miles"
1971,43,Male,Married,3,"Life Sciences","Research & Development","Healthcare Representative",3,Travel_Rarely,No,11,574,30,7510,16873,17,1,10,10,9,0,9,1,1,1,3,3,2,3,3,No,35-44,"8-10 Years","6-10 Years",Upper-Middle,"11-20 Miles"
1972,38,Male,Married,4,Other,"Human Resources","Human Resources",1,Travel_Frequently,Yes,1,1444,88,2991,5224,11,1,7,6,2,1,2,0,2,4,3,2,2,3,3,No,35-44,"5-7 Years","6-10 Years",Low,"0-5 Miles"
1973,55,Male,Married,4,"Human Resources","Human Resources",Manager,5,Travel_Rarely,Yes,26,189,71,19636,25811,18,1,35,10,9,1,4,4,0,3,4,2,1,3,3,No,55+,"8-10 Years","21+ Years",High,"21+ Miles"
1974,31,Female,Divorced,1,Medical,"Research & Development","Laboratory Technician",1,Travel_Rarely,Yes,2,1276,59,1129,17536,11,3,1,1,0,0,0,1,4,4,1,4,3,3,3,No,25-34,"<2 Years","0-2 Years",Low,"0-5 Miles"
1975,39,Male,Single,4,Marketing,Sales,"Sales Executive",4,Travel_Rarely,No,15,119,77,13341,25098,12,0,21,20,8,11,10,0,3,2,3,1,1,3,3,No,35-44,"11+ Years","21+ Years",High,"11-20 Miles"
1976,42,Male,Single,2,"Life Sciences","Research & Development","Research Scientist",2,Non-Travel,No,23,335,37,4332,14811,12,0,20,20,9,3,7,1,2,4,2,3,4,3,3,No,35-44,"11+ Years","11-20 Years",Lower-Middle,"21+ Miles"
1979,31,Female,Married,3,Medical,"Research & Development","Research Director",3,Non-Travel,No,10,697,40,11031,26862,20,1,13,11,7,4,8,4,2,3,3,3,3,4,4,No,25-34,"11+ Years","11-20 Years",High,"6-10 Miles"
1980,54,Female,Single,3,Medical,"Research & Development","Manufacturing Director",2,Travel_Rarely,Yes,10,157,77,4440,25198,19,0,9,5,2,1,4,6,3,3,3,1,4,3,3,No,45-54,"5-7 Years","6-10 Years",Lower-Middle,"6-10 Miles"
1981,24,Male,Single,2,"Life Sciences","Research & Development","Healthcare Representative",2,Travel_Rarely,No,1,771,45,4617,14120,12,0,4,4,3,1,2,1,2,2,2,3,2,2,3,No,"Under 25","2-4 Years","3-5 Years",Lower-Middle,"0-5 Miles"
1982,23,Male,Single,2,Other,"Research & Development","Laboratory Technician",1,Travel_Rarely,No,12,571,78,2647,13672,13,0,5,5,2,1,4,1,6,4,3,4,3,4,3,No,"Under 25","5-7 Years","3-5 Years",Low,"11-20 Miles"
1985,40,Female,Married,3,"Technical Degree","Research & Development","Laboratory Technician",2,Travel_Frequently,No,11,692,73,6323,26849,11,1,10,10,9,9,4,1,2,4,3,3,1,4,3,No,35-44,"8-10 Years","6-10 Years",Upper-Middle,"11-20 Miles"
1986,40,Female,Married,2,Marketing,Sales,"Sales Executive",2,Travel_Rarely,No,2,444,92,5677,4258,14,1,15,11,8,5,10,3,4,2,3,2,3,3,3,No,35-44,"11+ Years","11-20 Years",Lower-Middle,"0-5 Miles"
1987,25,Female,Married,3,"Human Resources","Human Resources","Human Resources",1,Travel_Rarely,No,2,309,82,2187,19655,14,0,6,2,0,1,2,4,3,3,3,2,3,3,3,No,25-34,"2-4 Years","6-10 Years",Low,"0-5 Miles"
1989,30,Male,Married,2,Medical,"Research & Development","Laboratory Technician",1,Travel_Rarely,No,1,911,76,3748,4077,13,0,12,12,8,1,7,1,6,4,3,2,3,2,3,No,25-34,"11+ Years","11-20 Years",Lower-Middle,"0-5 Miles"
1992,25,Male,Divorced,1,Other,"Research & Development","Laboratory Technician",1,Travel_Rarely,Yes,2,977,57,3977,7298,19,1,7,2,2,0,2,6,2,4,3,3,3,2,3,No,25-34,"2-4 Years","6-10 Years",Lower-Middle,"0-5 Miles"
1993,47,Male,Single,3,Medical,"Research & Development","Healthcare Representative",3,Travel_Rarely,No,25,1180,84,8633,13084,23,0,25,17,14,12,11,2,3,1,3,3,2,3,4,No,45-54,"11+ Years","21+ Years",Upper-Middle,"21+ Miles"
1994,33,Male,Divorced,2,Medical,"Research & Development","Laboratory Technician",1,Non-Travel,No,1,1313,59,2008,20439,12,3,1,1,1,0,0,1,2,2,2,3,3,2,3,No,25-34,"<2 Years","0-2 Years",Low,"0-5 Miles"
1995,38,Male,Married,4,"Life Sciences",Sales,"Sales Executive",2,Travel_Rarely,No,1,1321,86,4440,7636,15,2,16,15,13,5,8,0,3,4,3,2,1,3,3,No,35-44,"11+ Years","11-20 Years",Lower-Middle,"0-5 Miles"
1996,31,Male,Married,2,"Life Sciences",Sales,"Sales Representative",1,Travel_Rarely,No,2,1154,54,3067,6393,19,1,3,2,2,1,2,0,1,1,3,3,3,3,3,No,25-34,"2-4 Years","3-5 Years",Lower-Middle,"0-5 Miles"
1997,38,Male,Married,4,"Life Sciences","Research & Development","Manufacturing Director",2,Travel_Frequently,No,6,508,72,5321,14284,11,1,10,8,3,7,7,2,1,1,2,3,4,3,3,No,35-44,"8-10 Years","6-10 Years",Lower-Middle,"6-10 Miles"
1998,42,Male,Divorced,4,"Life Sciences","Research & Development","Research Scientist",2,Travel_Rarely,Yes,18,557,35,5410,11189,17,1,9,4,3,1,2,6,3,4,3,1,3,2,3,No,35-44,"2-4 Years","6-10 Years",Lower-Middle,"11-20 Miles"
1999,41,Male,Married,3,"Life Sciences","Research & Development","Research Scientist",1,Travel_Rarely,No,1,642,76,2782,21412,22,1,12,5,3,1,0,3,3,4,3,4,1,3,4,No,35-44,"5-7 Years","11-20 Years",Low,"0-5 Miles"
2000,47,Female,Married,1,Medical,"Research & Development","Research Director",3,Non-Travel,No,1,1162,98,11957,17231,18,2,14,13,8,5,12,0,3,3,3,2,1,1,3,No,45-54,"11+ Years","11-20 Years",High,"0-5 Miles"
2003,35,Male,Married,4,Medical,"Research & Development","Laboratory Technician",1,Travel_Rarely,Yes,11,1490,43,2660,20232,11,1,5,2,2,2,2,7,3,4,3,3,3,3,3,No,35-44,"2-4 Years","3-5 Years",Low,"11-20 Miles"
2007,22,Male,Single,2,"Life Sciences","Research & Development","Research Scientist",1,Travel_Rarely,No,1,581,63,3375,17624,12,0,4,3,2,1,2,0,2,4,3,3,4,4,3,No,"Under 25","2-4 Years","3-5 Years",Lower-Middle,"0-5 Miles"
2008,35,Male,Single,4,Medical,"Research & Development","Research Scientist",2,Travel_Rarely,No,9,1395,48,5098,18698,19,0,10,10,7,0,8,1,5,2,3,3,2,3,3,No,35-44,"8-10 Years","6-10 Years",Lower-Middle,"6-10 Miles"
2009,33,Female,Married,2,Medical,"Research & Development","Healthcare Representative",2,Travel_Rarely,Yes,15,501,95,4878,21653,13,1,10,9,7,8,1,0,6,2,3,4,1,3,3,No,25-34,"8-10 Years","6-10 Years",Lower-Middle,"11-20 Miles"
2010,32,Female,Single,4,"Life Sciences","Research & Development","Laboratory Technician",1,Travel_Rarely,No,29,267,49,2837,15919,13,0,6,6,2,4,1,1,3,3,2,2,3,3,3,No,25-34,"5-7 Years","6-10 Years",Low,"21+ Miles"
2012,40,Male,Married,4,"Life Sciences","Research & Development","Laboratory Technician",1,Travel_Rarely,No,1,543,83,2406,4060,19,2,8,1,0,0,0,8,3,1,3,4,3,2,3,No,35-44,"<2 Years","6-10 Years",Low,"0-5 Miles"
2013,32,Male,Married,4,Medical,Sales,"Sales Representative",1,Travel_Rarely,No,1,234,68,2269,18024,14,1,3,2,2,2,2,0,2,2,2,2,2,3,3,No,25-34,"2-4 Years","3-5 Years",Low,"0-5 Miles"
2014,39,Male,Single,1,"Life Sciences","Research & Development","Research Scientist",2,Travel_Rarely,No,24,116,52,4108,5340,13,0,18,7,7,1,7,7,2,1,3,4,1,3,3,No,35-44,"5-7 Years","11-20 Years",Lower-Middle,"21+ Miles"
2015,38,Female,Married,3,Medical,"Research & Development","Research Director",3,Travel_Rarely,No,10,201,99,13206,3376,12,1,20,18,16,1,11,3,3,2,1,3,1,3,3,No,35-44,"11+ Years","11-20 Years",High,"6-10 Miles"
2016,32,Female,Married,4,Marketing,Sales,"Sales Executive",3,Travel_Rarely,No,1,801,48,10422,24032,19,2,14,14,10,5,7,1,3,3,3,4,3,3,3,No,25-34,"11+ Years","11-20 Years",High,"0-5 Miles"
2017,37,Female,Married,3,"Life Sciences","Research & Development","Research Director",3,Travel_Rarely,Yes,10,161,42,13744,15471,25,1,16,16,11,6,8,1,2,3,4,4,1,3,4,No,35-44,"11+ Years","11-20 Years",High,"6-10 Miles"
2018,25,Female,Divorced,2,Other,Sales,"Sales Executive",2,Travel_Rarely,Yes,8,1382,85,4907,13684,22,1,6,5,3,0,4,0,3,1,3,3,2,2,4,No,25-34,"5-7 Years","6-10 Years",Lower-Middle,"6-10 Miles"
2019,52,Male,Divorced,4,"Life Sciences",Sales,"Sales Representative",1,Non-Travel,No,29,585,40,3482,19788,15,2,16,9,8,0,0,2,3,1,3,4,2,2,3,No,45-54,"8-10 Years","11-20 Years",Lower-Middle,"21+ Miles"
2020,44,Male,Single,3,Medical,"Research & Development","Research Scientist",1,Travel_Rarely,Yes,1,1037,42,2436,13422,12,0,6,4,3,1,2,6,2,2,3,4,3,3,3,No,35-44,"2-4 Years","6-10 Years",Low,"0-5 Miles"
2021,21,Male,Single,1,Medical,Sales,"Sales Representative",1,Travel_Rarely,Yes,5,501,58,2380,25479,11,0,2,2,2,1,2,1,6,3,3,1,4,3,3,No,"Under 25","2-4 Years","0-2 Years",Low,"0-5 Miles"
2022,39,Male,Single,3,"Life Sciences","Research & Development",Manager,5,Non-Travel,No,9,105,87,19431,15302,13,0,21,6,0,1,3,2,3,4,3,4,3,2,3,No,35-44,"5-7 Years","21+ Years",High,"6-10 Miles"
2023,23,Male,Married,3,Marketing,Sales,"Sales Representative",1,Travel_Frequently,No,9,638,33,1790,26956,19,1,1,1,0,1,0,1,3,4,3,1,1,2,3,Yes,"Under 25","<2 Years","0-2 Years",Low,"6-10 Miles"
2024,36,Female,Married,3,Medical,Sales,"Sales Executive",3,Travel_Rarely,No,3,557,94,7644,12695,19,2,10,9,7,3,4,0,2,1,2,4,3,3,3,No,35-44,"8-10 Years","6-10 Years",Upper-Middle,"0-5 Miles"
2025,36,Female,Divorced,2,"Life Sciences","Research & Development","Manufacturing Director",2,Travel_Frequently,No,4,688,97,5131,9192,13,3,18,4,2,0,2,7,3,4,3,2,2,3,3,No,35-44,"2-4 Years","11-20 Years",Lower-Middle,"0-5 Miles"
2026,56,Male,Divorced,4,"Life Sciences","Research & Development","Healthcare Representative",2,Non-Travel,No,1,667,57,6306,26236,21,1,13,13,12,1,9,1,2,3,3,3,1,2,4,No,55+,"11+ Years","11-20 Years",Upper-Middle,"0-5 Miles"
2027,29,Male,Married,4,Medical,"Research & Development","Research Scientist",1,Travel_Rarely,Yes,1,1092,36,4787,26124,14,3,4,2,2,2,2,9,3,1,3,4,2,4,3,Yes,25-34,"2-4 Years","3-5 Years",Lower-Middle,"0-5 Miles"
2031,42,Male,Married,3,"Life Sciences","Research & Development",Manager,5,Travel_Rarely,No,2,300,56,18880,17312,11,0,24,22,6,4,14,5,2,1,3,3,1,2,3,No,35-44,"11+ Years","21+ Years",High,"0-5 Miles"
2032,56,Male,Married,2,"Technical Degree","Research & Development","Laboratory Technician",1,Travel_Rarely,No,7,310,72,2339,3666,11,1,14,10,9,9,8,8,4,4,3,3,4,1,3,Yes,55+,"8-10 Years","11-20 Years",Low,"6-10 Miles"
2034,41,Female,Married,4,"Life Sciences","Research & Development","Manufacturing Director",4,Travel_Rarely,No,28,582,60,13570,5640,23,1,21,20,7,0,10,0,3,1,2,2,3,3,4,No,35-44,"11+ Years","21+ Years",High,"21+ Miles"
2035,34,Female,Married,3,Marketing,Sales,"Sales Executive",2,Travel_Rarely,No,28,704,95,6712,8978,21,2,8,8,7,1,7,1,2,4,2,3,4,3,4,No,25-34,"8-10 Years","6-10 Years",Upper-Middle,"21+ Miles"
2036,36,Male,Divorced,4,Marketing,Sales,"Sales Executive",2,Non-Travel,No,15,301,88,5406,10436,24,1,15,15,12,11,11,1,4,4,1,4,1,2,4,No,35-44,"11+ Years","11-20 Years",Lower-Middle,"11-20 Miles"
2037,41,Male,Divorced,3,"Life Sciences",Sales,"Sales Executive",2,Travel_Rarely,No,3,930,57,8938,12227,11,1,14,5,4,0,4,2,5,3,2,2,3,3,3,No,35-44,"5-7 Years","11-20 Years",Upper-Middle,"0-5 Miles"
2038,32,Male,Single,3,"Technical Degree","Research & Development","Research Scientist",1,Travel_Rarely,No,2,529,78,2439,11288,14,0,4,4,2,1,2,1,4,4,3,1,4,3,3,No,25-34,"2-4 Years","3-5 Years",Low,"0-5 Miles"
2040,35,Female,Single,4,"Life Sciences","Human Resources","Human Resources",3,Travel_Rarely,Yes,26,1146,31,8837,16642,16,0,9,9,0,1,7,1,2,3,3,4,3,3,3,No,35-44,"8-10 Years","6-10 Years",Upper-Middle,"21+ Miles"
2041,38,Female,Married,2,"Life Sciences",Sales,"Sales Executive",2,Travel_Rarely,No,10,345,100,5343,5982,11,1,10,10,7,1,9,1,1,1,3,4,3,3,3,No,35-44,"8-10 Years","6-10 Years",Lower-Middle,"6-10 Miles"
2044,50,Male,Divorced,4,"Life Sciences",Sales,"Sales Executive",2,Travel_Frequently,No,1,878,94,6728,14255,12,2,12,6,3,0,1,7,3,2,3,3,4,3,3,Yes,45-54,"5-7 Years","11-20 Years",Upper-Middle,"0-5 Miles"
2045,36,Female,Married,4,Marketing,Sales,"Sales Executive",2,Travel_Rarely,No,11,1120,100,6652,14369,13,1,8,6,3,0,0,4,2,2,2,4,1,2,3,No,35-44,"5-7 Years","6-10 Years",Upper-Middle,"11-20 Miles"
2046,45,Female,Single,3,"Life Sciences",Sales,"Sales Executive",2,Travel_Rarely,No,20,374,50,4850,23333,15,0,8,5,3,0,1,8,3,4,3,3,3,3,3,No,45-54,"5-7 Years","6-10 Years",Lower-Middle,"11-20 Miles"
2048,40,Male,Single,4,"Life Sciences","Research & Development","Research Scientist",1,Travel_Rarely,No,2,1322,52,2809,2725,14,0,8,2,2,2,2,2,2,3,2,3,4,3,3,No,35-44,"2-4 Years","6-10 Years",Low,"0-5 Miles"
2049,35,Male,Married,4,"Life Sciences","Research & Development","Healthcare Representative",2,Travel_Frequently,Yes,18,1199,80,5689,24594,14,2,10,10,2,0,2,1,2,3,3,3,4,4,3,No,35-44,"8-10 Years","6-10 Years",Lower-Middle,"11-20 Miles"
2051,40,Female,Married,4,Medical,"Research & Development","Research Scientist",1,Travel_Rarely,No,2,1194,98,2001,12549,14,3,20,5,3,0,2,2,2,3,3,3,2,3,3,No,35-44,"5-7 Years","11-20 Years",Low,"0-5 Miles"
2052,35,Female,Married,4,"Life Sciences","Research & Development","Research Scientist",1,Travel_Rarely,No,1,287,62,2977,8952,12,1,4,4,3,1,1,1,5,3,1,4,4,3,3,No,35-44,"2-4 Years","3-5 Years",Low,"0-5 Miles"
2053,29,Male,Married,2,Other,"Research & Development","Laboratory Technician",2,Travel_Rarely,Yes,13,1378,46,4025,23679,13,1,10,4,3,0,3,4,2,4,2,2,1,3,3,No,25-34,"2-4 Years","6-10 Years",Lower-Middle,"11-20 Miles"
2054,29,Female,Single,4,Medical,"Research & Development","Research Scientist",1,Travel_Rarely,No,28,468,73,3785,8489,14,0,5,5,4,0,4,1,3,4,2,1,2,1,3,No,25-34,"5-7 Years","3-5 Years",Lower-Middle,"21+ Miles"
2055,50,Male,Divorced,3,Marketing,Sales,"Sales Executive",3,Travel_Rarely,Yes,28,410,39,10854,16586,13,1,20,3,2,2,0,4,3,4,2,1,2,3,3,Yes,45-54,"2-4 Years","11-20 Years",High,"21+ Miles"
2056,39,Female,Married,1,Marketing,Sales,"Sales Executive",4,Travel_Rarely,No,24,722,60,12031,8828,11,1,21,20,9,9,6,0,2,2,2,4,1,2,3,No,35-44,"11+ Years","21+ Years",High,"21+ Miles"
2057,31,Male,Single,3,Medical,"Research & Development","Manufacturing Director",2,Non-Travel,No,5,325,74,9936,3787,19,0,10,9,4,1,7,0,2,2,3,1,2,3,3,No,25-34,"8-10 Years","6-10 Years",Upper-Middle,"0-5 Miles"
2060,26,Female,Single,3,Other,Sales,"Sales Representative",1,Travel_Rarely,No,5,1167,30,2966,21378,18,0,5,4,2,0,0,0,2,4,2,3,4,3,3,No,25-34,"2-4 Years","3-5 Years",Low,"0-5 Miles"
2061,36,Male,Married,2,Medical,"Research & Development","Laboratory Technician",2,Travel_Frequently,No,23,884,41,2571,12290,17,1,17,5,2,0,3,4,3,3,4,4,3,3,3,No,35-44,"5-7 Years","11-20 Years",Low,"21+ Miles"
2062,39,Male,Married,1,Medical,"Research & Development","Healthcare Representative",3,Travel_Rarely,No,6,613,42,9991,21457,15,1,9,7,7,1,7,4,5,4,2,1,1,3,3,No,35-44,"5-7 Years","6-10 Years",Upper-Middle,"6-10 Miles"
2064,27,Male,Married,3,"Life Sciences","Research & Development","Manufacturing Director",2,Travel_Rarely,Yes,4,155,87,6142,5174,20,1,6,6,2,0,3,1,0,2,4,2,2,3,4,No,25-34,"5-7 Years","6-10 Years",Upper-Middle,"0-5 Miles"
2065,49,Male,Married,3,Medical,Sales,"Sales Executive",2,Travel_Frequently,No,2,1023,63,5390,13243,14,0,17,9,6,0,8,2,3,4,2,2,4,2,3,No,45-54,"8-10 Years","11-20 Years",Lower-Middle,"0-5 Miles"
2068,34,Male,Married,3,Medical,"Research & Development","Laboratory Technician",2,Travel_Rarely,No,8,628,82,4404,10228,12,0,6,4,3,1,2,2,3,2,4,3,1,4,3,No,25-34,"2-4 Years","6-10 Years",Lower-Middle,"6-10 Miles"
